{
    "model_name": "rtdetr-x",
    "MAE": 3.876923076923077,
    "MAPE": 5.987855945503041,
    "RMSE": 5.828312857871544,
    "pred": [
        52,
        46,
        18,
        13,
        20,
        34,
        30,
        66,
        143,
        274,
        111,
        62,
        92,
        49,
        83,
        98,
        104,
        79,
        108,
        98,
        88,
        165,
        165,
        79,
        117,
        60,
        31,
        17,
        34,
        76,
        99,
        96,
        119,
        119,
        100,
        94,
        98,
        96,
        119,
        118,
        122,
        125,
        126,
        50,
        59,
        67,
        124,
        76,
        47,
        66,
        44,
        83,
        22,
        32,
        73,
        51,
        28,
        35,
        27,
        40,
        69,
        73,
        31,
        31,
        43,
        26,
        83,
        28,
        53,
        125,
        185,
        96,
        57,
        96,
        103,
        104,
        99,
        134,
        47,
        48,
        80,
        86,
        226,
        80,
        57,
        64,
        49,
        66,
        45,
        76,
        7,
        36,
        31,
        51,
        30,
        53,
        34,
        96,
        47,
        82,
        50,
        75,
        98,
        45,
        53,
        54,
        149,
        185,
        127,
        77,
        59,
        100,
        45,
        18,
        23,
        51,
        48,
        83,
        39,
        76,
        46,
        121,
        243,
        57,
        244,
        29,
        78,
        81,
        100,
        73
    ],
    "real": [
        47,
        43,
        17,
        12,
        18,
        32,
        21,
        62,
        147,
        290,
        115,
        60,
        92,
        52,
        71,
        97,
        100,
        83,
        106,
        95,
        83,
        167,
        167,
        75,
        111,
        64,
        30,
        18,
        35,
        64,
        99,
        96,
        113,
        121,
        93,
        91,
        93,
        96,
        120,
        123,
        122,
        127,
        125,
        49,
        56,
        58,
        124,
        75,
        44,
        61,
        40,
        73,
        19,
        29,
        71,
        48,
        26,
        32,
        32,
        37,
        65,
        69,
        30,
        30,
        41,
        26,
        79,
        26,
        49,
        117,
        185,
        95,
        57,
        95,
        100,
        102,
        102,
        136,
        43,
        49,
        76,
        83,
        240,
        76,
        58,
        58,
        47,
        61,
        47,
        72,
        18,
        35,
        31,
        55,
        38,
        51,
        36,
        98,
        48,
        84,
        46,
        76,
        96,
        46,
        54,
        58,
        173,
        202,
        131,
        74,
        56,
        110,
        43,
        16,
        23,
        48,
        50,
        81,
        39,
        68,
        46,
        119,
        268,
        54,
        263,
        29,
        77,
        70,
        92,
        68
    ],
    "save_path": "..\\..\\results\\params_comparison/run_2/train/rtdetr-x_0.5g_0.5r_0.5c_alls.json",
    "args": {
        "model_name": "rtdetr-x",
        "grid_scale": 0.5,
        "confiance": 0.5,
        "resize_scale": 0.5,
        "images_path": "..\\..\\data\\datasets\\full_yolo\\train_valid\\images",
        "annotations_path": "..\\..\\data\\datasets\\full_yolo\\train_valid\\labels",
        "random_seed": 1010,
        "data_augmentation": true,
        "samples": "all",
        "show_image": false,
        "verbose": false,
        "save_path": "..\\..\\results\\params_comparison/run_2/train"
    }
}