{
    "model_name": "rtdetr-l",
    "MAE": 3.9692307692307693,
    "MAPE": 6.08737053321539,
    "RMSE": 6.274490478854101,
    "pred": [
        46,
        43,
        16,
        11,
        16,
        33,
        24,
        62,
        136,
        285,
        106,
        57,
        89,
        36,
        65,
        91,
        101,
        79,
        98,
        92,
        85,
        168,
        168,
        71,
        111,
        62,
        30,
        19,
        32,
        74,
        101,
        97,
        114,
        128,
        96,
        94,
        95,
        96,
        126,
        121,
        118,
        125,
        131,
        48,
        59,
        68,
        114,
        74,
        44,
        61,
        41,
        79,
        20,
        33,
        71,
        47,
        25,
        31,
        32,
        31,
        58,
        70,
        29,
        33,
        41,
        25,
        77,
        26,
        45,
        116,
        174,
        85,
        52,
        94,
        94,
        99,
        95,
        137,
        43,
        50,
        76,
        79,
        233,
        75,
        54,
        58,
        44,
        61,
        44,
        75,
        2,
        38,
        31,
        48,
        21,
        50,
        33,
        97,
        49,
        78,
        45,
        74,
        91,
        44,
        49,
        51,
        145,
        189,
        109,
        73,
        57,
        91,
        45,
        19,
        19,
        49,
        50,
        89,
        39,
        74,
        43,
        122,
        254,
        54,
        244,
        25,
        78,
        69,
        92,
        71
    ],
    "real": [
        47,
        43,
        17,
        12,
        18,
        32,
        21,
        62,
        147,
        290,
        115,
        60,
        92,
        52,
        71,
        97,
        100,
        83,
        106,
        95,
        83,
        167,
        167,
        75,
        111,
        64,
        30,
        18,
        35,
        64,
        99,
        96,
        113,
        121,
        93,
        91,
        93,
        96,
        120,
        123,
        122,
        127,
        125,
        49,
        56,
        58,
        124,
        75,
        44,
        61,
        40,
        73,
        19,
        29,
        71,
        48,
        26,
        32,
        32,
        37,
        65,
        69,
        30,
        30,
        41,
        26,
        79,
        26,
        49,
        117,
        185,
        95,
        57,
        95,
        100,
        102,
        102,
        136,
        43,
        49,
        76,
        83,
        240,
        76,
        58,
        58,
        47,
        61,
        47,
        72,
        18,
        35,
        31,
        55,
        38,
        51,
        36,
        98,
        48,
        84,
        46,
        76,
        96,
        46,
        54,
        58,
        173,
        202,
        131,
        74,
        56,
        110,
        43,
        16,
        23,
        48,
        50,
        81,
        39,
        68,
        46,
        119,
        268,
        54,
        263,
        29,
        77,
        70,
        92,
        68
    ],
    "save_path": "..\\..\\results\\params_comparison/run_2/train/rtdetr-l_0.2g_0.5r_0.7c_alls.json",
    "args": {
        "model_name": "rtdetr-l",
        "grid_scale": 0.2,
        "confiance": 0.7,
        "resize_scale": 0.5,
        "images_path": "..\\..\\data\\datasets\\full_yolo\\train_valid\\images",
        "annotations_path": "..\\..\\data\\datasets\\full_yolo\\train_valid\\labels",
        "random_seed": 1010,
        "data_augmentation": true,
        "samples": "all",
        "show_image": false,
        "verbose": false,
        "save_path": "..\\..\\results\\params_comparison/run_2/train"
    }
}