{
    "model_name": "yolov8x",
    "MAE": 3.353846153846154,
    "MAPE": 5.352692588966641,
    "RMSE": 5.197632597191207,
    "pred": [
        47,
        45,
        18,
        14,
        18,
        37,
        26,
        60,
        151,
        313,
        113,
        60,
        88,
        49,
        73,
        99,
        106,
        89,
        109,
        98,
        81,
        170,
        166,
        79,
        113,
        59,
        29,
        17,
        36,
        74,
        100,
        98,
        115,
        122,
        99,
        95,
        96,
        97,
        121,
        120,
        125,
        127,
        130,
        52,
        61,
        63,
        131,
        77,
        46,
        63,
        41,
        78,
        21,
        30,
        72,
        52,
        27,
        32,
        26,
        38,
        61,
        70,
        32,
        30,
        45,
        26,
        84,
        29,
        51,
        133,
        173,
        81,
        56,
        95,
        99,
        105,
        102,
        137,
        45,
        54,
        75,
        83,
        249,
        77,
        53,
        60,
        47,
        62,
        47,
        74,
        5,
        35,
        32,
        47,
        25,
        51,
        34,
        95,
        43,
        81,
        47,
        79,
        87,
        48,
        48,
        56,
        163,
        191,
        109,
        74,
        58,
        101,
        43,
        16,
        20,
        47,
        51,
        80,
        35,
        67,
        43,
        120,
        266,
        54,
        263,
        27,
        76,
        66,
        87,
        68
    ],
    "real": [
        47,
        43,
        17,
        12,
        18,
        32,
        21,
        62,
        147,
        290,
        115,
        60,
        92,
        52,
        71,
        97,
        100,
        83,
        106,
        95,
        83,
        167,
        167,
        75,
        111,
        64,
        30,
        18,
        35,
        64,
        99,
        96,
        113,
        121,
        93,
        91,
        93,
        96,
        120,
        123,
        122,
        127,
        125,
        49,
        56,
        58,
        124,
        75,
        44,
        61,
        40,
        73,
        19,
        29,
        71,
        48,
        26,
        32,
        32,
        37,
        65,
        69,
        30,
        30,
        41,
        26,
        79,
        26,
        49,
        117,
        185,
        95,
        57,
        95,
        100,
        102,
        102,
        136,
        43,
        49,
        76,
        83,
        240,
        76,
        58,
        58,
        47,
        61,
        47,
        72,
        18,
        35,
        31,
        55,
        38,
        51,
        36,
        98,
        48,
        84,
        46,
        76,
        96,
        46,
        54,
        58,
        173,
        202,
        131,
        74,
        56,
        110,
        43,
        16,
        23,
        48,
        50,
        81,
        39,
        68,
        46,
        119,
        268,
        54,
        263,
        29,
        77,
        70,
        92,
        68
    ],
    "save_path": "..\\..\\results\\params_comparison/run_2/train/yolov8x_0.3g_0.5r_0.45c_alls.json",
    "args": {
        "model_name": "yolov8x",
        "grid_scale": 0.3,
        "confiance": 0.45,
        "resize_scale": 0.5,
        "images_path": "..\\..\\data\\datasets\\full_yolo\\train_valid\\images",
        "annotations_path": "..\\..\\data\\datasets\\full_yolo\\train_valid\\labels",
        "random_seed": 1010,
        "data_augmentation": true,
        "samples": "all",
        "show_image": false,
        "verbose": false,
        "save_path": "..\\..\\results\\params_comparison/run_2/train"
    }
}