{
    "model_name": "deformable-detr",
    "MAE": 14.276923076923078,
    "MAPE": 17.184619301974752,
    "RMSE": 26.103344907973295,
    "pred": [
        46,
        43,
        20,
        12,
        14,
        33,
        27,
        57,
        172,
        320,
        108,
        66,
        103,
        146,
        177,
        134,
        132,
        120,
        111,
        119,
        115,
        208,
        210,
        95,
        167,
        71,
        34,
        14,
        33,
        75,
        98,
        99,
        109,
        122,
        94,
        86,
        122,
        88,
        129,
        129,
        143,
        137,
        125,
        51,
        58,
        64,
        125,
        64,
        42,
        56,
        42,
        73,
        18,
        32,
        70,
        43,
        26,
        28,
        32,
        32,
        42,
        71,
        28,
        27,
        37,
        29,
        92,
        19,
        46,
        161,
        267,
        116,
        71,
        123,
        91,
        135,
        109,
        130,
        38,
        43,
        68,
        108,
        275,
        90,
        72,
        60,
        39,
        71,
        51,
        74,
        3,
        31,
        30,
        65,
        51,
        64,
        39,
        118,
        49,
        90,
        50,
        69,
        123,
        57,
        60,
        59,
        209,
        194,
        253,
        81,
        55,
        118,
        44,
        15,
        23,
        56,
        48,
        105,
        33,
        70,
        44,
        123,
        349,
        70,
        368,
        23,
        82,
        86,
        104,
        66
    ],
    "real": [
        47,
        43,
        17,
        12,
        18,
        32,
        21,
        62,
        147,
        290,
        115,
        60,
        92,
        52,
        71,
        97,
        100,
        83,
        106,
        95,
        83,
        167,
        167,
        75,
        111,
        64,
        30,
        18,
        35,
        64,
        99,
        96,
        113,
        121,
        93,
        91,
        93,
        96,
        120,
        123,
        122,
        127,
        125,
        49,
        56,
        58,
        124,
        75,
        44,
        61,
        40,
        73,
        19,
        29,
        71,
        48,
        26,
        32,
        32,
        37,
        65,
        69,
        30,
        30,
        41,
        26,
        79,
        26,
        49,
        117,
        185,
        95,
        57,
        95,
        100,
        102,
        102,
        136,
        43,
        49,
        76,
        83,
        240,
        76,
        58,
        58,
        47,
        61,
        47,
        72,
        18,
        35,
        31,
        55,
        38,
        51,
        36,
        98,
        48,
        84,
        46,
        76,
        96,
        46,
        54,
        58,
        173,
        202,
        131,
        74,
        56,
        110,
        43,
        16,
        23,
        48,
        50,
        81,
        39,
        68,
        46,
        119,
        268,
        54,
        263,
        29,
        77,
        70,
        92,
        68
    ],
    "save_path": "..\\..\\results\\params_comparison/run_2/train/deformable-detr_0.3g_0.5r_0.2c_alls.json",
    "args": {
        "model_name": "deformable-detr",
        "grid_scale": 0.3,
        "confiance": 0.2,
        "resize_scale": 0.5,
        "images_path": "..\\..\\data\\datasets\\full_yolo\\train_valid\\images",
        "annotations_path": "..\\..\\data\\datasets\\full_yolo\\train_valid\\labels",
        "random_seed": 1010,
        "data_augmentation": true,
        "samples": "all",
        "show_image": false,
        "verbose": false,
        "save_path": "..\\..\\results\\params_comparison/run_2/train"
    }
}