{
    "model_name": "deformable-detr",
    "MAE": 16.853846153846153,
    "MAPE": 20.855771401245832,
    "RMSE": 22.980091718368215,
    "pred": [
        42,
        44,
        17,
        17,
        17,
        29,
        22,
        48,
        109,
        208,
        89,
        39,
        58,
        37,
        75,
        76,
        86,
        73,
        89,
        96,
        73,
        137,
        137,
        72,
        99,
        48,
        22,
        14,
        29,
        61,
        78,
        76,
        88,
        96,
        63,
        62,
        61,
        69,
        87,
        77,
        97,
        88,
        91,
        38,
        56,
        51,
        82,
        41,
        31,
        50,
        37,
        58,
        20,
        20,
        51,
        30,
        22,
        29,
        28,
        28,
        43,
        53,
        11,
        25,
        35,
        26,
        56,
        24,
        32,
        120,
        163,
        92,
        52,
        86,
        72,
        92,
        62,
        90,
        33,
        39,
        63,
        75,
        163,
        61,
        46,
        40,
        41,
        46,
        40,
        58,
        3,
        30,
        24,
        46,
        30,
        35,
        27,
        89,
        35,
        69,
        45,
        55,
        90,
        31,
        42,
        45,
        123,
        135,
        108,
        48,
        41,
        82,
        39,
        16,
        21,
        43,
        24,
        70,
        22,
        69,
        39,
        92,
        203,
        44,
        201,
        23,
        66,
        62,
        60,
        60
    ],
    "real": [
        47,
        43,
        17,
        12,
        18,
        32,
        21,
        62,
        147,
        290,
        115,
        60,
        92,
        52,
        71,
        97,
        100,
        83,
        106,
        95,
        83,
        167,
        167,
        75,
        111,
        64,
        30,
        18,
        35,
        64,
        99,
        96,
        113,
        121,
        93,
        91,
        93,
        96,
        120,
        123,
        122,
        127,
        125,
        49,
        56,
        58,
        124,
        75,
        44,
        61,
        40,
        73,
        19,
        29,
        71,
        48,
        26,
        32,
        32,
        37,
        65,
        69,
        30,
        30,
        41,
        26,
        79,
        26,
        49,
        117,
        185,
        95,
        57,
        95,
        100,
        102,
        102,
        136,
        43,
        49,
        76,
        83,
        240,
        76,
        58,
        58,
        47,
        61,
        47,
        72,
        18,
        35,
        31,
        55,
        38,
        51,
        36,
        98,
        48,
        84,
        46,
        76,
        96,
        46,
        54,
        58,
        173,
        202,
        131,
        74,
        56,
        110,
        43,
        16,
        23,
        48,
        50,
        81,
        39,
        68,
        46,
        119,
        268,
        54,
        263,
        29,
        77,
        70,
        92,
        68
    ],
    "save_path": "..\\..\\results\\params_comparison/run_2/train/deformable-detr_0.2g_0.5r_0.4c_alls.json",
    "args": {
        "model_name": "deformable-detr",
        "grid_scale": 0.2,
        "confiance": 0.4,
        "resize_scale": 0.5,
        "images_path": "..\\..\\data\\datasets\\full_yolo\\train_valid\\images",
        "annotations_path": "..\\..\\data\\datasets\\full_yolo\\train_valid\\labels",
        "random_seed": 1010,
        "data_augmentation": true,
        "samples": "all",
        "show_image": false,
        "verbose": false,
        "save_path": "..\\..\\results\\params_comparison/run_2/train"
    }
}