{
    "model_name": "deformable-detr",
    "MAE": 14.784615384615385,
    "MAPE": 20.49073607946865,
    "RMSE": 20.416433802962977,
    "pred": [
        46,
        42,
        13,
        10,
        10,
        32,
        22,
        53,
        152,
        245,
        92,
        59,
        58,
        101,
        148,
        149,
        118,
        113,
        113,
        116,
        108,
        202,
        201,
        88,
        134,
        75,
        23,
        18,
        26,
        47,
        89,
        75,
        106,
        90,
        80,
        58,
        90,
        59,
        113,
        96,
        115,
        118,
        116,
        95,
        40,
        53,
        132,
        58,
        24,
        44,
        33,
        76,
        16,
        30,
        55,
        31,
        23,
        19,
        27,
        29,
        45,
        64,
        26,
        24,
        29,
        29,
        56,
        16,
        42,
        118,
        204,
        91,
        62,
        121,
        78,
        116,
        103,
        92,
        35,
        40,
        71,
        97,
        186,
        87,
        63,
        56,
        34,
        53,
        23,
        48,
        0,
        34,
        24,
        75,
        50,
        48,
        40,
        124,
        33,
        63,
        48,
        57,
        128,
        50,
        57,
        48,
        209,
        154,
        184,
        53,
        40,
        105,
        48,
        8,
        25,
        54,
        46,
        94,
        36,
        74,
        51,
        86,
        279,
        57,
        298,
        27,
        84,
        80,
        91,
        76
    ],
    "real": [
        47,
        43,
        17,
        12,
        18,
        32,
        21,
        62,
        147,
        290,
        115,
        60,
        92,
        52,
        71,
        97,
        100,
        83,
        106,
        95,
        83,
        167,
        167,
        75,
        111,
        64,
        30,
        18,
        35,
        64,
        99,
        96,
        113,
        121,
        93,
        91,
        93,
        96,
        120,
        123,
        122,
        127,
        125,
        49,
        56,
        58,
        124,
        75,
        44,
        61,
        40,
        73,
        19,
        29,
        71,
        48,
        26,
        32,
        32,
        37,
        65,
        69,
        30,
        30,
        41,
        26,
        79,
        26,
        49,
        117,
        185,
        95,
        57,
        95,
        100,
        102,
        102,
        136,
        43,
        49,
        76,
        83,
        240,
        76,
        58,
        58,
        47,
        61,
        47,
        72,
        18,
        35,
        31,
        55,
        38,
        51,
        36,
        98,
        48,
        84,
        46,
        76,
        96,
        46,
        54,
        58,
        173,
        202,
        131,
        74,
        56,
        110,
        43,
        16,
        23,
        48,
        50,
        81,
        39,
        68,
        46,
        119,
        268,
        54,
        263,
        29,
        77,
        70,
        92,
        68
    ],
    "save_path": "..\\..\\results\\params_comparison/run_2/train/deformable-detr_0.4g_0.5r_0.25c_alls.json",
    "args": {
        "model_name": "deformable-detr",
        "grid_scale": 0.4,
        "confiance": 0.25,
        "resize_scale": 0.5,
        "images_path": "..\\..\\data\\datasets\\full_yolo\\train_valid\\images",
        "annotations_path": "..\\..\\data\\datasets\\full_yolo\\train_valid\\labels",
        "random_seed": 1010,
        "data_augmentation": true,
        "samples": "all",
        "show_image": false,
        "verbose": false,
        "save_path": "..\\..\\results\\params_comparison/run_2/train"
    }
}