{
    "model_name": "deformable-detr",
    "MAE": 15.676923076923076,
    "MAPE": 19.707222370320096,
    "RMSE": 22.00279702499382,
    "pred": [
        47,
        41,
        15,
        12,
        15,
        25,
        18,
        44,
        113,
        214,
        76,
        41,
        62,
        64,
        72,
        80,
        86,
        74,
        94,
        80,
        75,
        150,
        143,
        71,
        97,
        55,
        25,
        14,
        21,
        48,
        73,
        70,
        90,
        91,
        80,
        61,
        80,
        62,
        95,
        89,
        107,
        95,
        102,
        39,
        46,
        50,
        92,
        40,
        27,
        46,
        33,
        58,
        15,
        20,
        49,
        46,
        22,
        28,
        28,
        22,
        47,
        59,
        23,
        26,
        31,
        21,
        62,
        17,
        45,
        117,
        157,
        88,
        52,
        90,
        72,
        88,
        68,
        101,
        37,
        36,
        53,
        77,
        161,
        76,
        52,
        41,
        37,
        59,
        38,
        61,
        5,
        28,
        26,
        50,
        27,
        45,
        30,
        90,
        32,
        65,
        35,
        51,
        82,
        38,
        40,
        44,
        132,
        116,
        114,
        55,
        39,
        81,
        42,
        10,
        17,
        50,
        34,
        73,
        32,
        64,
        44,
        72,
        199,
        48,
        207,
        24,
        68,
        74,
        81,
        67
    ],
    "real": [
        47,
        43,
        17,
        12,
        18,
        32,
        21,
        62,
        147,
        290,
        115,
        60,
        92,
        52,
        71,
        97,
        100,
        83,
        106,
        95,
        83,
        167,
        167,
        75,
        111,
        64,
        30,
        18,
        35,
        64,
        99,
        96,
        113,
        121,
        93,
        91,
        93,
        96,
        120,
        123,
        122,
        127,
        125,
        49,
        56,
        58,
        124,
        75,
        44,
        61,
        40,
        73,
        19,
        29,
        71,
        48,
        26,
        32,
        32,
        37,
        65,
        69,
        30,
        30,
        41,
        26,
        79,
        26,
        49,
        117,
        185,
        95,
        57,
        95,
        100,
        102,
        102,
        136,
        43,
        49,
        76,
        83,
        240,
        76,
        58,
        58,
        47,
        61,
        47,
        72,
        18,
        35,
        31,
        55,
        38,
        51,
        36,
        98,
        48,
        84,
        46,
        76,
        96,
        46,
        54,
        58,
        173,
        202,
        131,
        74,
        56,
        110,
        43,
        16,
        23,
        48,
        50,
        81,
        39,
        68,
        46,
        119,
        268,
        54,
        263,
        29,
        77,
        70,
        92,
        68
    ],
    "save_path": "..\\..\\results\\params_comparison/run_2/train/deformable-detr_0.3g_0.5r_0.35c_alls.json",
    "args": {
        "model_name": "deformable-detr",
        "grid_scale": 0.3,
        "confiance": 0.35,
        "resize_scale": 0.5,
        "images_path": "..\\..\\data\\datasets\\full_yolo\\train_valid\\images",
        "annotations_path": "..\\..\\data\\datasets\\full_yolo\\train_valid\\labels",
        "random_seed": 1010,
        "data_augmentation": true,
        "samples": "all",
        "show_image": false,
        "verbose": false,
        "save_path": "..\\..\\results\\params_comparison/run_2/train"
    }
}