{
    "model_name": "deformable-detr",
    "MAE": 11.915384615384616,
    "MAPE": 16.733887059909037,
    "RMSE": 17.073821617182976,
    "pred": [
        41,
        37,
        13,
        11,
        17,
        27,
        18,
        57,
        137,
        228,
        87,
        49,
        73,
        112,
        127,
        97,
        105,
        86,
        98,
        94,
        77,
        171,
        168,
        84,
        118,
        54,
        23,
        6,
        27,
        48,
        81,
        74,
        80,
        84,
        86,
        65,
        85,
        75,
        98,
        104,
        103,
        100,
        124,
        39,
        42,
        51,
        100,
        48,
        39,
        53,
        37,
        64,
        20,
        17,
        55,
        33,
        18,
        28,
        26,
        34,
        46,
        63,
        21,
        23,
        39,
        32,
        74,
        17,
        46,
        137,
        177,
        89,
        53,
        89,
        75,
        95,
        81,
        108,
        33,
        37,
        60,
        79,
        192,
        79,
        62,
        49,
        42,
        52,
        28,
        63,
        7,
        30,
        19,
        55,
        36,
        48,
        28,
        100,
        34,
        74,
        36,
        61,
        100,
        42,
        48,
        61,
        145,
        141,
        152,
        55,
        47,
        88,
        43,
        16,
        23,
        46,
        36,
        92,
        36,
        61,
        42,
        90,
        240,
        42,
        251,
        26,
        76,
        68,
        89,
        64
    ],
    "real": [
        47,
        43,
        17,
        12,
        18,
        32,
        21,
        62,
        147,
        290,
        115,
        60,
        92,
        52,
        71,
        97,
        100,
        83,
        106,
        95,
        83,
        167,
        167,
        75,
        111,
        64,
        30,
        18,
        35,
        64,
        99,
        96,
        113,
        121,
        93,
        91,
        93,
        96,
        120,
        123,
        122,
        127,
        125,
        49,
        56,
        58,
        124,
        75,
        44,
        61,
        40,
        73,
        19,
        29,
        71,
        48,
        26,
        32,
        32,
        37,
        65,
        69,
        30,
        30,
        41,
        26,
        79,
        26,
        49,
        117,
        185,
        95,
        57,
        95,
        100,
        102,
        102,
        136,
        43,
        49,
        76,
        83,
        240,
        76,
        58,
        58,
        47,
        61,
        47,
        72,
        18,
        35,
        31,
        55,
        38,
        51,
        36,
        98,
        48,
        84,
        46,
        76,
        96,
        46,
        54,
        58,
        173,
        202,
        131,
        74,
        56,
        110,
        43,
        16,
        23,
        48,
        50,
        81,
        39,
        68,
        46,
        119,
        268,
        54,
        263,
        29,
        77,
        70,
        92,
        68
    ],
    "save_path": "..\\..\\results\\params_comparison/run_2/train/deformable-detr_0.3g_0.5r_0.3c_alls.json",
    "args": {
        "model_name": "deformable-detr",
        "grid_scale": 0.3,
        "confiance": 0.3,
        "resize_scale": 0.5,
        "images_path": "..\\..\\data\\datasets\\full_yolo\\train_valid\\images",
        "annotations_path": "..\\..\\data\\datasets\\full_yolo\\train_valid\\labels",
        "random_seed": 1010,
        "data_augmentation": true,
        "samples": "all",
        "show_image": false,
        "verbose": false,
        "save_path": "..\\..\\results\\params_comparison/run_2/train"
    }
}