{
    "model_name": "deformable-detr",
    "MAE": 11.092307692307692,
    "MAPE": 15.383237864520652,
    "RMSE": 14.958918101561716,
    "pred": [
        48,
        51,
        14,
        13,
        19,
        32,
        25,
        52,
        141,
        258,
        101,
        46,
        69,
        56,
        110,
        90,
        91,
        89,
        93,
        103,
        80,
        160,
        161,
        69,
        115,
        59,
        22,
        11,
        27,
        61,
        87,
        80,
        101,
        85,
        82,
        72,
        65,
        84,
        101,
        93,
        104,
        91,
        96,
        37,
        51,
        51,
        92,
        56,
        42,
        50,
        39,
        70,
        23,
        22,
        56,
        38,
        20,
        29,
        30,
        31,
        42,
        50,
        18,
        22,
        39,
        25,
        68,
        22,
        43,
        138,
        208,
        103,
        55,
        105,
        85,
        107,
        63,
        107,
        40,
        39,
        63,
        85,
        179,
        70,
        48,
        52,
        44,
        46,
        49,
        61,
        10,
        22,
        25,
        49,
        37,
        41,
        29,
        95,
        38,
        70,
        47,
        72,
        100,
        40,
        44,
        48,
        145,
        171,
        128,
        54,
        44,
        89,
        47,
        19,
        25,
        53,
        29,
        86,
        21,
        71,
        39,
        115,
        241,
        58,
        253,
        17,
        79,
        62,
        82,
        62
    ],
    "real": [
        47,
        43,
        17,
        12,
        18,
        32,
        21,
        62,
        147,
        290,
        115,
        60,
        92,
        52,
        71,
        97,
        100,
        83,
        106,
        95,
        83,
        167,
        167,
        75,
        111,
        64,
        30,
        18,
        35,
        64,
        99,
        96,
        113,
        121,
        93,
        91,
        93,
        96,
        120,
        123,
        122,
        127,
        125,
        49,
        56,
        58,
        124,
        75,
        44,
        61,
        40,
        73,
        19,
        29,
        71,
        48,
        26,
        32,
        32,
        37,
        65,
        69,
        30,
        30,
        41,
        26,
        79,
        26,
        49,
        117,
        185,
        95,
        57,
        95,
        100,
        102,
        102,
        136,
        43,
        49,
        76,
        83,
        240,
        76,
        58,
        58,
        47,
        61,
        47,
        72,
        18,
        35,
        31,
        55,
        38,
        51,
        36,
        98,
        48,
        84,
        46,
        76,
        96,
        46,
        54,
        58,
        173,
        202,
        131,
        74,
        56,
        110,
        43,
        16,
        23,
        48,
        50,
        81,
        39,
        68,
        46,
        119,
        268,
        54,
        263,
        29,
        77,
        70,
        92,
        68
    ],
    "save_path": "..\\..\\results\\params_comparison/run_2/train/deformable-detr_0.2g_0.5r_0.3c_alls.json",
    "args": {
        "model_name": "deformable-detr",
        "grid_scale": 0.2,
        "confiance": 0.3,
        "resize_scale": 0.5,
        "images_path": "..\\..\\data\\datasets\\full_yolo\\train_valid\\images",
        "annotations_path": "..\\..\\data\\datasets\\full_yolo\\train_valid\\labels",
        "random_seed": 1010,
        "data_augmentation": true,
        "samples": "all",
        "show_image": false,
        "verbose": false,
        "save_path": "..\\..\\results\\params_comparison/run_2/train"
    }
}