{
    "model_name": "deformable-detr",
    "MAE": 11.23076923076923,
    "MAPE": 14.910384751697173,
    "RMSE": 19.288497967601153,
    "pred": [
        59,
        52,
        19,
        14,
        17,
        33,
        28,
        59,
        169,
        300,
        111,
        62,
        93,
        107,
        155,
        125,
        115,
        112,
        126,
        109,
        99,
        176,
        187,
        93,
        141,
        64,
        32,
        12,
        31,
        68,
        92,
        92,
        105,
        112,
        93,
        92,
        69,
        95,
        122,
        104,
        110,
        127,
        120,
        49,
        47,
        65,
        107,
        57,
        42,
        62,
        39,
        78,
        21,
        26,
        75,
        41,
        30,
        31,
        32,
        33,
        52,
        58,
        18,
        28,
        43,
        26,
        71,
        26,
        37,
        154,
        279,
        118,
        65,
        116,
        82,
        124,
        80,
        120,
        42,
        48,
        68,
        99,
        236,
        74,
        54,
        63,
        54,
        66,
        40,
        70,
        6,
        32,
        35,
        55,
        40,
        47,
        33,
        104,
        41,
        90,
        43,
        67,
        117,
        43,
        50,
        70,
        189,
        201,
        185,
        59,
        54,
        112,
        50,
        25,
        30,
        59,
        40,
        90,
        26,
        72,
        49,
        120,
        340,
        59,
        338,
        23,
        83,
        83,
        69,
        61
    ],
    "real": [
        47,
        43,
        17,
        12,
        18,
        32,
        21,
        62,
        147,
        290,
        115,
        60,
        92,
        52,
        71,
        97,
        100,
        83,
        106,
        95,
        83,
        167,
        167,
        75,
        111,
        64,
        30,
        18,
        35,
        64,
        99,
        96,
        113,
        121,
        93,
        91,
        93,
        96,
        120,
        123,
        122,
        127,
        125,
        49,
        56,
        58,
        124,
        75,
        44,
        61,
        40,
        73,
        19,
        29,
        71,
        48,
        26,
        32,
        32,
        37,
        65,
        69,
        30,
        30,
        41,
        26,
        79,
        26,
        49,
        117,
        185,
        95,
        57,
        95,
        100,
        102,
        102,
        136,
        43,
        49,
        76,
        83,
        240,
        76,
        58,
        58,
        47,
        61,
        47,
        72,
        18,
        35,
        31,
        55,
        38,
        51,
        36,
        98,
        48,
        84,
        46,
        76,
        96,
        46,
        54,
        58,
        173,
        202,
        131,
        74,
        56,
        110,
        43,
        16,
        23,
        48,
        50,
        81,
        39,
        68,
        46,
        119,
        268,
        54,
        263,
        29,
        77,
        70,
        92,
        68
    ],
    "save_path": "..\\..\\results\\params_comparison/run_2/train/deformable-detr_0.2g_0.5r_0.2c_alls.json",
    "args": {
        "model_name": "deformable-detr",
        "grid_scale": 0.2,
        "confiance": 0.2,
        "resize_scale": 0.5,
        "images_path": "..\\..\\data\\datasets\\full_yolo\\train_valid\\images",
        "annotations_path": "..\\..\\data\\datasets\\full_yolo\\train_valid\\labels",
        "random_seed": 1010,
        "data_augmentation": true,
        "samples": "all",
        "show_image": false,
        "verbose": false,
        "save_path": "..\\..\\results\\params_comparison/run_2/train"
    }
}