{
    "model_name": "deformable-detr",
    "MAE": 26.646153846153847,
    "MAPE": 34.64668578489656,
    "RMSE": 35.186754500915434,
    "pred": [
        34,
        33,
        6,
        6,
        9,
        22,
        16,
        38,
        102,
        164,
        60,
        36,
        45,
        51,
        82,
        86,
        83,
        59,
        70,
        71,
        63,
        139,
        126,
        72,
        92,
        32,
        21,
        9,
        18,
        38,
        53,
        57,
        61,
        65,
        52,
        52,
        65,
        38,
        76,
        66,
        82,
        80,
        84,
        72,
        43,
        41,
        77,
        30,
        26,
        29,
        25,
        35,
        14,
        23,
        36,
        29,
        11,
        19,
        26,
        23,
        38,
        49,
        25,
        27,
        19,
        15,
        53,
        10,
        38,
        101,
        124,
        52,
        46,
        87,
        53,
        86,
        63,
        51,
        32,
        27,
        33,
        62,
        108,
        72,
        45,
        35,
        29,
        37,
        11,
        37,
        0,
        23,
        17,
        36,
        22,
        45,
        30,
        79,
        13,
        45,
        28,
        37,
        53,
        31,
        39,
        39,
        120,
        116,
        86,
        47,
        37,
        87,
        33,
        9,
        11,
        42,
        41,
        76,
        32,
        56,
        47,
        50,
        164,
        44,
        188,
        20,
        67,
        70,
        79,
        60
    ],
    "real": [
        47,
        43,
        17,
        12,
        18,
        32,
        21,
        62,
        147,
        290,
        115,
        60,
        92,
        52,
        71,
        97,
        100,
        83,
        106,
        95,
        83,
        167,
        167,
        75,
        111,
        64,
        30,
        18,
        35,
        64,
        99,
        96,
        113,
        121,
        93,
        91,
        93,
        96,
        120,
        123,
        122,
        127,
        125,
        49,
        56,
        58,
        124,
        75,
        44,
        61,
        40,
        73,
        19,
        29,
        71,
        48,
        26,
        32,
        32,
        37,
        65,
        69,
        30,
        30,
        41,
        26,
        79,
        26,
        49,
        117,
        185,
        95,
        57,
        95,
        100,
        102,
        102,
        136,
        43,
        49,
        76,
        83,
        240,
        76,
        58,
        58,
        47,
        61,
        47,
        72,
        18,
        35,
        31,
        55,
        38,
        51,
        36,
        98,
        48,
        84,
        46,
        76,
        96,
        46,
        54,
        58,
        173,
        202,
        131,
        74,
        56,
        110,
        43,
        16,
        23,
        48,
        50,
        81,
        39,
        68,
        46,
        119,
        268,
        54,
        263,
        29,
        77,
        70,
        92,
        68
    ],
    "save_path": "..\\..\\results\\params_comparison/run_2/train/deformable-detr_0.5g_0.5r_0.35c_alls.json",
    "args": {
        "model_name": "deformable-detr",
        "grid_scale": 0.5,
        "confiance": 0.35,
        "resize_scale": 0.5,
        "images_path": "..\\..\\data\\datasets\\full_yolo\\train_valid\\images",
        "annotations_path": "..\\..\\data\\datasets\\full_yolo\\train_valid\\labels",
        "random_seed": 1010,
        "data_augmentation": true,
        "samples": "all",
        "show_image": false,
        "verbose": false,
        "save_path": "..\\..\\results\\params_comparison/run_2/train"
    }
}