{
    "model_name": "deformable-detr",
    "MAE": 18.553846153846155,
    "MAPE": 26.1308983625897,
    "RMSE": 25.85997798797326,
    "pred": [
        41,
        43,
        14,
        9,
        9,
        23,
        17,
        53,
        135,
        176,
        73,
        40,
        45,
        63,
        114,
        106,
        114,
        82,
        103,
        108,
        84,
        157,
        181,
        83,
        111,
        45,
        23,
        4,
        8,
        41,
        44,
        51,
        80,
        79,
        77,
        53,
        74,
        62,
        90,
        84,
        97,
        112,
        93,
        91,
        42,
        41,
        88,
        39,
        20,
        35,
        35,
        57,
        14,
        33,
        46,
        28,
        15,
        21,
        25,
        22,
        46,
        51,
        22,
        22,
        26,
        17,
        68,
        18,
        44,
        114,
        155,
        72,
        57,
        111,
        66,
        112,
        74,
        86,
        38,
        26,
        44,
        83,
        148,
        72,
        55,
        44,
        34,
        45,
        12,
        48,
        1,
        22,
        23,
        50,
        25,
        44,
        43,
        102,
        20,
        42,
        15,
        52,
        96,
        34,
        45,
        52,
        159,
        109,
        127,
        47,
        42,
        116,
        31,
        16,
        22,
        43,
        39,
        93,
        31,
        69,
        55,
        66,
        241,
        63,
        231,
        18,
        70,
        90,
        104,
        78
    ],
    "real": [
        47,
        43,
        17,
        12,
        18,
        32,
        21,
        62,
        147,
        290,
        115,
        60,
        92,
        52,
        71,
        97,
        100,
        83,
        106,
        95,
        83,
        167,
        167,
        75,
        111,
        64,
        30,
        18,
        35,
        64,
        99,
        96,
        113,
        121,
        93,
        91,
        93,
        96,
        120,
        123,
        122,
        127,
        125,
        49,
        56,
        58,
        124,
        75,
        44,
        61,
        40,
        73,
        19,
        29,
        71,
        48,
        26,
        32,
        32,
        37,
        65,
        69,
        30,
        30,
        41,
        26,
        79,
        26,
        49,
        117,
        185,
        95,
        57,
        95,
        100,
        102,
        102,
        136,
        43,
        49,
        76,
        83,
        240,
        76,
        58,
        58,
        47,
        61,
        47,
        72,
        18,
        35,
        31,
        55,
        38,
        51,
        36,
        98,
        48,
        84,
        46,
        76,
        96,
        46,
        54,
        58,
        173,
        202,
        131,
        74,
        56,
        110,
        43,
        16,
        23,
        48,
        50,
        81,
        39,
        68,
        46,
        119,
        268,
        54,
        263,
        29,
        77,
        70,
        92,
        68
    ],
    "save_path": "..\\..\\results\\params_comparison/run_2/train/deformable-detr_0.5g_0.5r_0.3c_alls.json",
    "args": {
        "model_name": "deformable-detr",
        "grid_scale": 0.5,
        "confiance": 0.3,
        "resize_scale": 0.5,
        "images_path": "..\\..\\data\\datasets\\full_yolo\\train_valid\\images",
        "annotations_path": "..\\..\\data\\datasets\\full_yolo\\train_valid\\labels",
        "random_seed": 1010,
        "data_augmentation": true,
        "samples": "all",
        "show_image": false,
        "verbose": false,
        "save_path": "..\\..\\results\\params_comparison/run_2/train"
    }
}