{
    "model_name": "deformable-detr",
    "MAE": 16.576923076923077,
    "MAPE": 22.930953157493953,
    "RMSE": 23.76568308102446,
    "pred": [
        43,
        35,
        10,
        11,
        12,
        28,
        18,
        45,
        116,
        181,
        84,
        51,
        56,
        84,
        115,
        88,
        108,
        86,
        96,
        103,
        90,
        149,
        179,
        82,
        113,
        53,
        12,
        5,
        18,
        50,
        60,
        68,
        85,
        91,
        88,
        50,
        65,
        52,
        83,
        66,
        95,
        91,
        111,
        66,
        42,
        47,
        114,
        50,
        38,
        43,
        33,
        57,
        17,
        19,
        56,
        33,
        16,
        23,
        25,
        26,
        50,
        51,
        23,
        28,
        18,
        24,
        63,
        17,
        45,
        117,
        160,
        82,
        55,
        81,
        73,
        114,
        77,
        78,
        32,
        37,
        59,
        96,
        145,
        74,
        54,
        43,
        43,
        50,
        24,
        52,
        0,
        26,
        21,
        56,
        25,
        43,
        34,
        95,
        24,
        62,
        36,
        51,
        73,
        30,
        53,
        57,
        166,
        126,
        174,
        49,
        45,
        88,
        40,
        8,
        15,
        43,
        40,
        73,
        36,
        62,
        46,
        72,
        234,
        53,
        266,
        18,
        68,
        78,
        94,
        64
    ],
    "real": [
        47,
        43,
        17,
        12,
        18,
        32,
        21,
        62,
        147,
        290,
        115,
        60,
        92,
        52,
        71,
        97,
        100,
        83,
        106,
        95,
        83,
        167,
        167,
        75,
        111,
        64,
        30,
        18,
        35,
        64,
        99,
        96,
        113,
        121,
        93,
        91,
        93,
        96,
        120,
        123,
        122,
        127,
        125,
        49,
        56,
        58,
        124,
        75,
        44,
        61,
        40,
        73,
        19,
        29,
        71,
        48,
        26,
        32,
        32,
        37,
        65,
        69,
        30,
        30,
        41,
        26,
        79,
        26,
        49,
        117,
        185,
        95,
        57,
        95,
        100,
        102,
        102,
        136,
        43,
        49,
        76,
        83,
        240,
        76,
        58,
        58,
        47,
        61,
        47,
        72,
        18,
        35,
        31,
        55,
        38,
        51,
        36,
        98,
        48,
        84,
        46,
        76,
        96,
        46,
        54,
        58,
        173,
        202,
        131,
        74,
        56,
        110,
        43,
        16,
        23,
        48,
        50,
        81,
        39,
        68,
        46,
        119,
        268,
        54,
        263,
        29,
        77,
        70,
        92,
        68
    ],
    "save_path": "..\\..\\results\\params_comparison/run_2/train/deformable-detr_0.4g_0.5r_0.3c_alls.json",
    "args": {
        "model_name": "deformable-detr",
        "grid_scale": 0.4,
        "confiance": 0.3,
        "resize_scale": 0.5,
        "images_path": "..\\..\\data\\datasets\\full_yolo\\train_valid\\images",
        "annotations_path": "..\\..\\data\\datasets\\full_yolo\\train_valid\\labels",
        "random_seed": 1010,
        "data_augmentation": true,
        "samples": "all",
        "show_image": false,
        "verbose": false,
        "save_path": "..\\..\\results\\params_comparison/run_2/train"
    }
}