{
    "model_name": "deformable-detr",
    "MAE": 19.676923076923078,
    "MAPE": 25.160663111956314,
    "RMSE": 26.1124785966698,
    "pred": [
        37,
        39,
        15,
        15,
        13,
        25,
        27,
        48,
        103,
        180,
        87,
        41,
        61,
        40,
        61,
        86,
        82,
        79,
        88,
        75,
        76,
        138,
        137,
        68,
        94,
        56,
        25,
        12,
        27,
        45,
        77,
        75,
        82,
        93,
        59,
        60,
        57,
        60,
        83,
        84,
        84,
        87,
        90,
        34,
        41,
        47,
        75,
        43,
        34,
        42,
        32,
        56,
        20,
        19,
        43,
        37,
        21,
        24,
        31,
        29,
        45,
        46,
        13,
        20,
        36,
        16,
        45,
        18,
        30,
        110,
        156,
        87,
        49,
        85,
        65,
        88,
        59,
        100,
        32,
        37,
        60,
        73,
        148,
        65,
        45,
        45,
        34,
        52,
        36,
        52,
        6,
        22,
        23,
        45,
        30,
        31,
        31,
        81,
        31,
        56,
        32,
        55,
        88,
        30,
        45,
        41,
        126,
        138,
        100,
        53,
        35,
        81,
        41,
        10,
        20,
        40,
        26,
        64,
        24,
        52,
        43,
        83,
        180,
        41,
        202,
        19,
        70,
        54,
        64,
        54
    ],
    "real": [
        47,
        43,
        17,
        12,
        18,
        32,
        21,
        62,
        147,
        290,
        115,
        60,
        92,
        52,
        71,
        97,
        100,
        83,
        106,
        95,
        83,
        167,
        167,
        75,
        111,
        64,
        30,
        18,
        35,
        64,
        99,
        96,
        113,
        121,
        93,
        91,
        93,
        96,
        120,
        123,
        122,
        127,
        125,
        49,
        56,
        58,
        124,
        75,
        44,
        61,
        40,
        73,
        19,
        29,
        71,
        48,
        26,
        32,
        32,
        37,
        65,
        69,
        30,
        30,
        41,
        26,
        79,
        26,
        49,
        117,
        185,
        95,
        57,
        95,
        100,
        102,
        102,
        136,
        43,
        49,
        76,
        83,
        240,
        76,
        58,
        58,
        47,
        61,
        47,
        72,
        18,
        35,
        31,
        55,
        38,
        51,
        36,
        98,
        48,
        84,
        46,
        76,
        96,
        46,
        54,
        58,
        173,
        202,
        131,
        74,
        56,
        110,
        43,
        16,
        23,
        48,
        50,
        81,
        39,
        68,
        46,
        119,
        268,
        54,
        263,
        29,
        77,
        70,
        92,
        68
    ],
    "save_path": "..\\..\\results\\params_comparison/run_2/train/deformable-detr_0.2g_0.5r_0.45c_alls.json",
    "args": {
        "model_name": "deformable-detr",
        "grid_scale": 0.2,
        "confiance": 0.45,
        "resize_scale": 0.5,
        "images_path": "..\\..\\data\\datasets\\full_yolo\\train_valid\\images",
        "annotations_path": "..\\..\\data\\datasets\\full_yolo\\train_valid\\labels",
        "random_seed": 1010,
        "data_augmentation": true,
        "samples": "all",
        "show_image": false,
        "verbose": false,
        "save_path": "..\\..\\results\\params_comparison/run_2/train"
    }
}