{
    "model_name": "deformable-detr",
    "MAE": 9.415384615384616,
    "MAPE": 12.540968245106276,
    "RMSE": 13.393454199145767,
    "pred": [
        50,
        48,
        14,
        12,
        22,
        32,
        24,
        62,
        140,
        283,
        115,
        52,
        75,
        57,
        115,
        104,
        115,
        94,
        103,
        102,
        95,
        171,
        175,
        73,
        127,
        63,
        30,
        13,
        33,
        62,
        95,
        99,
        99,
        107,
        76,
        77,
        64,
        71,
        111,
        105,
        119,
        106,
        101,
        48,
        58,
        57,
        112,
        58,
        41,
        53,
        35,
        64,
        21,
        26,
        63,
        38,
        25,
        30,
        32,
        35,
        42,
        58,
        14,
        28,
        39,
        27,
        72,
        25,
        44,
        150,
        221,
        113,
        60,
        108,
        88,
        117,
        75,
        114,
        38,
        42,
        68,
        96,
        188,
        78,
        44,
        51,
        46,
        64,
        42,
        64,
        5,
        32,
        28,
        51,
        31,
        45,
        42,
        107,
        40,
        69,
        35,
        69,
        110,
        43,
        46,
        60,
        167,
        179,
        159,
        67,
        51,
        103,
        45,
        18,
        23,
        48,
        31,
        80,
        28,
        66,
        37,
        105,
        295,
        63,
        306,
        19,
        76,
        71,
        77,
        59
    ],
    "real": [
        47,
        43,
        17,
        12,
        18,
        32,
        21,
        62,
        147,
        290,
        115,
        60,
        92,
        52,
        71,
        97,
        100,
        83,
        106,
        95,
        83,
        167,
        167,
        75,
        111,
        64,
        30,
        18,
        35,
        64,
        99,
        96,
        113,
        121,
        93,
        91,
        93,
        96,
        120,
        123,
        122,
        127,
        125,
        49,
        56,
        58,
        124,
        75,
        44,
        61,
        40,
        73,
        19,
        29,
        71,
        48,
        26,
        32,
        32,
        37,
        65,
        69,
        30,
        30,
        41,
        26,
        79,
        26,
        49,
        117,
        185,
        95,
        57,
        95,
        100,
        102,
        102,
        136,
        43,
        49,
        76,
        83,
        240,
        76,
        58,
        58,
        47,
        61,
        47,
        72,
        18,
        35,
        31,
        55,
        38,
        51,
        36,
        98,
        48,
        84,
        46,
        76,
        96,
        46,
        54,
        58,
        173,
        202,
        131,
        74,
        56,
        110,
        43,
        16,
        23,
        48,
        50,
        81,
        39,
        68,
        46,
        119,
        268,
        54,
        263,
        29,
        77,
        70,
        92,
        68
    ],
    "save_path": "..\\..\\results\\params_comparison/run_2/train/deformable-detr_0.2g_0.5r_0.25c_alls.json",
    "args": {
        "model_name": "deformable-detr",
        "grid_scale": 0.2,
        "confiance": 0.25,
        "resize_scale": 0.5,
        "images_path": "..\\..\\data\\datasets\\full_yolo\\train_valid\\images",
        "annotations_path": "..\\..\\data\\datasets\\full_yolo\\train_valid\\labels",
        "random_seed": 1010,
        "data_augmentation": true,
        "samples": "all",
        "show_image": false,
        "verbose": false,
        "save_path": "..\\..\\results\\params_comparison/run_2/train"
    }
}