{
    "model_name": "deformable-detr",
    "MAE": 18.50769230769231,
    "MAPE": 24.102322874436847,
    "RMSE": 28.697359835679336,
    "pred": [
        53,
        50,
        16,
        11,
        17,
        31,
        19,
        60,
        163,
        345,
        105,
        60,
        66,
        140,
        186,
        144,
        168,
        154,
        121,
        122,
        128,
        227,
        222,
        87,
        154,
        68,
        26,
        15,
        20,
        66,
        101,
        115,
        127,
        111,
        98,
        61,
        110,
        102,
        136,
        112,
        156,
        142,
        144,
        122,
        57,
        70,
        162,
        55,
        42,
        57,
        35,
        75,
        21,
        28,
        66,
        40,
        11,
        24,
        27,
        29,
        54,
        76,
        24,
        28,
        30,
        22,
        88,
        16,
        57,
        136,
        295,
        147,
        74,
        119,
        106,
        168,
        102,
        120,
        46,
        45,
        67,
        118,
        231,
        108,
        77,
        58,
        49,
        68,
        38,
        60,
        0,
        34,
        20,
        94,
        45,
        61,
        48,
        131,
        43,
        80,
        53,
        71,
        105,
        51,
        66,
        61,
        223,
        207,
        194,
        59,
        56,
        153,
        56,
        18,
        24,
        65,
        59,
        100,
        37,
        81,
        58,
        111,
        325,
        85,
        300,
        29,
        116,
        92,
        117,
        82
    ],
    "real": [
        47,
        43,
        17,
        12,
        18,
        32,
        21,
        62,
        147,
        290,
        115,
        60,
        92,
        52,
        71,
        97,
        100,
        83,
        106,
        95,
        83,
        167,
        167,
        75,
        111,
        64,
        30,
        18,
        35,
        64,
        99,
        96,
        113,
        121,
        93,
        91,
        93,
        96,
        120,
        123,
        122,
        127,
        125,
        49,
        56,
        58,
        124,
        75,
        44,
        61,
        40,
        73,
        19,
        29,
        71,
        48,
        26,
        32,
        32,
        37,
        65,
        69,
        30,
        30,
        41,
        26,
        79,
        26,
        49,
        117,
        185,
        95,
        57,
        95,
        100,
        102,
        102,
        136,
        43,
        49,
        76,
        83,
        240,
        76,
        58,
        58,
        47,
        61,
        47,
        72,
        18,
        35,
        31,
        55,
        38,
        51,
        36,
        98,
        48,
        84,
        46,
        76,
        96,
        46,
        54,
        58,
        173,
        202,
        131,
        74,
        56,
        110,
        43,
        16,
        23,
        48,
        50,
        81,
        39,
        68,
        46,
        119,
        268,
        54,
        263,
        29,
        77,
        70,
        92,
        68
    ],
    "save_path": "..\\..\\results\\params_comparison/run_2/train/deformable-detr_0.4g_0.5r_0.2c_alls.json",
    "args": {
        "model_name": "deformable-detr",
        "grid_scale": 0.4,
        "confiance": 0.2,
        "resize_scale": 0.5,
        "images_path": "..\\..\\data\\datasets\\full_yolo\\train_valid\\images",
        "annotations_path": "..\\..\\data\\datasets\\full_yolo\\train_valid\\labels",
        "random_seed": 1010,
        "data_augmentation": true,
        "samples": "all",
        "show_image": false,
        "verbose": false,
        "save_path": "..\\..\\results\\params_comparison/run_2/train"
    }
}