{
    "model_name": "deformable-detr",
    "MAE": 28.03076923076923,
    "MAPE": 33.85412209448066,
    "RMSE": 38.84743333764892,
    "pred": [
        32,
        32,
        12,
        11,
        12,
        28,
        15,
        48,
        89,
        122,
        49,
        48,
        41,
        37,
        75,
        75,
        84,
        72,
        70,
        77,
        66,
        107,
        119,
        61,
        83,
        37,
        21,
        7,
        13,
        43,
        60,
        50,
        65,
        52,
        60,
        46,
        65,
        36,
        58,
        62,
        78,
        67,
        73,
        44,
        37,
        44,
        70,
        34,
        34,
        35,
        24,
        46,
        15,
        23,
        41,
        31,
        16,
        18,
        24,
        25,
        40,
        53,
        21,
        27,
        20,
        15,
        55,
        8,
        35,
        95,
        111,
        58,
        50,
        76,
        54,
        87,
        56,
        75,
        36,
        28,
        39,
        72,
        120,
        64,
        49,
        44,
        32,
        47,
        20,
        49,
        2,
        24,
        16,
        42,
        27,
        45,
        33,
        71,
        22,
        51,
        27,
        45,
        62,
        33,
        36,
        26,
        97,
        83,
        79,
        44,
        31,
        71,
        39,
        11,
        11,
        38,
        34,
        64,
        30,
        60,
        39,
        53,
        149,
        47,
        156,
        18,
        61,
        57,
        68,
        58
    ],
    "real": [
        47,
        43,
        17,
        12,
        18,
        32,
        21,
        62,
        147,
        290,
        115,
        60,
        92,
        52,
        71,
        97,
        100,
        83,
        106,
        95,
        83,
        167,
        167,
        75,
        111,
        64,
        30,
        18,
        35,
        64,
        99,
        96,
        113,
        121,
        93,
        91,
        93,
        96,
        120,
        123,
        122,
        127,
        125,
        49,
        56,
        58,
        124,
        75,
        44,
        61,
        40,
        73,
        19,
        29,
        71,
        48,
        26,
        32,
        32,
        37,
        65,
        69,
        30,
        30,
        41,
        26,
        79,
        26,
        49,
        117,
        185,
        95,
        57,
        95,
        100,
        102,
        102,
        136,
        43,
        49,
        76,
        83,
        240,
        76,
        58,
        58,
        47,
        61,
        47,
        72,
        18,
        35,
        31,
        55,
        38,
        51,
        36,
        98,
        48,
        84,
        46,
        76,
        96,
        46,
        54,
        58,
        173,
        202,
        131,
        74,
        56,
        110,
        43,
        16,
        23,
        48,
        50,
        81,
        39,
        68,
        46,
        119,
        268,
        54,
        263,
        29,
        77,
        70,
        92,
        68
    ],
    "save_path": "..\\..\\results\\params_comparison/run_2/train/deformable-detr_0.4g_0.5r_0.4c_alls.json",
    "args": {
        "model_name": "deformable-detr",
        "grid_scale": 0.4,
        "confiance": 0.4,
        "resize_scale": 0.5,
        "images_path": "..\\..\\data\\datasets\\full_yolo\\train_valid\\images",
        "annotations_path": "..\\..\\data\\datasets\\full_yolo\\train_valid\\labels",
        "random_seed": 1010,
        "data_augmentation": true,
        "samples": "all",
        "show_image": false,
        "verbose": false,
        "save_path": "..\\..\\results\\params_comparison/run_2/train"
    }
}