{
    "model_name": "deformable-detr",
    "MAE": 24.476923076923075,
    "MAPE": 29.516672644792273,
    "RMSE": 33.52587978539289,
    "pred": [
        37,
        42,
        16,
        10,
        12,
        26,
        24,
        49,
        96,
        166,
        67,
        44,
        59,
        36,
        60,
        66,
        76,
        72,
        79,
        79,
        68,
        116,
        123,
        61,
        90,
        43,
        28,
        12,
        20,
        50,
        63,
        67,
        64,
        78,
        76,
        61,
        59,
        42,
        73,
        80,
        91,
        78,
        87,
        31,
        40,
        38,
        71,
        46,
        28,
        39,
        34,
        49,
        14,
        23,
        50,
        29,
        14,
        22,
        19,
        27,
        39,
        41,
        19,
        25,
        30,
        24,
        62,
        19,
        38,
        105,
        105,
        74,
        49,
        76,
        67,
        75,
        62,
        80,
        35,
        32,
        54,
        61,
        143,
        62,
        42,
        45,
        35,
        47,
        22,
        54,
        1,
        26,
        20,
        34,
        23,
        37,
        29,
        73,
        27,
        56,
        26,
        51,
        65,
        40,
        44,
        39,
        116,
        92,
        79,
        47,
        41,
        69,
        38,
        12,
        14,
        39,
        26,
        67,
        28,
        55,
        35,
        74,
        144,
        40,
        155,
        23,
        61,
        60,
        67,
        60
    ],
    "real": [
        47,
        43,
        17,
        12,
        18,
        32,
        21,
        62,
        147,
        290,
        115,
        60,
        92,
        52,
        71,
        97,
        100,
        83,
        106,
        95,
        83,
        167,
        167,
        75,
        111,
        64,
        30,
        18,
        35,
        64,
        99,
        96,
        113,
        121,
        93,
        91,
        93,
        96,
        120,
        123,
        122,
        127,
        125,
        49,
        56,
        58,
        124,
        75,
        44,
        61,
        40,
        73,
        19,
        29,
        71,
        48,
        26,
        32,
        32,
        37,
        65,
        69,
        30,
        30,
        41,
        26,
        79,
        26,
        49,
        117,
        185,
        95,
        57,
        95,
        100,
        102,
        102,
        136,
        43,
        49,
        76,
        83,
        240,
        76,
        58,
        58,
        47,
        61,
        47,
        72,
        18,
        35,
        31,
        55,
        38,
        51,
        36,
        98,
        48,
        84,
        46,
        76,
        96,
        46,
        54,
        58,
        173,
        202,
        131,
        74,
        56,
        110,
        43,
        16,
        23,
        48,
        50,
        81,
        39,
        68,
        46,
        119,
        268,
        54,
        263,
        29,
        77,
        70,
        92,
        68
    ],
    "save_path": "..\\..\\results\\params_comparison/run_2/train/deformable-detr_0.3g_0.5r_0.45c_alls.json",
    "args": {
        "model_name": "deformable-detr",
        "grid_scale": 0.3,
        "confiance": 0.45,
        "resize_scale": 0.5,
        "images_path": "..\\..\\data\\datasets\\full_yolo\\train_valid\\images",
        "annotations_path": "..\\..\\data\\datasets\\full_yolo\\train_valid\\labels",
        "random_seed": 1010,
        "data_augmentation": true,
        "samples": "all",
        "show_image": false,
        "verbose": false,
        "save_path": "..\\..\\results\\params_comparison/run_2/train"
    }
}