{
    "model_name": "deformable-detr",
    "MAE": 10.507692307692308,
    "MAPE": 14.836961907240408,
    "RMSE": 17.051054557958036,
    "pred": [
        47,
        38,
        16,
        12,
        15,
        22,
        20,
        56,
        154,
        260,
        99,
        57,
        80,
        143,
        139,
        105,
        107,
        109,
        109,
        101,
        88,
        192,
        187,
        87,
        141,
        58,
        33,
        18,
        29,
        74,
        92,
        92,
        113,
        108,
        99,
        72,
        105,
        77,
        110,
        106,
        127,
        118,
        116,
        56,
        54,
        54,
        109,
        57,
        35,
        54,
        36,
        69,
        18,
        23,
        55,
        40,
        18,
        29,
        29,
        39,
        57,
        65,
        21,
        19,
        34,
        30,
        81,
        22,
        51,
        140,
        226,
        112,
        63,
        97,
        85,
        115,
        96,
        117,
        44,
        40,
        61,
        88,
        204,
        75,
        61,
        54,
        40,
        53,
        35,
        61,
        1,
        29,
        23,
        53,
        35,
        44,
        30,
        98,
        31,
        72,
        35,
        60,
        102,
        49,
        47,
        48,
        186,
        176,
        214,
        65,
        48,
        101,
        40,
        13,
        27,
        51,
        42,
        87,
        36,
        68,
        46,
        94,
        271,
        58,
        298,
        23,
        79,
        71,
        100,
        69
    ],
    "real": [
        47,
        43,
        17,
        12,
        18,
        32,
        21,
        62,
        147,
        290,
        115,
        60,
        92,
        52,
        71,
        97,
        100,
        83,
        106,
        95,
        83,
        167,
        167,
        75,
        111,
        64,
        30,
        18,
        35,
        64,
        99,
        96,
        113,
        121,
        93,
        91,
        93,
        96,
        120,
        123,
        122,
        127,
        125,
        49,
        56,
        58,
        124,
        75,
        44,
        61,
        40,
        73,
        19,
        29,
        71,
        48,
        26,
        32,
        32,
        37,
        65,
        69,
        30,
        30,
        41,
        26,
        79,
        26,
        49,
        117,
        185,
        95,
        57,
        95,
        100,
        102,
        102,
        136,
        43,
        49,
        76,
        83,
        240,
        76,
        58,
        58,
        47,
        61,
        47,
        72,
        18,
        35,
        31,
        55,
        38,
        51,
        36,
        98,
        48,
        84,
        46,
        76,
        96,
        46,
        54,
        58,
        173,
        202,
        131,
        74,
        56,
        110,
        43,
        16,
        23,
        48,
        50,
        81,
        39,
        68,
        46,
        119,
        268,
        54,
        263,
        29,
        77,
        70,
        92,
        68
    ],
    "save_path": "..\\..\\results\\params_comparison/run_2/train/deformable-detr_0.3g_0.5r_0.25c_alls.json",
    "args": {
        "model_name": "deformable-detr",
        "grid_scale": 0.3,
        "confiance": 0.25,
        "resize_scale": 0.5,
        "images_path": "..\\..\\data\\datasets\\full_yolo\\train_valid\\images",
        "annotations_path": "..\\..\\data\\datasets\\full_yolo\\train_valid\\labels",
        "random_seed": 1010,
        "data_augmentation": true,
        "samples": "all",
        "show_image": false,
        "verbose": false,
        "save_path": "..\\..\\results\\params_comparison/run_2/train"
    }
}