{
    "model_name": "deformable-detr",
    "MAE": 26.16923076923077,
    "MAPE": 31.78145745973918,
    "RMSE": 34.55319199325985,
    "pred": [
        40,
        39,
        15,
        12,
        15,
        25,
        19,
        40,
        80,
        149,
        78,
        36,
        45,
        27,
        45,
        76,
        77,
        62,
        72,
        74,
        70,
        125,
        126,
        55,
        87,
        43,
        25,
        11,
        25,
        41,
        64,
        69,
        63,
        71,
        68,
        56,
        55,
        53,
        77,
        76,
        71,
        75,
        85,
        32,
        41,
        41,
        68,
        36,
        32,
        35,
        29,
        59,
        18,
        26,
        46,
        32,
        15,
        26,
        28,
        21,
        41,
        39,
        5,
        14,
        30,
        21,
        48,
        18,
        26,
        89,
        135,
        76,
        44,
        83,
        65,
        82,
        57,
        76,
        32,
        31,
        48,
        69,
        145,
        58,
        29,
        40,
        36,
        39,
        31,
        48,
        6,
        21,
        26,
        33,
        24,
        34,
        23,
        81,
        26,
        58,
        35,
        54,
        75,
        31,
        41,
        31,
        101,
        115,
        77,
        49,
        36,
        64,
        41,
        17,
        19,
        43,
        23,
        58,
        24,
        50,
        34,
        75,
        156,
        36,
        150,
        18,
        62,
        49,
        51,
        47
    ],
    "real": [
        47,
        43,
        17,
        12,
        18,
        32,
        21,
        62,
        147,
        290,
        115,
        60,
        92,
        52,
        71,
        97,
        100,
        83,
        106,
        95,
        83,
        167,
        167,
        75,
        111,
        64,
        30,
        18,
        35,
        64,
        99,
        96,
        113,
        121,
        93,
        91,
        93,
        96,
        120,
        123,
        122,
        127,
        125,
        49,
        56,
        58,
        124,
        75,
        44,
        61,
        40,
        73,
        19,
        29,
        71,
        48,
        26,
        32,
        32,
        37,
        65,
        69,
        30,
        30,
        41,
        26,
        79,
        26,
        49,
        117,
        185,
        95,
        57,
        95,
        100,
        102,
        102,
        136,
        43,
        49,
        76,
        83,
        240,
        76,
        58,
        58,
        47,
        61,
        47,
        72,
        18,
        35,
        31,
        55,
        38,
        51,
        36,
        98,
        48,
        84,
        46,
        76,
        96,
        46,
        54,
        58,
        173,
        202,
        131,
        74,
        56,
        110,
        43,
        16,
        23,
        48,
        50,
        81,
        39,
        68,
        46,
        119,
        268,
        54,
        263,
        29,
        77,
        70,
        92,
        68
    ],
    "save_path": "..\\..\\results\\params_comparison/run_2/train/deformable-detr_0.2g_0.5r_0.55c_alls.json",
    "args": {
        "model_name": "deformable-detr",
        "grid_scale": 0.2,
        "confiance": 0.55,
        "resize_scale": 0.5,
        "images_path": "..\\..\\data\\datasets\\full_yolo\\train_valid\\images",
        "annotations_path": "..\\..\\data\\datasets\\full_yolo\\train_valid\\labels",
        "random_seed": 1010,
        "data_augmentation": true,
        "samples": "all",
        "show_image": false,
        "verbose": false,
        "save_path": "..\\..\\results\\params_comparison/run_2/train"
    }
}