{
    "model_name": "detr-resnet-50",
    "MAE": 9.823076923076924,
    "MAPE": 13.746784960085478,
    "RMSE": 15.926513936007659,
    "pred": [
        45,
        40,
        21,
        13,
        12,
        29,
        26,
        57,
        179,
        301,
        100,
        48,
        92,
        112,
        152,
        116,
        122,
        103,
        110,
        107,
        90,
        179,
        177,
        79,
        124,
        59,
        28,
        19,
        27,
        60,
        86,
        87,
        79,
        83,
        89,
        73,
        89,
        67,
        117,
        114,
        118,
        109,
        117,
        39,
        55,
        59,
        116,
        80,
        46,
        57,
        36,
        71,
        20,
        21,
        65,
        44,
        28,
        25,
        31,
        30,
        52,
        62,
        27,
        28,
        38,
        26,
        65,
        17,
        29,
        125,
        245,
        95,
        54,
        98,
        93,
        121,
        84,
        132,
        44,
        42,
        86,
        99,
        245,
        77,
        47,
        54,
        50,
        61,
        34,
        70,
        4,
        28,
        30,
        40,
        32,
        44,
        39,
        97,
        46,
        74,
        40,
        76,
        103,
        41,
        47,
        50,
        159,
        190,
        178,
        75,
        55,
        121,
        46,
        12,
        20,
        46,
        38,
        93,
        30,
        70,
        47,
        119,
        305,
        56,
        310,
        28,
        71,
        80,
        107,
        81
    ],
    "real": [
        47,
        43,
        17,
        12,
        18,
        32,
        21,
        62,
        147,
        290,
        115,
        60,
        92,
        52,
        71,
        97,
        100,
        83,
        106,
        95,
        83,
        167,
        167,
        75,
        111,
        64,
        30,
        18,
        35,
        64,
        99,
        96,
        113,
        121,
        93,
        91,
        93,
        96,
        120,
        123,
        122,
        127,
        125,
        49,
        56,
        58,
        124,
        75,
        44,
        61,
        40,
        73,
        19,
        29,
        71,
        48,
        26,
        32,
        32,
        37,
        65,
        69,
        30,
        30,
        41,
        26,
        79,
        26,
        49,
        117,
        185,
        95,
        57,
        95,
        100,
        102,
        102,
        136,
        43,
        49,
        76,
        83,
        240,
        76,
        58,
        58,
        47,
        61,
        47,
        72,
        18,
        35,
        31,
        55,
        38,
        51,
        36,
        98,
        48,
        84,
        46,
        76,
        96,
        46,
        54,
        58,
        173,
        202,
        131,
        74,
        56,
        110,
        43,
        16,
        23,
        48,
        50,
        81,
        39,
        68,
        46,
        119,
        268,
        54,
        263,
        29,
        77,
        70,
        92,
        68
    ],
    "save_path": "..\\..\\results\\params_comparison/run_2/train/detr-resnet-50_0.3g_0.5r_0.4c_alls.json",
    "args": {
        "model_name": "detr-resnet-50",
        "grid_scale": 0.3,
        "confiance": 0.4,
        "resize_scale": 0.5,
        "images_path": "..\\..\\data\\datasets\\full_yolo\\train_valid\\images",
        "annotations_path": "..\\..\\data\\datasets\\full_yolo\\train_valid\\labels",
        "random_seed": 1010,
        "data_augmentation": true,
        "samples": "all",
        "show_image": false,
        "verbose": false,
        "save_path": "..\\..\\results\\params_comparison/run_2/train"
    }
}