{
    "model_name": "detr-resnet-50",
    "MAE": 13.938461538461539,
    "MAPE": 19.444625611894494,
    "RMSE": 18.024342514414307,
    "pred": [
        33,
        38,
        9,
        10,
        16,
        27,
        21,
        53,
        134,
        246,
        84,
        44,
        76,
        53,
        90,
        85,
        87,
        93,
        99,
        85,
        72,
        157,
        154,
        69,
        108,
        47,
        25,
        11,
        25,
        54,
        81,
        75,
        67,
        83,
        78,
        60,
        71,
        64,
        91,
        107,
        94,
        103,
        100,
        44,
        46,
        53,
        80,
        54,
        39,
        50,
        32,
        62,
        17,
        26,
        62,
        36,
        20,
        30,
        23,
        29,
        50,
        52,
        24,
        22,
        31,
        20,
        51,
        16,
        22,
        99,
        171,
        79,
        53,
        83,
        74,
        96,
        77,
        97,
        35,
        35,
        69,
        75,
        195,
        71,
        48,
        45,
        36,
        50,
        24,
        61,
        0,
        31,
        28,
        47,
        19,
        33,
        29,
        94,
        34,
        72,
        34,
        56,
        74,
        38,
        50,
        41,
        132,
        164,
        142,
        56,
        43,
        90,
        37,
        11,
        18,
        47,
        44,
        83,
        34,
        56,
        45,
        91,
        199,
        50,
        252,
        21,
        74,
        64,
        90,
        77
    ],
    "real": [
        47,
        43,
        17,
        12,
        18,
        32,
        21,
        62,
        147,
        290,
        115,
        60,
        92,
        52,
        71,
        97,
        100,
        83,
        106,
        95,
        83,
        167,
        167,
        75,
        111,
        64,
        30,
        18,
        35,
        64,
        99,
        96,
        113,
        121,
        93,
        91,
        93,
        96,
        120,
        123,
        122,
        127,
        125,
        49,
        56,
        58,
        124,
        75,
        44,
        61,
        40,
        73,
        19,
        29,
        71,
        48,
        26,
        32,
        32,
        37,
        65,
        69,
        30,
        30,
        41,
        26,
        79,
        26,
        49,
        117,
        185,
        95,
        57,
        95,
        100,
        102,
        102,
        136,
        43,
        49,
        76,
        83,
        240,
        76,
        58,
        58,
        47,
        61,
        47,
        72,
        18,
        35,
        31,
        55,
        38,
        51,
        36,
        98,
        48,
        84,
        46,
        76,
        96,
        46,
        54,
        58,
        173,
        202,
        131,
        74,
        56,
        110,
        43,
        16,
        23,
        48,
        50,
        81,
        39,
        68,
        46,
        119,
        268,
        54,
        263,
        29,
        77,
        70,
        92,
        68
    ],
    "save_path": "..\\..\\results\\params_comparison/run_2/train/detr-resnet-50_0.3g_0.5r_0.7c_alls.json",
    "args": {
        "model_name": "detr-resnet-50",
        "grid_scale": 0.3,
        "confiance": 0.7,
        "resize_scale": 0.5,
        "images_path": "..\\..\\data\\datasets\\full_yolo\\train_valid\\images",
        "annotations_path": "..\\..\\data\\datasets\\full_yolo\\train_valid\\labels",
        "random_seed": 1010,
        "data_augmentation": true,
        "samples": "all",
        "show_image": false,
        "verbose": false,
        "save_path": "..\\..\\results\\params_comparison/run_2/train"
    }
}