{
    "model_name": "detr-resnet-50",
    "MAE": 25.93846153846154,
    "MAPE": 36.07266866380522,
    "RMSE": 30.538248400728804,
    "pred": [
        29,
        29,
        12,
        6,
        7,
        19,
        18,
        42,
        120,
        218,
        71,
        40,
        60,
        24,
        53,
        78,
        87,
        65,
        86,
        72,
        70,
        129,
        115,
        46,
        84,
        36,
        12,
        9,
        20,
        37,
        67,
        72,
        77,
        69,
        61,
        59,
        39,
        54,
        67,
        59,
        67,
        74,
        82,
        38,
        37,
        48,
        75,
        50,
        34,
        40,
        29,
        53,
        13,
        19,
        50,
        21,
        17,
        23,
        20,
        16,
        26,
        38,
        2,
        18,
        31,
        12,
        43,
        13,
        30,
        89,
        126,
        59,
        33,
        82,
        74,
        91,
        55,
        97,
        32,
        38,
        51,
        60,
        162,
        50,
        34,
        44,
        31,
        45,
        28,
        39,
        3,
        22,
        18,
        34,
        17,
        22,
        20,
        74,
        25,
        63,
        35,
        52,
        59,
        20,
        29,
        28,
        97,
        128,
        88,
        42,
        47,
        74,
        27,
        9,
        15,
        40,
        26,
        60,
        23,
        52,
        22,
        85,
        204,
        33,
        197,
        18,
        56,
        53,
        59,
        46
    ],
    "real": [
        47,
        43,
        17,
        12,
        18,
        32,
        21,
        62,
        147,
        290,
        115,
        60,
        92,
        52,
        71,
        97,
        100,
        83,
        106,
        95,
        83,
        167,
        167,
        75,
        111,
        64,
        30,
        18,
        35,
        64,
        99,
        96,
        113,
        121,
        93,
        91,
        93,
        96,
        120,
        123,
        122,
        127,
        125,
        49,
        56,
        58,
        124,
        75,
        44,
        61,
        40,
        73,
        19,
        29,
        71,
        48,
        26,
        32,
        32,
        37,
        65,
        69,
        30,
        30,
        41,
        26,
        79,
        26,
        49,
        117,
        185,
        95,
        57,
        95,
        100,
        102,
        102,
        136,
        43,
        49,
        76,
        83,
        240,
        76,
        58,
        58,
        47,
        61,
        47,
        72,
        18,
        35,
        31,
        55,
        38,
        51,
        36,
        98,
        48,
        84,
        46,
        76,
        96,
        46,
        54,
        58,
        173,
        202,
        131,
        74,
        56,
        110,
        43,
        16,
        23,
        48,
        50,
        81,
        39,
        68,
        46,
        119,
        268,
        54,
        263,
        29,
        77,
        70,
        92,
        68
    ],
    "save_path": "..\\..\\results\\params_comparison/run_2/train/detr-resnet-50_0.2g_0.5r_0.9c_alls.json",
    "args": {
        "model_name": "detr-resnet-50",
        "grid_scale": 0.2,
        "confiance": 0.9,
        "resize_scale": 0.5,
        "images_path": "..\\..\\data\\datasets\\full_yolo\\train_valid\\images",
        "annotations_path": "..\\..\\data\\datasets\\full_yolo\\train_valid\\labels",
        "random_seed": 1010,
        "data_augmentation": true,
        "samples": "all",
        "show_image": false,
        "verbose": false,
        "save_path": "..\\..\\results\\params_comparison/run_2/train"
    }
}