{
    "model_name": "detr-resnet-50",
    "MAE": 20.415384615384614,
    "MAPE": 28.471208521348775,
    "RMSE": 27.452616520946666,
    "pred": [
        45,
        46,
        10,
        9,
        12,
        30,
        15,
        52,
        195,
        214,
        74,
        33,
        57,
        145,
        149,
        141,
        143,
        118,
        134,
        132,
        94,
        221,
        215,
        95,
        151,
        46,
        28,
        11,
        22,
        65,
        38,
        65,
        60,
        53,
        74,
        76,
        66,
        42,
        83,
        105,
        156,
        145,
        149,
        60,
        59,
        57,
        128,
        76,
        40,
        41,
        41,
        81,
        12,
        26,
        51,
        30,
        21,
        24,
        29,
        20,
        38,
        58,
        24,
        29,
        38,
        22,
        62,
        7,
        38,
        135,
        221,
        107,
        65,
        137,
        100,
        145,
        104,
        136,
        37,
        21,
        66,
        103,
        265,
        106,
        66,
        59,
        32,
        52,
        1,
        65,
        0,
        26,
        28,
        65,
        35,
        47,
        58,
        129,
        29,
        61,
        24,
        73,
        110,
        40,
        48,
        62,
        142,
        180,
        168,
        42,
        40,
        146,
        41,
        11,
        39,
        58,
        64,
        93,
        23,
        72,
        64,
        90,
        248,
        105,
        291,
        25,
        99,
        123,
        140,
        103
    ],
    "real": [
        47,
        43,
        17,
        12,
        18,
        32,
        21,
        62,
        147,
        290,
        115,
        60,
        92,
        52,
        71,
        97,
        100,
        83,
        106,
        95,
        83,
        167,
        167,
        75,
        111,
        64,
        30,
        18,
        35,
        64,
        99,
        96,
        113,
        121,
        93,
        91,
        93,
        96,
        120,
        123,
        122,
        127,
        125,
        49,
        56,
        58,
        124,
        75,
        44,
        61,
        40,
        73,
        19,
        29,
        71,
        48,
        26,
        32,
        32,
        37,
        65,
        69,
        30,
        30,
        41,
        26,
        79,
        26,
        49,
        117,
        185,
        95,
        57,
        95,
        100,
        102,
        102,
        136,
        43,
        49,
        76,
        83,
        240,
        76,
        58,
        58,
        47,
        61,
        47,
        72,
        18,
        35,
        31,
        55,
        38,
        51,
        36,
        98,
        48,
        84,
        46,
        76,
        96,
        46,
        54,
        58,
        173,
        202,
        131,
        74,
        56,
        110,
        43,
        16,
        23,
        48,
        50,
        81,
        39,
        68,
        46,
        119,
        268,
        54,
        263,
        29,
        77,
        70,
        92,
        68
    ],
    "save_path": "..\\..\\results\\params_comparison/run_2/train/detr-resnet-50_0.5g_0.5r_0.5c_alls.json",
    "args": {
        "model_name": "detr-resnet-50",
        "grid_scale": 0.5,
        "confiance": 0.5,
        "resize_scale": 0.5,
        "images_path": "..\\..\\data\\datasets\\full_yolo\\train_valid\\images",
        "annotations_path": "..\\..\\data\\datasets\\full_yolo\\train_valid\\labels",
        "random_seed": 1010,
        "data_augmentation": true,
        "samples": "all",
        "show_image": false,
        "verbose": false,
        "save_path": "..\\..\\results\\params_comparison/run_2/train"
    }
}