{
    "model_name": "detr-resnet-50",
    "MAE": 24.338461538461537,
    "MAPE": 31.9598289318182,
    "RMSE": 30.867458593152758,
    "pred": [
        41,
        31,
        10,
        7,
        14,
        25,
        14,
        51,
        104,
        183,
        72,
        40,
        62,
        37,
        62,
        81,
        91,
        71,
        71,
        77,
        71,
        136,
        126,
        61,
        91,
        34,
        17,
        9,
        18,
        37,
        64,
        68,
        38,
        43,
        60,
        36,
        50,
        45,
        75,
        65,
        83,
        75,
        73,
        36,
        36,
        43,
        84,
        56,
        25,
        49,
        28,
        49,
        15,
        24,
        47,
        21,
        15,
        20,
        28,
        26,
        37,
        44,
        23,
        23,
        17,
        18,
        39,
        9,
        31,
        97,
        130,
        70,
        38,
        81,
        72,
        90,
        72,
        86,
        31,
        34,
        47,
        72,
        166,
        52,
        41,
        45,
        32,
        50,
        20,
        48,
        1,
        26,
        23,
        46,
        19,
        39,
        25,
        82,
        30,
        61,
        28,
        51,
        62,
        28,
        47,
        34,
        88,
        125,
        96,
        55,
        40,
        82,
        30,
        9,
        16,
        40,
        39,
        59,
        31,
        54,
        29,
        74,
        196,
        35,
        198,
        23,
        60,
        48,
        69,
        53
    ],
    "real": [
        47,
        43,
        17,
        12,
        18,
        32,
        21,
        62,
        147,
        290,
        115,
        60,
        92,
        52,
        71,
        97,
        100,
        83,
        106,
        95,
        83,
        167,
        167,
        75,
        111,
        64,
        30,
        18,
        35,
        64,
        99,
        96,
        113,
        121,
        93,
        91,
        93,
        96,
        120,
        123,
        122,
        127,
        125,
        49,
        56,
        58,
        124,
        75,
        44,
        61,
        40,
        73,
        19,
        29,
        71,
        48,
        26,
        32,
        32,
        37,
        65,
        69,
        30,
        30,
        41,
        26,
        79,
        26,
        49,
        117,
        185,
        95,
        57,
        95,
        100,
        102,
        102,
        136,
        43,
        49,
        76,
        83,
        240,
        76,
        58,
        58,
        47,
        61,
        47,
        72,
        18,
        35,
        31,
        55,
        38,
        51,
        36,
        98,
        48,
        84,
        46,
        76,
        96,
        46,
        54,
        58,
        173,
        202,
        131,
        74,
        56,
        110,
        43,
        16,
        23,
        48,
        50,
        81,
        39,
        68,
        46,
        119,
        268,
        54,
        263,
        29,
        77,
        70,
        92,
        68
    ],
    "save_path": "..\\..\\results\\params_comparison/run_2/train/detr-resnet-50_0.3g_0.5r_0.9c_alls.json",
    "args": {
        "model_name": "detr-resnet-50",
        "grid_scale": 0.3,
        "confiance": 0.9,
        "resize_scale": 0.5,
        "images_path": "..\\..\\data\\datasets\\full_yolo\\train_valid\\images",
        "annotations_path": "..\\..\\data\\datasets\\full_yolo\\train_valid\\labels",
        "random_seed": 1010,
        "data_augmentation": true,
        "samples": "all",
        "show_image": false,
        "verbose": false,
        "save_path": "..\\..\\results\\params_comparison/run_2/train"
    }
}