{
    "model_name": "detr-resnet-50",
    "MAE": 12.961538461538462,
    "MAPE": 18.988236624583603,
    "RMSE": 16.12618510850741,
    "pred": [
        35,
        43,
        11,
        11,
        18,
        31,
        23,
        53,
        160,
        260,
        94,
        45,
        73,
        40,
        88,
        103,
        101,
        83,
        115,
        97,
        72,
        152,
        157,
        67,
        105,
        47,
        30,
        16,
        27,
        51,
        89,
        79,
        78,
        83,
        78,
        70,
        47,
        75,
        88,
        95,
        84,
        101,
        95,
        37,
        46,
        56,
        103,
        60,
        39,
        54,
        31,
        65,
        17,
        25,
        60,
        21,
        20,
        26,
        30,
        25,
        34,
        46,
        11,
        13,
        34,
        19,
        52,
        15,
        32,
        106,
        176,
        65,
        40,
        97,
        87,
        100,
        68,
        115,
        33,
        42,
        70,
        75,
        213,
        64,
        45,
        49,
        38,
        59,
        38,
        56,
        4,
        29,
        21,
        42,
        28,
        34,
        25,
        83,
        37,
        63,
        43,
        71,
        83,
        27,
        42,
        47,
        134,
        167,
        121,
        55,
        38,
        93,
        38,
        11,
        18,
        46,
        34,
        71,
        38,
        57,
        42,
        100,
        256,
        45,
        251,
        24,
        71,
        71,
        101,
        52
    ],
    "real": [
        47,
        43,
        17,
        12,
        18,
        32,
        21,
        62,
        147,
        290,
        115,
        60,
        92,
        52,
        71,
        97,
        100,
        83,
        106,
        95,
        83,
        167,
        167,
        75,
        111,
        64,
        30,
        18,
        35,
        64,
        99,
        96,
        113,
        121,
        93,
        91,
        93,
        96,
        120,
        123,
        122,
        127,
        125,
        49,
        56,
        58,
        124,
        75,
        44,
        61,
        40,
        73,
        19,
        29,
        71,
        48,
        26,
        32,
        32,
        37,
        65,
        69,
        30,
        30,
        41,
        26,
        79,
        26,
        49,
        117,
        185,
        95,
        57,
        95,
        100,
        102,
        102,
        136,
        43,
        49,
        76,
        83,
        240,
        76,
        58,
        58,
        47,
        61,
        47,
        72,
        18,
        35,
        31,
        55,
        38,
        51,
        36,
        98,
        48,
        84,
        46,
        76,
        96,
        46,
        54,
        58,
        173,
        202,
        131,
        74,
        56,
        110,
        43,
        16,
        23,
        48,
        50,
        81,
        39,
        68,
        46,
        119,
        268,
        54,
        263,
        29,
        77,
        70,
        92,
        68
    ],
    "save_path": "..\\..\\results\\params_comparison/run_2/train/detr-resnet-50_0.2g_0.5r_0.6c_alls.json",
    "args": {
        "model_name": "detr-resnet-50",
        "grid_scale": 0.2,
        "confiance": 0.6,
        "resize_scale": 0.5,
        "images_path": "..\\..\\data\\datasets\\full_yolo\\train_valid\\images",
        "annotations_path": "..\\..\\data\\datasets\\full_yolo\\train_valid\\labels",
        "random_seed": 1010,
        "data_augmentation": true,
        "samples": "all",
        "show_image": false,
        "verbose": false,
        "save_path": "..\\..\\results\\params_comparison/run_2/train"
    }
}