{
    "model_name": "detr-resnet-50",
    "MAE": 30.515384615384615,
    "MAPE": 41.717835263000474,
    "RMSE": 39.72666223467172,
    "pred": [
        31,
        25,
        6,
        6,
        10,
        20,
        12,
        46,
        109,
        160,
        46,
        37,
        59,
        90,
        92,
        79,
        75,
        70,
        72,
        84,
        73,
        128,
        141,
        72,
        107,
        24,
        13,
        3,
        17,
        28,
        16,
        35,
        37,
        40,
        23,
        27,
        39,
        20,
        37,
        50,
        72,
        75,
        75,
        36,
        40,
        39,
        60,
        44,
        23,
        29,
        28,
        51,
        10,
        19,
        41,
        24,
        6,
        17,
        18,
        17,
        31,
        43,
        26,
        19,
        18,
        11,
        28,
        6,
        9,
        93,
        127,
        66,
        52,
        96,
        47,
        86,
        66,
        74,
        23,
        10,
        37,
        76,
        161,
        68,
        47,
        33,
        26,
        47,
        0,
        41,
        0,
        15,
        18,
        40,
        20,
        39,
        24,
        75,
        17,
        42,
        5,
        40,
        49,
        17,
        42,
        42,
        93,
        95,
        99,
        45,
        37,
        88,
        31,
        7,
        6,
        33,
        40,
        68,
        24,
        59,
        42,
        42,
        130,
        37,
        202,
        15,
        64,
        63,
        89,
        60
    ],
    "real": [
        47,
        43,
        17,
        12,
        18,
        32,
        21,
        62,
        147,
        290,
        115,
        60,
        92,
        52,
        71,
        97,
        100,
        83,
        106,
        95,
        83,
        167,
        167,
        75,
        111,
        64,
        30,
        18,
        35,
        64,
        99,
        96,
        113,
        121,
        93,
        91,
        93,
        96,
        120,
        123,
        122,
        127,
        125,
        49,
        56,
        58,
        124,
        75,
        44,
        61,
        40,
        73,
        19,
        29,
        71,
        48,
        26,
        32,
        32,
        37,
        65,
        69,
        30,
        30,
        41,
        26,
        79,
        26,
        49,
        117,
        185,
        95,
        57,
        95,
        100,
        102,
        102,
        136,
        43,
        49,
        76,
        83,
        240,
        76,
        58,
        58,
        47,
        61,
        47,
        72,
        18,
        35,
        31,
        55,
        38,
        51,
        36,
        98,
        48,
        84,
        46,
        76,
        96,
        46,
        54,
        58,
        173,
        202,
        131,
        74,
        56,
        110,
        43,
        16,
        23,
        48,
        50,
        81,
        39,
        68,
        46,
        119,
        268,
        54,
        263,
        29,
        77,
        70,
        92,
        68
    ],
    "save_path": "..\\..\\results\\params_comparison/run_2/train/detr-resnet-50_0.5g_0.5r_0.9c_alls.json",
    "args": {
        "model_name": "detr-resnet-50",
        "grid_scale": 0.5,
        "confiance": 0.9,
        "resize_scale": 0.5,
        "images_path": "..\\..\\data\\datasets\\full_yolo\\train_valid\\images",
        "annotations_path": "..\\..\\data\\datasets\\full_yolo\\train_valid\\labels",
        "random_seed": 1010,
        "data_augmentation": true,
        "samples": "all",
        "show_image": false,
        "verbose": false,
        "save_path": "..\\..\\results\\params_comparison/run_2/train"
    }
}