{
    "model_name": "detr-resnet-50",
    "MAE": 27.823076923076922,
    "MAPE": 36.70102174850087,
    "RMSE": 36.0152745373404,
    "pred": [
        37,
        30,
        8,
        6,
        11,
        21,
        14,
        34,
        117,
        171,
        54,
        37,
        53,
        42,
        87,
        94,
        61,
        61,
        87,
        90,
        57,
        138,
        124,
        62,
        97,
        29,
        21,
        6,
        14,
        41,
        40,
        56,
        41,
        30,
        51,
        33,
        29,
        16,
        57,
        59,
        74,
        81,
        71,
        37,
        37,
        44,
        76,
        44,
        32,
        35,
        29,
        55,
        16,
        25,
        52,
        20,
        13,
        25,
        28,
        22,
        37,
        53,
        24,
        17,
        19,
        16,
        29,
        7,
        17,
        90,
        106,
        57,
        47,
        71,
        60,
        87,
        53,
        78,
        38,
        28,
        56,
        70,
        131,
        58,
        42,
        44,
        33,
        42,
        0,
        45,
        0,
        20,
        15,
        33,
        21,
        36,
        20,
        79,
        16,
        49,
        24,
        54,
        69,
        21,
        34,
        44,
        94,
        121,
        103,
        56,
        42,
        90,
        29,
        9,
        15,
        32,
        34,
        62,
        30,
        51,
        35,
        66,
        162,
        37,
        217,
        19,
        59,
        51,
        73,
        57
    ],
    "real": [
        47,
        43,
        17,
        12,
        18,
        32,
        21,
        62,
        147,
        290,
        115,
        60,
        92,
        52,
        71,
        97,
        100,
        83,
        106,
        95,
        83,
        167,
        167,
        75,
        111,
        64,
        30,
        18,
        35,
        64,
        99,
        96,
        113,
        121,
        93,
        91,
        93,
        96,
        120,
        123,
        122,
        127,
        125,
        49,
        56,
        58,
        124,
        75,
        44,
        61,
        40,
        73,
        19,
        29,
        71,
        48,
        26,
        32,
        32,
        37,
        65,
        69,
        30,
        30,
        41,
        26,
        79,
        26,
        49,
        117,
        185,
        95,
        57,
        95,
        100,
        102,
        102,
        136,
        43,
        49,
        76,
        83,
        240,
        76,
        58,
        58,
        47,
        61,
        47,
        72,
        18,
        35,
        31,
        55,
        38,
        51,
        36,
        98,
        48,
        84,
        46,
        76,
        96,
        46,
        54,
        58,
        173,
        202,
        131,
        74,
        56,
        110,
        43,
        16,
        23,
        48,
        50,
        81,
        39,
        68,
        46,
        119,
        268,
        54,
        263,
        29,
        77,
        70,
        92,
        68
    ],
    "save_path": "..\\..\\results\\params_comparison/run_2/train/detr-resnet-50_0.4g_0.5r_0.9c_alls.json",
    "args": {
        "model_name": "detr-resnet-50",
        "grid_scale": 0.4,
        "confiance": 0.9,
        "resize_scale": 0.5,
        "images_path": "..\\..\\data\\datasets\\full_yolo\\train_valid\\images",
        "annotations_path": "..\\..\\data\\datasets\\full_yolo\\train_valid\\labels",
        "random_seed": 1010,
        "data_augmentation": true,
        "samples": "all",
        "show_image": false,
        "verbose": false,
        "save_path": "..\\..\\results\\params_comparison/run_2/train"
    }
}