{
    "model_name": "detr-resnet-50",
    "MAE": 16.56153846153846,
    "MAPE": 23.791539778235677,
    "RMSE": 21.945211498008117,
    "pred": [
        40,
        33,
        11,
        9,
        14,
        24,
        21,
        48,
        155,
        238,
        69,
        38,
        56,
        46,
        136,
        88,
        90,
        81,
        93,
        101,
        94,
        176,
        156,
        68,
        104,
        41,
        27,
        9,
        29,
        49,
        82,
        65,
        47,
        69,
        55,
        61,
        63,
        29,
        74,
        69,
        91,
        93,
        88,
        42,
        40,
        57,
        92,
        55,
        34,
        43,
        33,
        64,
        16,
        21,
        53,
        37,
        17,
        26,
        25,
        21,
        45,
        57,
        24,
        24,
        29,
        12,
        60,
        8,
        19,
        110,
        193,
        88,
        49,
        83,
        78,
        86,
        85,
        108,
        31,
        41,
        61,
        79,
        192,
        80,
        51,
        41,
        36,
        57,
        4,
        68,
        0,
        25,
        16,
        40,
        26,
        31,
        30,
        100,
        25,
        62,
        32,
        59,
        66,
        31,
        45,
        43,
        152,
        161,
        140,
        54,
        42,
        84,
        38,
        15,
        16,
        48,
        41,
        73,
        30,
        67,
        41,
        86,
        228,
        46,
        237,
        21,
        67,
        59,
        92,
        68
    ],
    "real": [
        47,
        43,
        17,
        12,
        18,
        32,
        21,
        62,
        147,
        290,
        115,
        60,
        92,
        52,
        71,
        97,
        100,
        83,
        106,
        95,
        83,
        167,
        167,
        75,
        111,
        64,
        30,
        18,
        35,
        64,
        99,
        96,
        113,
        121,
        93,
        91,
        93,
        96,
        120,
        123,
        122,
        127,
        125,
        49,
        56,
        58,
        124,
        75,
        44,
        61,
        40,
        73,
        19,
        29,
        71,
        48,
        26,
        32,
        32,
        37,
        65,
        69,
        30,
        30,
        41,
        26,
        79,
        26,
        49,
        117,
        185,
        95,
        57,
        95,
        100,
        102,
        102,
        136,
        43,
        49,
        76,
        83,
        240,
        76,
        58,
        58,
        47,
        61,
        47,
        72,
        18,
        35,
        31,
        55,
        38,
        51,
        36,
        98,
        48,
        84,
        46,
        76,
        96,
        46,
        54,
        58,
        173,
        202,
        131,
        74,
        56,
        110,
        43,
        16,
        23,
        48,
        50,
        81,
        39,
        68,
        46,
        119,
        268,
        54,
        263,
        29,
        77,
        70,
        92,
        68
    ],
    "save_path": "..\\..\\results\\params_comparison/run_2/train/detr-resnet-50_0.4g_0.5r_0.7c_alls.json",
    "args": {
        "model_name": "detr-resnet-50",
        "grid_scale": 0.4,
        "confiance": 0.7,
        "resize_scale": 0.5,
        "images_path": "..\\..\\data\\datasets\\full_yolo\\train_valid\\images",
        "annotations_path": "..\\..\\data\\datasets\\full_yolo\\train_valid\\labels",
        "random_seed": 1010,
        "data_augmentation": true,
        "samples": "all",
        "show_image": false,
        "verbose": false,
        "save_path": "..\\..\\results\\params_comparison/run_2/train"
    }
}