{
    "model_name": "detr-resnet-50",
    "MAE": 10.746153846153845,
    "MAPE": 15.489314302247777,
    "RMSE": 14.976648490233053,
    "pred": [
        44,
        40,
        12,
        9,
        15,
        25,
        16,
        60,
        170,
        271,
        100,
        47,
        82,
        87,
        133,
        103,
        102,
        95,
        107,
        102,
        95,
        171,
        166,
        73,
        121,
        55,
        25,
        13,
        30,
        57,
        89,
        80,
        80,
        92,
        71,
        64,
        64,
        77,
        101,
        87,
        105,
        104,
        104,
        45,
        50,
        52,
        120,
        59,
        38,
        57,
        39,
        65,
        15,
        30,
        55,
        37,
        19,
        26,
        24,
        36,
        51,
        60,
        24,
        23,
        39,
        23,
        53,
        17,
        45,
        108,
        203,
        89,
        57,
        96,
        94,
        130,
        79,
        111,
        38,
        42,
        75,
        84,
        233,
        75,
        47,
        64,
        39,
        55,
        27,
        71,
        0,
        31,
        25,
        46,
        26,
        38,
        31,
        91,
        37,
        70,
        42,
        69,
        100,
        40,
        45,
        44,
        148,
        178,
        168,
        64,
        47,
        99,
        42,
        14,
        21,
        48,
        42,
        78,
        38,
        60,
        44,
        97,
        286,
        46,
        319,
        26,
        70,
        78,
        105,
        68
    ],
    "real": [
        47,
        43,
        17,
        12,
        18,
        32,
        21,
        62,
        147,
        290,
        115,
        60,
        92,
        52,
        71,
        97,
        100,
        83,
        106,
        95,
        83,
        167,
        167,
        75,
        111,
        64,
        30,
        18,
        35,
        64,
        99,
        96,
        113,
        121,
        93,
        91,
        93,
        96,
        120,
        123,
        122,
        127,
        125,
        49,
        56,
        58,
        124,
        75,
        44,
        61,
        40,
        73,
        19,
        29,
        71,
        48,
        26,
        32,
        32,
        37,
        65,
        69,
        30,
        30,
        41,
        26,
        79,
        26,
        49,
        117,
        185,
        95,
        57,
        95,
        100,
        102,
        102,
        136,
        43,
        49,
        76,
        83,
        240,
        76,
        58,
        58,
        47,
        61,
        47,
        72,
        18,
        35,
        31,
        55,
        38,
        51,
        36,
        98,
        48,
        84,
        46,
        76,
        96,
        46,
        54,
        58,
        173,
        202,
        131,
        74,
        56,
        110,
        43,
        16,
        23,
        48,
        50,
        81,
        39,
        68,
        46,
        119,
        268,
        54,
        263,
        29,
        77,
        70,
        92,
        68
    ],
    "save_path": "..\\..\\results\\params_comparison/run_2/train/detr-resnet-50_0.3g_0.5r_0.5c_alls.json",
    "args": {
        "model_name": "detr-resnet-50",
        "grid_scale": 0.3,
        "confiance": 0.5,
        "resize_scale": 0.5,
        "images_path": "..\\..\\data\\datasets\\full_yolo\\train_valid\\images",
        "annotations_path": "..\\..\\data\\datasets\\full_yolo\\train_valid\\labels",
        "random_seed": 1010,
        "data_augmentation": true,
        "samples": "all",
        "show_image": false,
        "verbose": false,
        "save_path": "..\\..\\results\\params_comparison/run_2/train"
    }
}