{
    "model_name": "detr-resnet-50",
    "MAE": 16.323076923076922,
    "MAPE": 22.64290967314243,
    "RMSE": 20.12881593063116,
    "pred": [
        42,
        39,
        17,
        12,
        12,
        27,
        21,
        48,
        141,
        238,
        77,
        40,
        75,
        45,
        59,
        78,
        97,
        86,
        90,
        95,
        76,
        147,
        145,
        64,
        100,
        46,
        24,
        15,
        26,
        49,
        77,
        76,
        79,
        82,
        65,
        64,
        45,
        68,
        88,
        83,
        87,
        81,
        94,
        36,
        44,
        52,
        91,
        52,
        33,
        52,
        31,
        61,
        16,
        23,
        55,
        22,
        19,
        24,
        19,
        24,
        34,
        43,
        9,
        18,
        34,
        17,
        52,
        17,
        28,
        99,
        164,
        69,
        39,
        90,
        78,
        91,
        79,
        106,
        39,
        43,
        58,
        77,
        196,
        67,
        38,
        53,
        38,
        47,
        32,
        57,
        7,
        27,
        29,
        41,
        23,
        37,
        28,
        93,
        23,
        65,
        31,
        58,
        57,
        28,
        41,
        40,
        108,
        165,
        107,
        52,
        48,
        97,
        41,
        15,
        21,
        42,
        29,
        65,
        22,
        57,
        35,
        96,
        248,
        42,
        243,
        20,
        67,
        63,
        85,
        53
    ],
    "real": [
        47,
        43,
        17,
        12,
        18,
        32,
        21,
        62,
        147,
        290,
        115,
        60,
        92,
        52,
        71,
        97,
        100,
        83,
        106,
        95,
        83,
        167,
        167,
        75,
        111,
        64,
        30,
        18,
        35,
        64,
        99,
        96,
        113,
        121,
        93,
        91,
        93,
        96,
        120,
        123,
        122,
        127,
        125,
        49,
        56,
        58,
        124,
        75,
        44,
        61,
        40,
        73,
        19,
        29,
        71,
        48,
        26,
        32,
        32,
        37,
        65,
        69,
        30,
        30,
        41,
        26,
        79,
        26,
        49,
        117,
        185,
        95,
        57,
        95,
        100,
        102,
        102,
        136,
        43,
        49,
        76,
        83,
        240,
        76,
        58,
        58,
        47,
        61,
        47,
        72,
        18,
        35,
        31,
        55,
        38,
        51,
        36,
        98,
        48,
        84,
        46,
        76,
        96,
        46,
        54,
        58,
        173,
        202,
        131,
        74,
        56,
        110,
        43,
        16,
        23,
        48,
        50,
        81,
        39,
        68,
        46,
        119,
        268,
        54,
        263,
        29,
        77,
        70,
        92,
        68
    ],
    "save_path": "..\\..\\results\\params_comparison/run_2/train/detr-resnet-50_0.2g_0.5r_0.7c_alls.json",
    "args": {
        "model_name": "detr-resnet-50",
        "grid_scale": 0.2,
        "confiance": 0.7,
        "resize_scale": 0.5,
        "images_path": "..\\..\\data\\datasets\\full_yolo\\train_valid\\images",
        "annotations_path": "..\\..\\data\\datasets\\full_yolo\\train_valid\\labels",
        "random_seed": 1010,
        "data_augmentation": true,
        "samples": "all",
        "show_image": false,
        "verbose": false,
        "save_path": "..\\..\\results\\params_comparison/run_2/train"
    }
}