{
    "model_name": "detr-resnet-50",
    "MAE": 18.06923076923077,
    "MAPE": 24.78212121733594,
    "RMSE": 22.560175940394135,
    "pred": [
        40,
        33,
        11,
        9,
        11,
        35,
        18,
        54,
        132,
        223,
        71,
        44,
        67,
        54,
        78,
        74,
        85,
        64,
        98,
        87,
        73,
        142,
        148,
        60,
        104,
        52,
        21,
        10,
        22,
        51,
        80,
        74,
        57,
        71,
        59,
        67,
        61,
        54,
        79,
        78,
        89,
        88,
        88,
        35,
        42,
        48,
        86,
        57,
        34,
        50,
        33,
        65,
        16,
        22,
        49,
        16,
        11,
        23,
        25,
        23,
        46,
        56,
        19,
        26,
        24,
        19,
        48,
        15,
        31,
        106,
        154,
        73,
        47,
        77,
        80,
        86,
        77,
        96,
        34,
        38,
        50,
        72,
        183,
        62,
        49,
        46,
        36,
        48,
        24,
        62,
        1,
        26,
        23,
        46,
        21,
        38,
        33,
        81,
        24,
        53,
        28,
        54,
        74,
        32,
        48,
        34,
        129,
        147,
        100,
        65,
        47,
        87,
        34,
        15,
        16,
        43,
        39,
        59,
        25,
        57,
        38,
        96,
        242,
        49,
        197,
        22,
        65,
        57,
        80,
        66
    ],
    "real": [
        47,
        43,
        17,
        12,
        18,
        32,
        21,
        62,
        147,
        290,
        115,
        60,
        92,
        52,
        71,
        97,
        100,
        83,
        106,
        95,
        83,
        167,
        167,
        75,
        111,
        64,
        30,
        18,
        35,
        64,
        99,
        96,
        113,
        121,
        93,
        91,
        93,
        96,
        120,
        123,
        122,
        127,
        125,
        49,
        56,
        58,
        124,
        75,
        44,
        61,
        40,
        73,
        19,
        29,
        71,
        48,
        26,
        32,
        32,
        37,
        65,
        69,
        30,
        30,
        41,
        26,
        79,
        26,
        49,
        117,
        185,
        95,
        57,
        95,
        100,
        102,
        102,
        136,
        43,
        49,
        76,
        83,
        240,
        76,
        58,
        58,
        47,
        61,
        47,
        72,
        18,
        35,
        31,
        55,
        38,
        51,
        36,
        98,
        48,
        84,
        46,
        76,
        96,
        46,
        54,
        58,
        173,
        202,
        131,
        74,
        56,
        110,
        43,
        16,
        23,
        48,
        50,
        81,
        39,
        68,
        46,
        119,
        268,
        54,
        263,
        29,
        77,
        70,
        92,
        68
    ],
    "save_path": "..\\..\\results\\params_comparison/run_2/train/detr-resnet-50_0.3g_0.5r_0.8c_alls.json",
    "args": {
        "model_name": "detr-resnet-50",
        "grid_scale": 0.3,
        "confiance": 0.8,
        "resize_scale": 0.5,
        "images_path": "..\\..\\data\\datasets\\full_yolo\\train_valid\\images",
        "annotations_path": "..\\..\\data\\datasets\\full_yolo\\train_valid\\labels",
        "random_seed": 1010,
        "data_augmentation": true,
        "samples": "all",
        "show_image": false,
        "verbose": false,
        "save_path": "..\\..\\results\\params_comparison/run_2/train"
    }
}