{
    "model_name": "rtdetr-l",
    "MAE": 4.876923076923077,
    "MAPE": 7.755326271379643,
    "RMSE": 6.520972084212362,
    "pred": [
        53,
        49,
        19,
        12,
        20,
        38,
        25,
        68,
        144,
        305,
        116,
        62,
        87,
        46,
        73,
        102,
        108,
        83,
        110,
        104,
        81,
        169,
        168,
        79,
        120,
        68,
        33,
        14,
        36,
        82,
        104,
        102,
        124,
        130,
        99,
        103,
        94,
        102,
        128,
        131,
        128,
        130,
        137,
        53,
        61,
        70,
        133,
        75,
        46,
        71,
        43,
        87,
        21,
        35,
        73,
        53,
        27,
        35,
        36,
        38,
        68,
        77,
        35,
        32,
        43,
        29,
        88,
        26,
        54,
        129,
        183,
        99,
        54,
        98,
        100,
        103,
        113,
        132,
        46,
        52,
        77,
        87,
        244,
        78,
        56,
        64,
        47,
        68,
        48,
        80,
        3,
        35,
        31,
        48,
        28,
        53,
        36,
        98,
        48,
        81,
        50,
        82,
        98,
        51,
        53,
        60,
        150,
        197,
        113,
        76,
        59,
        96,
        45,
        21,
        21,
        53,
        52,
        78,
        39,
        71,
        41,
        123,
        252,
        60,
        250,
        30,
        79,
        66,
        91,
        72
    ],
    "real": [
        47,
        43,
        17,
        12,
        18,
        32,
        21,
        62,
        147,
        290,
        115,
        60,
        92,
        52,
        71,
        97,
        100,
        83,
        106,
        95,
        83,
        167,
        167,
        75,
        111,
        64,
        30,
        18,
        35,
        64,
        99,
        96,
        113,
        121,
        93,
        91,
        93,
        96,
        120,
        123,
        122,
        127,
        125,
        49,
        56,
        58,
        124,
        75,
        44,
        61,
        40,
        73,
        19,
        29,
        71,
        48,
        26,
        32,
        32,
        37,
        65,
        69,
        30,
        30,
        41,
        26,
        79,
        26,
        49,
        117,
        185,
        95,
        57,
        95,
        100,
        102,
        102,
        136,
        43,
        49,
        76,
        83,
        240,
        76,
        58,
        58,
        47,
        61,
        47,
        72,
        18,
        35,
        31,
        55,
        38,
        51,
        36,
        98,
        48,
        84,
        46,
        76,
        96,
        46,
        54,
        58,
        173,
        202,
        131,
        74,
        56,
        110,
        43,
        16,
        23,
        48,
        50,
        81,
        39,
        68,
        46,
        119,
        268,
        54,
        263,
        29,
        77,
        70,
        92,
        68
    ],
    "save_path": "..\\..\\results\\params_comparison/run_2/train/rtdetr-l_0.4g_0.5r_0.5c_alls.json",
    "args": {
        "model_name": "rtdetr-l",
        "grid_scale": 0.4,
        "confiance": 0.5,
        "resize_scale": 0.5,
        "images_path": "..\\..\\data\\datasets\\full_yolo\\train_valid\\images",
        "annotations_path": "..\\..\\data\\datasets\\full_yolo\\train_valid\\labels",
        "random_seed": 1010,
        "data_augmentation": true,
        "samples": "all",
        "show_image": false,
        "verbose": false,
        "save_path": "..\\..\\results\\params_comparison/run_2/train"
    }
}