{
    "model_name": "rtdetr-x",
    "MAE": 4.038461538461538,
    "MAPE": 5.963086361370365,
    "RMSE": 6.382066219553761,
    "pred": [
        45,
        44,
        15,
        13,
        17,
        35,
        24,
        60,
        125,
        280,
        113,
        59,
        87,
        43,
        66,
        94,
        97,
        75,
        100,
        95,
        78,
        171,
        167,
        72,
        109,
        65,
        29,
        15,
        34,
        75,
        99,
        102,
        119,
        124,
        100,
        95,
        96,
        98,
        120,
        124,
        121,
        130,
        131,
        49,
        57,
        60,
        125,
        73,
        44,
        66,
        42,
        77,
        20,
        32,
        70,
        47,
        24,
        31,
        33,
        36,
        53,
        67,
        29,
        30,
        45,
        25,
        83,
        31,
        51,
        115,
        162,
        91,
        56,
        98,
        100,
        102,
        100,
        127,
        43,
        46,
        73,
        84,
        232,
        79,
        52,
        56,
        43,
        58,
        49,
        74,
        6,
        36,
        31,
        49,
        24,
        47,
        36,
        95,
        45,
        80,
        50,
        77,
        93,
        42,
        52,
        52,
        151,
        189,
        111,
        74,
        57,
        97,
        43,
        19,
        24,
        49,
        46,
        76,
        31,
        68,
        42,
        122,
        251,
        54,
        238,
        27,
        76,
        70,
        80,
        67
    ],
    "real": [
        47,
        43,
        17,
        12,
        18,
        32,
        21,
        62,
        147,
        290,
        115,
        60,
        92,
        52,
        71,
        97,
        100,
        83,
        106,
        95,
        83,
        167,
        167,
        75,
        111,
        64,
        30,
        18,
        35,
        64,
        99,
        96,
        113,
        121,
        93,
        91,
        93,
        96,
        120,
        123,
        122,
        127,
        125,
        49,
        56,
        58,
        124,
        75,
        44,
        61,
        40,
        73,
        19,
        29,
        71,
        48,
        26,
        32,
        32,
        37,
        65,
        69,
        30,
        30,
        41,
        26,
        79,
        26,
        49,
        117,
        185,
        95,
        57,
        95,
        100,
        102,
        102,
        136,
        43,
        49,
        76,
        83,
        240,
        76,
        58,
        58,
        47,
        61,
        47,
        72,
        18,
        35,
        31,
        55,
        38,
        51,
        36,
        98,
        48,
        84,
        46,
        76,
        96,
        46,
        54,
        58,
        173,
        202,
        131,
        74,
        56,
        110,
        43,
        16,
        23,
        48,
        50,
        81,
        39,
        68,
        46,
        119,
        268,
        54,
        263,
        29,
        77,
        70,
        92,
        68
    ],
    "save_path": "..\\..\\results\\params_comparison/run_2/train/rtdetr-x_0.2g_0.5r_0.7c_alls.json",
    "args": {
        "model_name": "rtdetr-x",
        "grid_scale": 0.2,
        "confiance": 0.7,
        "resize_scale": 0.5,
        "images_path": "..\\..\\data\\datasets\\full_yolo\\train_valid\\images",
        "annotations_path": "..\\..\\data\\datasets\\full_yolo\\train_valid\\labels",
        "random_seed": 1010,
        "data_augmentation": true,
        "samples": "all",
        "show_image": false,
        "verbose": false,
        "save_path": "..\\..\\results\\params_comparison/run_2/train"
    }
}