{
    "model_name": "rtdetr-x",
    "MAE": 4.561538461538461,
    "MAPE": 7.442452858832802,
    "RMSE": 5.986523326477693,
    "pred": [
        51,
        47,
        17,
        15,
        21,
        36,
        28,
        65,
        151,
        301,
        120,
        63,
        94,
        53,
        76,
        95,
        104,
        85,
        106,
        99,
        87,
        167,
        166,
        76,
        118,
        69,
        34,
        18,
        37,
        80,
        102,
        102,
        120,
        129,
        97,
        101,
        96,
        99,
        127,
        123,
        134,
        130,
        139,
        50,
        61,
        67,
        132,
        78,
        49,
        69,
        45,
        84,
        22,
        31,
        75,
        54,
        29,
        36,
        28,
        38,
        66,
        81,
        32,
        31,
        46,
        27,
        89,
        29,
        57,
        125,
        192,
        95,
        57,
        104,
        110,
        102,
        109,
        139,
        48,
        50,
        81,
        88,
        259,
        77,
        57,
        64,
        50,
        72,
        46,
        79,
        11,
        37,
        35,
        54,
        26,
        51,
        36,
        99,
        50,
        86,
        50,
        80,
        96,
        55,
        48,
        61,
        156,
        200,
        127,
        82,
        59,
        97,
        45,
        19,
        24,
        52,
        50,
        79,
        36,
        81,
        45,
        123,
        270,
        61,
        266,
        28,
        77,
        68,
        101,
        75
    ],
    "real": [
        47,
        43,
        17,
        12,
        18,
        32,
        21,
        62,
        147,
        290,
        115,
        60,
        92,
        52,
        71,
        97,
        100,
        83,
        106,
        95,
        83,
        167,
        167,
        75,
        111,
        64,
        30,
        18,
        35,
        64,
        99,
        96,
        113,
        121,
        93,
        91,
        93,
        96,
        120,
        123,
        122,
        127,
        125,
        49,
        56,
        58,
        124,
        75,
        44,
        61,
        40,
        73,
        19,
        29,
        71,
        48,
        26,
        32,
        32,
        37,
        65,
        69,
        30,
        30,
        41,
        26,
        79,
        26,
        49,
        117,
        185,
        95,
        57,
        95,
        100,
        102,
        102,
        136,
        43,
        49,
        76,
        83,
        240,
        76,
        58,
        58,
        47,
        61,
        47,
        72,
        18,
        35,
        31,
        55,
        38,
        51,
        36,
        98,
        48,
        84,
        46,
        76,
        96,
        46,
        54,
        58,
        173,
        202,
        131,
        74,
        56,
        110,
        43,
        16,
        23,
        48,
        50,
        81,
        39,
        68,
        46,
        119,
        268,
        54,
        263,
        29,
        77,
        70,
        92,
        68
    ],
    "save_path": "..\\..\\results\\params_comparison/run_2/train/rtdetr-x_0.3g_0.5r_0.6c_alls.json",
    "args": {
        "model_name": "rtdetr-x",
        "grid_scale": 0.3,
        "confiance": 0.6,
        "resize_scale": 0.5,
        "images_path": "..\\..\\data\\datasets\\full_yolo\\train_valid\\images",
        "annotations_path": "..\\..\\data\\datasets\\full_yolo\\train_valid\\labels",
        "random_seed": 1010,
        "data_augmentation": true,
        "samples": "all",
        "show_image": false,
        "verbose": false,
        "save_path": "..\\..\\results\\params_comparison/run_2/train"
    }
}