{
    "model_name": "rtdetr-x",
    "MAE": 33.676923076923075,
    "MAPE": 39.10594216808096,
    "RMSE": 47.13140387012921,
    "pred": [
        37,
        37,
        11,
        9,
        16,
        31,
        20,
        49,
        57,
        107,
        67,
        28,
        40,
        11,
        31,
        35,
        53,
        38,
        60,
        62,
        51,
        90,
        95,
        47,
        54,
        23,
        15,
        7,
        17,
        45,
        53,
        71,
        67,
        85,
        60,
        58,
        35,
        64,
        82,
        75,
        73,
        75,
        78,
        35,
        45,
        46,
        66,
        52,
        36,
        46,
        34,
        51,
        16,
        27,
        49,
        38,
        20,
        28,
        23,
        28,
        42,
        55,
        25,
        26,
        27,
        17,
        48,
        16,
        36,
        82,
        75,
        45,
        33,
        53,
        69,
        67,
        63,
        87,
        36,
        24,
        45,
        46,
        101,
        56,
        32,
        36,
        37,
        50,
        25,
        59,
        0,
        21,
        19,
        36,
        16,
        39,
        25,
        59,
        20,
        51,
        31,
        47,
        49,
        19,
        34,
        32,
        63,
        79,
        43,
        48,
        36,
        60,
        38,
        12,
        11,
        35,
        27,
        35,
        26,
        43,
        22,
        59,
        80,
        34,
        101,
        9,
        46,
        30,
        36,
        30
    ],
    "real": [
        47,
        43,
        17,
        12,
        18,
        32,
        21,
        62,
        147,
        290,
        115,
        60,
        92,
        52,
        71,
        97,
        100,
        83,
        106,
        95,
        83,
        167,
        167,
        75,
        111,
        64,
        30,
        18,
        35,
        64,
        99,
        96,
        113,
        121,
        93,
        91,
        93,
        96,
        120,
        123,
        122,
        127,
        125,
        49,
        56,
        58,
        124,
        75,
        44,
        61,
        40,
        73,
        19,
        29,
        71,
        48,
        26,
        32,
        32,
        37,
        65,
        69,
        30,
        30,
        41,
        26,
        79,
        26,
        49,
        117,
        185,
        95,
        57,
        95,
        100,
        102,
        102,
        136,
        43,
        49,
        76,
        83,
        240,
        76,
        58,
        58,
        47,
        61,
        47,
        72,
        18,
        35,
        31,
        55,
        38,
        51,
        36,
        98,
        48,
        84,
        46,
        76,
        96,
        46,
        54,
        58,
        173,
        202,
        131,
        74,
        56,
        110,
        43,
        16,
        23,
        48,
        50,
        81,
        39,
        68,
        46,
        119,
        268,
        54,
        263,
        29,
        77,
        70,
        92,
        68
    ],
    "save_path": "..\\..\\results\\params_comparison/run_2/train/rtdetr-x_0.4g_0.5r_0.8c_alls.json",
    "args": {
        "model_name": "rtdetr-x",
        "grid_scale": 0.4,
        "confiance": 0.8,
        "resize_scale": 0.5,
        "images_path": "..\\..\\data\\datasets\\full_yolo\\train_valid\\images",
        "annotations_path": "..\\..\\data\\datasets\\full_yolo\\train_valid\\labels",
        "random_seed": 1010,
        "data_augmentation": true,
        "samples": "all",
        "show_image": false,
        "verbose": false,
        "save_path": "..\\..\\results\\params_comparison/run_2/train"
    }
}