{
    "model_name": "rtdetr-l",
    "MAE": 10.015384615384615,
    "MAPE": 14.5565475361479,
    "RMSE": 12.363096450572318,
    "pred": [
        56,
        49,
        20,
        13,
        21,
        35,
        25,
        72,
        162,
        352,
        124,
        68,
        100,
        56,
        81,
        109,
        105,
        82,
        116,
        110,
        87,
        185,
        181,
        85,
        134,
        72,
        36,
        20,
        44,
        84,
        108,
        114,
        129,
        138,
        111,
        111,
        107,
        107,
        134,
        129,
        138,
        137,
        140,
        62,
        66,
        75,
        149,
        89,
        53,
        71,
        50,
        86,
        22,
        38,
        86,
        53,
        28,
        41,
        33,
        42,
        73,
        88,
        33,
        34,
        49,
        33,
        90,
        33,
        55,
        134,
        202,
        106,
        65,
        111,
        114,
        107,
        117,
        156,
        50,
        56,
        88,
        91,
        259,
        82,
        68,
        66,
        53,
        73,
        53,
        83,
        6,
        43,
        36,
        50,
        29,
        55,
        37,
        104,
        48,
        90,
        58,
        90,
        103,
        59,
        52,
        65,
        167,
        207,
        135,
        82,
        60,
        103,
        54,
        19,
        24,
        60,
        56,
        94,
        47,
        85,
        48,
        136,
        298,
        67,
        274,
        31,
        84,
        67,
        111,
        76
    ],
    "real": [
        47,
        43,
        17,
        12,
        18,
        32,
        21,
        62,
        147,
        290,
        115,
        60,
        92,
        52,
        71,
        97,
        100,
        83,
        106,
        95,
        83,
        167,
        167,
        75,
        111,
        64,
        30,
        18,
        35,
        64,
        99,
        96,
        113,
        121,
        93,
        91,
        93,
        96,
        120,
        123,
        122,
        127,
        125,
        49,
        56,
        58,
        124,
        75,
        44,
        61,
        40,
        73,
        19,
        29,
        71,
        48,
        26,
        32,
        32,
        37,
        65,
        69,
        30,
        30,
        41,
        26,
        79,
        26,
        49,
        117,
        185,
        95,
        57,
        95,
        100,
        102,
        102,
        136,
        43,
        49,
        76,
        83,
        240,
        76,
        58,
        58,
        47,
        61,
        47,
        72,
        18,
        35,
        31,
        55,
        38,
        51,
        36,
        98,
        48,
        84,
        46,
        76,
        96,
        46,
        54,
        58,
        173,
        202,
        131,
        74,
        56,
        110,
        43,
        16,
        23,
        48,
        50,
        81,
        39,
        68,
        46,
        119,
        268,
        54,
        263,
        29,
        77,
        70,
        92,
        68
    ],
    "save_path": "..\\..\\results\\params_comparison/run_2/train/rtdetr-l_0.3g_0.5r_0.4c_alls.json",
    "args": {
        "model_name": "rtdetr-l",
        "grid_scale": 0.3,
        "confiance": 0.4,
        "resize_scale": 0.5,
        "images_path": "..\\..\\data\\datasets\\full_yolo\\train_valid\\images",
        "annotations_path": "..\\..\\data\\datasets\\full_yolo\\train_valid\\labels",
        "random_seed": 1010,
        "data_augmentation": true,
        "samples": "all",
        "show_image": false,
        "verbose": false,
        "save_path": "..\\..\\results\\params_comparison/run_2/train"
    }
}