{
    "model_name": "rtdetr-x",
    "MAE": 28.623076923076923,
    "MAPE": 34.348503316110566,
    "RMSE": 40.25944705187935,
    "pred": [
        35,
        37,
        11,
        8,
        14,
        27,
        16,
        47,
        66,
        120,
        76,
        34,
        55,
        15,
        39,
        61,
        67,
        46,
        50,
        60,
        62,
        110,
        113,
        49,
        62,
        26,
        20,
        6,
        19,
        49,
        68,
        73,
        86,
        94,
        69,
        67,
        54,
        72,
        88,
        82,
        71,
        85,
        91,
        40,
        47,
        48,
        80,
        61,
        33,
        50,
        35,
        58,
        13,
        26,
        53,
        33,
        18,
        27,
        25,
        30,
        47,
        51,
        25,
        25,
        21,
        16,
        60,
        20,
        36,
        82,
        86,
        54,
        41,
        63,
        75,
        71,
        63,
        89,
        34,
        32,
        52,
        59,
        129,
        45,
        41,
        40,
        34,
        49,
        23,
        62,
        0,
        22,
        23,
        37,
        18,
        36,
        26,
        59,
        23,
        56,
        31,
        59,
        57,
        31,
        37,
        34,
        77,
        94,
        54,
        58,
        43,
        64,
        38,
        11,
        9,
        38,
        29,
        42,
        24,
        39,
        22,
        82,
        102,
        35,
        130,
        16,
        51,
        39,
        38,
        44
    ],
    "real": [
        47,
        43,
        17,
        12,
        18,
        32,
        21,
        62,
        147,
        290,
        115,
        60,
        92,
        52,
        71,
        97,
        100,
        83,
        106,
        95,
        83,
        167,
        167,
        75,
        111,
        64,
        30,
        18,
        35,
        64,
        99,
        96,
        113,
        121,
        93,
        91,
        93,
        96,
        120,
        123,
        122,
        127,
        125,
        49,
        56,
        58,
        124,
        75,
        44,
        61,
        40,
        73,
        19,
        29,
        71,
        48,
        26,
        32,
        32,
        37,
        65,
        69,
        30,
        30,
        41,
        26,
        79,
        26,
        49,
        117,
        185,
        95,
        57,
        95,
        100,
        102,
        102,
        136,
        43,
        49,
        76,
        83,
        240,
        76,
        58,
        58,
        47,
        61,
        47,
        72,
        18,
        35,
        31,
        55,
        38,
        51,
        36,
        98,
        48,
        84,
        46,
        76,
        96,
        46,
        54,
        58,
        173,
        202,
        131,
        74,
        56,
        110,
        43,
        16,
        23,
        48,
        50,
        81,
        39,
        68,
        46,
        119,
        268,
        54,
        263,
        29,
        77,
        70,
        92,
        68
    ],
    "save_path": "..\\..\\results\\params_comparison/run_2/train/rtdetr-x_0.3g_0.5r_0.8c_alls.json",
    "args": {
        "model_name": "rtdetr-x",
        "grid_scale": 0.3,
        "confiance": 0.8,
        "resize_scale": 0.5,
        "images_path": "..\\..\\data\\datasets\\full_yolo\\train_valid\\images",
        "annotations_path": "..\\..\\data\\datasets\\full_yolo\\train_valid\\labels",
        "random_seed": 1010,
        "data_augmentation": true,
        "samples": "all",
        "show_image": false,
        "verbose": false,
        "save_path": "..\\..\\results\\params_comparison/run_2/train"
    }
}