{
    "model_name": "rtdetr-x",
    "MAE": 8.707692307692307,
    "MAPE": 9.970323681660307,
    "RMSE": 16.91744661584602,
    "pred": [
        46,
        44,
        19,
        13,
        19,
        33,
        24,
        60,
        112,
        177,
        95,
        53,
        77,
        36,
        62,
        87,
        94,
        67,
        92,
        87,
        79,
        156,
        154,
        75,
        103,
        55,
        27,
        14,
        27,
        70,
        89,
        90,
        113,
        113,
        89,
        88,
        83,
        84,
        113,
        113,
        118,
        117,
        116,
        49,
        56,
        62,
        105,
        71,
        43,
        59,
        39,
        72,
        20,
        32,
        68,
        46,
        25,
        34,
        31,
        36,
        65,
        67,
        27,
        30,
        36,
        22,
        79,
        23,
        49,
        112,
        159,
        88,
        51,
        91,
        94,
        89,
        91,
        120,
        42,
        46,
        74,
        79,
        204,
        75,
        54,
        53,
        46,
        58,
        41,
        71,
        0,
        36,
        29,
        47,
        24,
        49,
        33,
        94,
        41,
        79,
        43,
        73,
        90,
        38,
        47,
        47,
        134,
        162,
        95,
        72,
        53,
        93,
        44,
        17,
        18,
        45,
        46,
        75,
        34,
        66,
        41,
        105,
        188,
        52,
        199,
        23,
        72,
        60,
        81,
        63
    ],
    "real": [
        47,
        43,
        17,
        12,
        18,
        32,
        21,
        62,
        147,
        290,
        115,
        60,
        92,
        52,
        71,
        97,
        100,
        83,
        106,
        95,
        83,
        167,
        167,
        75,
        111,
        64,
        30,
        18,
        35,
        64,
        99,
        96,
        113,
        121,
        93,
        91,
        93,
        96,
        120,
        123,
        122,
        127,
        125,
        49,
        56,
        58,
        124,
        75,
        44,
        61,
        40,
        73,
        19,
        29,
        71,
        48,
        26,
        32,
        32,
        37,
        65,
        69,
        30,
        30,
        41,
        26,
        79,
        26,
        49,
        117,
        185,
        95,
        57,
        95,
        100,
        102,
        102,
        136,
        43,
        49,
        76,
        83,
        240,
        76,
        58,
        58,
        47,
        61,
        47,
        72,
        18,
        35,
        31,
        55,
        38,
        51,
        36,
        98,
        48,
        84,
        46,
        76,
        96,
        46,
        54,
        58,
        173,
        202,
        131,
        74,
        56,
        110,
        43,
        16,
        23,
        48,
        50,
        81,
        39,
        68,
        46,
        119,
        268,
        54,
        263,
        29,
        77,
        70,
        92,
        68
    ],
    "save_path": "..\\..\\results\\params_comparison/run_2/train/rtdetr-x_0.5g_0.5r_0.7c_alls.json",
    "args": {
        "model_name": "rtdetr-x",
        "grid_scale": 0.5,
        "confiance": 0.7,
        "resize_scale": 0.5,
        "images_path": "..\\..\\data\\datasets\\full_yolo\\train_valid\\images",
        "annotations_path": "..\\..\\data\\datasets\\full_yolo\\train_valid\\labels",
        "random_seed": 1010,
        "data_augmentation": true,
        "samples": "all",
        "show_image": false,
        "verbose": false,
        "save_path": "..\\..\\results\\params_comparison/run_2/train"
    }
}