{
    "model_name": "rtdetr-l",
    "MAE": 4.546153846153846,
    "MAPE": 7.035807003366436,
    "RMSE": 7.694653488474469,
    "pred": [
        49,
        48,
        20,
        11,
        22,
        39,
        27,
        65,
        134,
        269,
        112,
        62,
        91,
        42,
        69,
        93,
        98,
        80,
        103,
        97,
        82,
        160,
        168,
        80,
        109,
        62,
        31,
        16,
        32,
        72,
        99,
        98,
        117,
        117,
        97,
        96,
        91,
        94,
        120,
        122,
        118,
        121,
        127,
        53,
        58,
        64,
        120,
        78,
        50,
        63,
        44,
        81,
        21,
        31,
        73,
        53,
        26,
        34,
        26,
        37,
        60,
        75,
        31,
        32,
        41,
        24,
        76,
        23,
        54,
        125,
        172,
        92,
        56,
        94,
        105,
        100,
        100,
        133,
        44,
        51,
        76,
        84,
        237,
        79,
        58,
        60,
        43,
        68,
        42,
        81,
        0,
        36,
        30,
        50,
        25,
        51,
        34,
        96,
        42,
        81,
        47,
        78,
        91,
        48,
        47,
        55,
        137,
        189,
        115,
        74,
        57,
        92,
        47,
        18,
        22,
        47,
        51,
        82,
        38,
        70,
        41,
        115,
        228,
        56,
        229,
        23,
        79,
        70,
        91,
        72
    ],
    "real": [
        47,
        43,
        17,
        12,
        18,
        32,
        21,
        62,
        147,
        290,
        115,
        60,
        92,
        52,
        71,
        97,
        100,
        83,
        106,
        95,
        83,
        167,
        167,
        75,
        111,
        64,
        30,
        18,
        35,
        64,
        99,
        96,
        113,
        121,
        93,
        91,
        93,
        96,
        120,
        123,
        122,
        127,
        125,
        49,
        56,
        58,
        124,
        75,
        44,
        61,
        40,
        73,
        19,
        29,
        71,
        48,
        26,
        32,
        32,
        37,
        65,
        69,
        30,
        30,
        41,
        26,
        79,
        26,
        49,
        117,
        185,
        95,
        57,
        95,
        100,
        102,
        102,
        136,
        43,
        49,
        76,
        83,
        240,
        76,
        58,
        58,
        47,
        61,
        47,
        72,
        18,
        35,
        31,
        55,
        38,
        51,
        36,
        98,
        48,
        84,
        46,
        76,
        96,
        46,
        54,
        58,
        173,
        202,
        131,
        74,
        56,
        110,
        43,
        16,
        23,
        48,
        50,
        81,
        39,
        68,
        46,
        119,
        268,
        54,
        263,
        29,
        77,
        70,
        92,
        68
    ],
    "save_path": "..\\..\\results\\params_comparison/run_2/train/rtdetr-l_0.5g_0.5r_0.5c_alls.json",
    "args": {
        "model_name": "rtdetr-l",
        "grid_scale": 0.5,
        "confiance": 0.5,
        "resize_scale": 0.5,
        "images_path": "..\\..\\data\\datasets\\full_yolo\\train_valid\\images",
        "annotations_path": "..\\..\\data\\datasets\\full_yolo\\train_valid\\labels",
        "random_seed": 1010,
        "data_augmentation": true,
        "samples": "all",
        "show_image": false,
        "verbose": false,
        "save_path": "..\\..\\results\\params_comparison/run_2/train"
    }
}