{
    "model_name": "rtdetr-x",
    "MAE": 6.2615384615384615,
    "MAPE": 9.257361566391952,
    "RMSE": 7.797435475847171,
    "pred": [
        56,
        48,
        21,
        14,
        19,
        35,
        23,
        66,
        154,
        313,
        125,
        63,
        93,
        51,
        77,
        104,
        107,
        83,
        114,
        101,
        87,
        184,
        181,
        85,
        119,
        68,
        33,
        18,
        39,
        81,
        104,
        112,
        128,
        132,
        102,
        103,
        102,
        102,
        135,
        132,
        131,
        136,
        135,
        60,
        62,
        71,
        141,
        81,
        46,
        72,
        45,
        86,
        23,
        35,
        75,
        52,
        27,
        37,
        30,
        40,
        68,
        74,
        27,
        35,
        47,
        27,
        96,
        31,
        54,
        138,
        188,
        96,
        58,
        103,
        112,
        106,
        113,
        144,
        49,
        54,
        79,
        88,
        250,
        80,
        56,
        61,
        49,
        68,
        51,
        83,
        9,
        37,
        34,
        53,
        27,
        56,
        34,
        104,
        49,
        86,
        53,
        79,
        96,
        50,
        51,
        64,
        162,
        208,
        129,
        78,
        65,
        100,
        46,
        16,
        24,
        49,
        51,
        92,
        33,
        76,
        48,
        134,
        272,
        62,
        270,
        28,
        78,
        73,
        99,
        76
    ],
    "real": [
        47,
        43,
        17,
        12,
        18,
        32,
        21,
        62,
        147,
        290,
        115,
        60,
        92,
        52,
        71,
        97,
        100,
        83,
        106,
        95,
        83,
        167,
        167,
        75,
        111,
        64,
        30,
        18,
        35,
        64,
        99,
        96,
        113,
        121,
        93,
        91,
        93,
        96,
        120,
        123,
        122,
        127,
        125,
        49,
        56,
        58,
        124,
        75,
        44,
        61,
        40,
        73,
        19,
        29,
        71,
        48,
        26,
        32,
        32,
        37,
        65,
        69,
        30,
        30,
        41,
        26,
        79,
        26,
        49,
        117,
        185,
        95,
        57,
        95,
        100,
        102,
        102,
        136,
        43,
        49,
        76,
        83,
        240,
        76,
        58,
        58,
        47,
        61,
        47,
        72,
        18,
        35,
        31,
        55,
        38,
        51,
        36,
        98,
        48,
        84,
        46,
        76,
        96,
        46,
        54,
        58,
        173,
        202,
        131,
        74,
        56,
        110,
        43,
        16,
        23,
        48,
        50,
        81,
        39,
        68,
        46,
        119,
        268,
        54,
        263,
        29,
        77,
        70,
        92,
        68
    ],
    "save_path": "..\\..\\results\\params_comparison/run_2/train/rtdetr-x_0.2g_0.5r_0.6c_alls.json",
    "args": {
        "model_name": "rtdetr-x",
        "grid_scale": 0.2,
        "confiance": 0.6,
        "resize_scale": 0.5,
        "images_path": "..\\..\\data\\datasets\\full_yolo\\train_valid\\images",
        "annotations_path": "..\\..\\data\\datasets\\full_yolo\\train_valid\\labels",
        "random_seed": 1010,
        "data_augmentation": true,
        "samples": "all",
        "show_image": false,
        "verbose": false,
        "save_path": "..\\..\\results\\params_comparison/run_2/train"
    }
}