{
    "model_name": "rtdetr-x",
    "MAE": 29.03076923076923,
    "MAPE": 36.39333993721469,
    "RMSE": 37.376874792186264,
    "pred": [
        38,
        33,
        10,
        9,
        12,
        22,
        13,
        40,
        83,
        159,
        74,
        35,
        56,
        28,
        37,
        52,
        73,
        45,
        50,
        60,
        55,
        111,
        114,
        48,
        66,
        31,
        20,
        10,
        18,
        50,
        67,
        70,
        79,
        87,
        76,
        64,
        64,
        74,
        88,
        87,
        82,
        88,
        87,
        36,
        43,
        43,
        84,
        57,
        34,
        45,
        32,
        52,
        17,
        24,
        46,
        33,
        20,
        24,
        23,
        27,
        31,
        42,
        21,
        23,
        27,
        15,
        60,
        19,
        32,
        63,
        80,
        45,
        30,
        61,
        65,
        75,
        63,
        95,
        26,
        29,
        53,
        51,
        135,
        41,
        29,
        42,
        30,
        43,
        28,
        59,
        0,
        23,
        23,
        38,
        12,
        34,
        27,
        54,
        28,
        61,
        28,
        52,
        62,
        25,
        40,
        37,
        92,
        115,
        73,
        55,
        45,
        61,
        32,
        13,
        10,
        37,
        23,
        34,
        23,
        29,
        17,
        77,
        141,
        34,
        150,
        17,
        41,
        35,
        27,
        34
    ],
    "real": [
        47,
        43,
        17,
        12,
        18,
        32,
        21,
        62,
        147,
        290,
        115,
        60,
        92,
        52,
        71,
        97,
        100,
        83,
        106,
        95,
        83,
        167,
        167,
        75,
        111,
        64,
        30,
        18,
        35,
        64,
        99,
        96,
        113,
        121,
        93,
        91,
        93,
        96,
        120,
        123,
        122,
        127,
        125,
        49,
        56,
        58,
        124,
        75,
        44,
        61,
        40,
        73,
        19,
        29,
        71,
        48,
        26,
        32,
        32,
        37,
        65,
        69,
        30,
        30,
        41,
        26,
        79,
        26,
        49,
        117,
        185,
        95,
        57,
        95,
        100,
        102,
        102,
        136,
        43,
        49,
        76,
        83,
        240,
        76,
        58,
        58,
        47,
        61,
        47,
        72,
        18,
        35,
        31,
        55,
        38,
        51,
        36,
        98,
        48,
        84,
        46,
        76,
        96,
        46,
        54,
        58,
        173,
        202,
        131,
        74,
        56,
        110,
        43,
        16,
        23,
        48,
        50,
        81,
        39,
        68,
        46,
        119,
        268,
        54,
        263,
        29,
        77,
        70,
        92,
        68
    ],
    "save_path": "..\\..\\results\\params_comparison/run_2/train/rtdetr-x_0.2g_0.5r_0.8c_alls.json",
    "args": {
        "model_name": "rtdetr-x",
        "grid_scale": 0.2,
        "confiance": 0.8,
        "resize_scale": 0.5,
        "images_path": "..\\..\\data\\datasets\\full_yolo\\train_valid\\images",
        "annotations_path": "..\\..\\data\\datasets\\full_yolo\\train_valid\\labels",
        "random_seed": 1010,
        "data_augmentation": true,
        "samples": "all",
        "show_image": false,
        "verbose": false,
        "save_path": "..\\..\\results\\params_comparison/run_2/train"
    }
}