{
    "model_name": "rtdetr-x",
    "MAE": 41.46153846153846,
    "MAPE": 47.39851883937485,
    "RMSE": 58.30199891018383,
    "pred": [
        41,
        41,
        13,
        10,
        15,
        27,
        20,
        45,
        45,
        41,
        45,
        15,
        24,
        8,
        19,
        42,
        44,
        24,
        43,
        58,
        40,
        79,
        76,
        38,
        39,
        17,
        12,
        7,
        8,
        50,
        34,
        44,
        53,
        57,
        50,
        40,
        34,
        47,
        64,
        46,
        51,
        70,
        57,
        34,
        43,
        47,
        51,
        51,
        34,
        48,
        32,
        51,
        16,
        26,
        49,
        37,
        20,
        25,
        24,
        29,
        44,
        49,
        24,
        26,
        22,
        12,
        43,
        13,
        29,
        67,
        48,
        34,
        31,
        51,
        63,
        44,
        45,
        63,
        34,
        24,
        45,
        38,
        75,
        42,
        35,
        37,
        39,
        48,
        9,
        56,
        0,
        23,
        16,
        32,
        13,
        38,
        18,
        54,
        14,
        43,
        24,
        41,
        27,
        13,
        30,
        26,
        51,
        53,
        25,
        48,
        31,
        49,
        37,
        6,
        9,
        30,
        24,
        29,
        17,
        38,
        25,
        48,
        45,
        23,
        71,
        8,
        43,
        36,
        34,
        29
    ],
    "real": [
        47,
        43,
        17,
        12,
        18,
        32,
        21,
        62,
        147,
        290,
        115,
        60,
        92,
        52,
        71,
        97,
        100,
        83,
        106,
        95,
        83,
        167,
        167,
        75,
        111,
        64,
        30,
        18,
        35,
        64,
        99,
        96,
        113,
        121,
        93,
        91,
        93,
        96,
        120,
        123,
        122,
        127,
        125,
        49,
        56,
        58,
        124,
        75,
        44,
        61,
        40,
        73,
        19,
        29,
        71,
        48,
        26,
        32,
        32,
        37,
        65,
        69,
        30,
        30,
        41,
        26,
        79,
        26,
        49,
        117,
        185,
        95,
        57,
        95,
        100,
        102,
        102,
        136,
        43,
        49,
        76,
        83,
        240,
        76,
        58,
        58,
        47,
        61,
        47,
        72,
        18,
        35,
        31,
        55,
        38,
        51,
        36,
        98,
        48,
        84,
        46,
        76,
        96,
        46,
        54,
        58,
        173,
        202,
        131,
        74,
        56,
        110,
        43,
        16,
        23,
        48,
        50,
        81,
        39,
        68,
        46,
        119,
        268,
        54,
        263,
        29,
        77,
        70,
        92,
        68
    ],
    "save_path": "..\\..\\results\\params_comparison/run_2/train/rtdetr-x_0.5g_0.5r_0.8c_alls.json",
    "args": {
        "model_name": "rtdetr-x",
        "grid_scale": 0.5,
        "confiance": 0.8,
        "resize_scale": 0.5,
        "images_path": "..\\..\\data\\datasets\\full_yolo\\train_valid\\images",
        "annotations_path": "..\\..\\data\\datasets\\full_yolo\\train_valid\\labels",
        "random_seed": 1010,
        "data_augmentation": true,
        "samples": "all",
        "show_image": false,
        "verbose": false,
        "save_path": "..\\..\\results\\params_comparison/run_2/train"
    }
}