{
    "model_name": "rtdetr-l",
    "MAE": 69.93846153846154,
    "MAPE": 86.65809397620137,
    "RMSE": 86.85390031541473,
    "pred": [
        20,
        25,
        6,
        4,
        10,
        12,
        8,
        19,
        6,
        5,
        7,
        2,
        5,
        2,
        3,
        5,
        3,
        5,
        7,
        6,
        3,
        12,
        14,
        7,
        6,
        1,
        3,
        0,
        0,
        14,
        6,
        2,
        6,
        5,
        6,
        7,
        2,
        5,
        4,
        2,
        2,
        5,
        5,
        9,
        7,
        15,
        6,
        9,
        10,
        7,
        20,
        16,
        3,
        9,
        9,
        22,
        7,
        10,
        13,
        11,
        18,
        23,
        10,
        13,
        3,
        0,
        6,
        3,
        0,
        37,
        0,
        3,
        7,
        8,
        7,
        7,
        16,
        6,
        4,
        3,
        9,
        7,
        9,
        2,
        6,
        12,
        20,
        26,
        0,
        17,
        0,
        2,
        4,
        5,
        4,
        8,
        3,
        8,
        1,
        7,
        1,
        12,
        1,
        3,
        3,
        5,
        8,
        0,
        0,
        19,
        7,
        5,
        25,
        1,
        1,
        2,
        8,
        11,
        10,
        10,
        11,
        1,
        3,
        3,
        2,
        2,
        7,
        2,
        5,
        7
    ],
    "real": [
        47,
        43,
        17,
        12,
        18,
        32,
        21,
        62,
        147,
        290,
        115,
        60,
        92,
        52,
        71,
        97,
        100,
        83,
        106,
        95,
        83,
        167,
        167,
        75,
        111,
        64,
        30,
        18,
        35,
        64,
        99,
        96,
        113,
        121,
        93,
        91,
        93,
        96,
        120,
        123,
        122,
        127,
        125,
        49,
        56,
        58,
        124,
        75,
        44,
        61,
        40,
        73,
        19,
        29,
        71,
        48,
        26,
        32,
        32,
        37,
        65,
        69,
        30,
        30,
        41,
        26,
        79,
        26,
        49,
        117,
        185,
        95,
        57,
        95,
        100,
        102,
        102,
        136,
        43,
        49,
        76,
        83,
        240,
        76,
        58,
        58,
        47,
        61,
        47,
        72,
        18,
        35,
        31,
        55,
        38,
        51,
        36,
        98,
        48,
        84,
        46,
        76,
        96,
        46,
        54,
        58,
        173,
        202,
        131,
        74,
        56,
        110,
        43,
        16,
        23,
        48,
        50,
        81,
        39,
        68,
        46,
        119,
        268,
        54,
        263,
        29,
        77,
        70,
        92,
        68
    ],
    "save_path": "..\\..\\results\\params_comparison/run_2/train/rtdetr-l_0.5g_0.5r_0.8c_alls.json",
    "args": {
        "model_name": "rtdetr-l",
        "grid_scale": 0.5,
        "confiance": 0.8,
        "resize_scale": 0.5,
        "images_path": "..\\..\\data\\datasets\\full_yolo\\train_valid\\images",
        "annotations_path": "..\\..\\data\\datasets\\full_yolo\\train_valid\\labels",
        "random_seed": 1010,
        "data_augmentation": true,
        "samples": "all",
        "show_image": false,
        "verbose": false,
        "save_path": "..\\..\\results\\params_comparison/run_2/train"
    }
}