{
    "model_name": "rtdetr-l",
    "MAE": 31.723076923076924,
    "MAPE": 40.17986248666726,
    "RMSE": 40.489694795285686,
    "pred": [
        33,
        34,
        11,
        8,
        10,
        19,
        15,
        39,
        71,
        146,
        63,
        29,
        56,
        12,
        26,
        57,
        65,
        49,
        63,
        62,
        54,
        107,
        111,
        48,
        61,
        31,
        16,
        4,
        12,
        44,
        51,
        63,
        77,
        85,
        63,
        61,
        59,
        62,
        79,
        73,
        75,
        81,
        92,
        32,
        40,
        41,
        73,
        48,
        33,
        44,
        33,
        53,
        17,
        22,
        50,
        35,
        18,
        22,
        24,
        24,
        35,
        50,
        20,
        23,
        24,
        14,
        46,
        16,
        33,
        78,
        71,
        38,
        31,
        59,
        64,
        56,
        68,
        86,
        30,
        29,
        47,
        53,
        139,
        43,
        35,
        40,
        30,
        44,
        20,
        55,
        0,
        21,
        19,
        33,
        17,
        32,
        17,
        54,
        28,
        43,
        26,
        46,
        40,
        24,
        38,
        33,
        99,
        108,
        48,
        57,
        38,
        51,
        28,
        9,
        14,
        33,
        28,
        49,
        16,
        39,
        26,
        75,
        125,
        31,
        139,
        12,
        41,
        38,
        48,
        41
    ],
    "real": [
        47,
        43,
        17,
        12,
        18,
        32,
        21,
        62,
        147,
        290,
        115,
        60,
        92,
        52,
        71,
        97,
        100,
        83,
        106,
        95,
        83,
        167,
        167,
        75,
        111,
        64,
        30,
        18,
        35,
        64,
        99,
        96,
        113,
        121,
        93,
        91,
        93,
        96,
        120,
        123,
        122,
        127,
        125,
        49,
        56,
        58,
        124,
        75,
        44,
        61,
        40,
        73,
        19,
        29,
        71,
        48,
        26,
        32,
        32,
        37,
        65,
        69,
        30,
        30,
        41,
        26,
        79,
        26,
        49,
        117,
        185,
        95,
        57,
        95,
        100,
        102,
        102,
        136,
        43,
        49,
        76,
        83,
        240,
        76,
        58,
        58,
        47,
        61,
        47,
        72,
        18,
        35,
        31,
        55,
        38,
        51,
        36,
        98,
        48,
        84,
        46,
        76,
        96,
        46,
        54,
        58,
        173,
        202,
        131,
        74,
        56,
        110,
        43,
        16,
        23,
        48,
        50,
        81,
        39,
        68,
        46,
        119,
        268,
        54,
        263,
        29,
        77,
        70,
        92,
        68
    ],
    "save_path": "..\\..\\results\\params_comparison/run_2/train/rtdetr-l_0.2g_0.5r_0.8c_alls.json",
    "args": {
        "model_name": "rtdetr-l",
        "grid_scale": 0.2,
        "confiance": 0.8,
        "resize_scale": 0.5,
        "images_path": "..\\..\\data\\datasets\\full_yolo\\train_valid\\images",
        "annotations_path": "..\\..\\data\\datasets\\full_yolo\\train_valid\\labels",
        "random_seed": 1010,
        "data_augmentation": true,
        "samples": "all",
        "show_image": false,
        "verbose": false,
        "save_path": "..\\..\\results\\params_comparison/run_2/train"
    }
}