{
    "model_name": "rtdetr-x",
    "MAE": 14.915384615384616,
    "MAPE": 20.930938186394922,
    "RMSE": 17.922697255800447,
    "pred": [
        61,
        58,
        18,
        12,
        22,
        41,
        33,
        72,
        179,
        350,
        130,
        69,
        99,
        63,
        82,
        121,
        116,
        100,
        136,
        107,
        95,
        187,
        196,
        88,
        136,
        79,
        37,
        22,
        37,
        94,
        110,
        117,
        139,
        140,
        110,
        109,
        112,
        109,
        141,
        149,
        142,
        152,
        136,
        69,
        69,
        74,
        160,
        97,
        52,
        80,
        47,
        88,
        27,
        34,
        87,
        63,
        34,
        40,
        32,
        47,
        79,
        83,
        36,
        36,
        48,
        34,
        98,
        36,
        60,
        156,
        215,
        107,
        70,
        110,
        116,
        118,
        125,
        164,
        54,
        63,
        91,
        95,
        272,
        88,
        65,
        70,
        53,
        72,
        51,
        89,
        14,
        42,
        40,
        63,
        35,
        60,
        38,
        108,
        51,
        103,
        60,
        89,
        104,
        61,
        60,
        67,
        181,
        222,
        143,
        81,
        74,
        119,
        54,
        28,
        26,
        65,
        60,
        116,
        43,
        101,
        55,
        137,
        311,
        64,
        309,
        36,
        82,
        97,
        130,
        87
    ],
    "real": [
        47,
        43,
        17,
        12,
        18,
        32,
        21,
        62,
        147,
        290,
        115,
        60,
        92,
        52,
        71,
        97,
        100,
        83,
        106,
        95,
        83,
        167,
        167,
        75,
        111,
        64,
        30,
        18,
        35,
        64,
        99,
        96,
        113,
        121,
        93,
        91,
        93,
        96,
        120,
        123,
        122,
        127,
        125,
        49,
        56,
        58,
        124,
        75,
        44,
        61,
        40,
        73,
        19,
        29,
        71,
        48,
        26,
        32,
        32,
        37,
        65,
        69,
        30,
        30,
        41,
        26,
        79,
        26,
        49,
        117,
        185,
        95,
        57,
        95,
        100,
        102,
        102,
        136,
        43,
        49,
        76,
        83,
        240,
        76,
        58,
        58,
        47,
        61,
        47,
        72,
        18,
        35,
        31,
        55,
        38,
        51,
        36,
        98,
        48,
        84,
        46,
        76,
        96,
        46,
        54,
        58,
        173,
        202,
        131,
        74,
        56,
        110,
        43,
        16,
        23,
        48,
        50,
        81,
        39,
        68,
        46,
        119,
        268,
        54,
        263,
        29,
        77,
        70,
        92,
        68
    ],
    "save_path": "..\\..\\results\\params_comparison/run_2/train/rtdetr-x_0.2g_0.5r_0.4c_alls.json",
    "args": {
        "model_name": "rtdetr-x",
        "grid_scale": 0.2,
        "confiance": 0.4,
        "resize_scale": 0.5,
        "images_path": "..\\..\\data\\datasets\\full_yolo\\train_valid\\images",
        "annotations_path": "..\\..\\data\\datasets\\full_yolo\\train_valid\\labels",
        "random_seed": 1010,
        "data_augmentation": true,
        "samples": "all",
        "show_image": false,
        "verbose": false,
        "save_path": "..\\..\\results\\params_comparison/run_2/train"
    }
}