{
    "model_name": "rtdetr-l",
    "MAE": 59.261538461538464,
    "MAPE": 71.13368890335894,
    "RMSE": 76.46678514733853,
    "pred": [
        27,
        29,
        9,
        7,
        14,
        16,
        14,
        37,
        29,
        28,
        13,
        9,
        20,
        6,
        6,
        16,
        17,
        10,
        14,
        25,
        5,
        40,
        43,
        13,
        21,
        6,
        11,
        4,
        4,
        29,
        3,
        12,
        21,
        12,
        18,
        15,
        19,
        22,
        28,
        17,
        22,
        25,
        37,
        23,
        19,
        29,
        18,
        29,
        15,
        25,
        22,
        38,
        11,
        17,
        30,
        30,
        14,
        21,
        17,
        22,
        39,
        38,
        17,
        22,
        7,
        3,
        25,
        8,
        15,
        60,
        2,
        2,
        10,
        15,
        21,
        23,
        28,
        33,
        13,
        8,
        23,
        12,
        45,
        17,
        19,
        26,
        32,
        32,
        5,
        38,
        0,
        10,
        8,
        16,
        5,
        17,
        10,
        25,
        2,
        17,
        13,
        25,
        8,
        8,
        12,
        6,
        28,
        8,
        1,
        33,
        15,
        24,
        30,
        2,
        3,
        12,
        15,
        24,
        20,
        15,
        10,
        15,
        15,
        20,
        17,
        2,
        21,
        15,
        11,
        18
    ],
    "real": [
        47,
        43,
        17,
        12,
        18,
        32,
        21,
        62,
        147,
        290,
        115,
        60,
        92,
        52,
        71,
        97,
        100,
        83,
        106,
        95,
        83,
        167,
        167,
        75,
        111,
        64,
        30,
        18,
        35,
        64,
        99,
        96,
        113,
        121,
        93,
        91,
        93,
        96,
        120,
        123,
        122,
        127,
        125,
        49,
        56,
        58,
        124,
        75,
        44,
        61,
        40,
        73,
        19,
        29,
        71,
        48,
        26,
        32,
        32,
        37,
        65,
        69,
        30,
        30,
        41,
        26,
        79,
        26,
        49,
        117,
        185,
        95,
        57,
        95,
        100,
        102,
        102,
        136,
        43,
        49,
        76,
        83,
        240,
        76,
        58,
        58,
        47,
        61,
        47,
        72,
        18,
        35,
        31,
        55,
        38,
        51,
        36,
        98,
        48,
        84,
        46,
        76,
        96,
        46,
        54,
        58,
        173,
        202,
        131,
        74,
        56,
        110,
        43,
        16,
        23,
        48,
        50,
        81,
        39,
        68,
        46,
        119,
        268,
        54,
        263,
        29,
        77,
        70,
        92,
        68
    ],
    "save_path": "..\\..\\results\\params_comparison/run_2/train/rtdetr-l_0.4g_0.5r_0.8c_alls.json",
    "args": {
        "model_name": "rtdetr-l",
        "grid_scale": 0.4,
        "confiance": 0.8,
        "resize_scale": 0.5,
        "images_path": "..\\..\\data\\datasets\\full_yolo\\train_valid\\images",
        "annotations_path": "..\\..\\data\\datasets\\full_yolo\\train_valid\\labels",
        "random_seed": 1010,
        "data_augmentation": true,
        "samples": "all",
        "show_image": false,
        "verbose": false,
        "save_path": "..\\..\\results\\params_comparison/run_2/train"
    }
}