{
    "model_name": "rtdetr-l",
    "MAE": 10.107692307692307,
    "MAPE": 14.805765231190678,
    "RMSE": 12.5557219563892,
    "pred": [
        57,
        51,
        22,
        15,
        21,
        37,
        29,
        73,
        173,
        338,
        125,
        70,
        99,
        56,
        77,
        104,
        114,
        100,
        124,
        112,
        90,
        188,
        182,
        83,
        129,
        70,
        33,
        19,
        37,
        82,
        103,
        106,
        135,
        136,
        109,
        107,
        105,
        106,
        133,
        136,
        143,
        134,
        141,
        57,
        65,
        76,
        150,
        85,
        55,
        75,
        48,
        81,
        29,
        35,
        79,
        60,
        34,
        34,
        37,
        47,
        76,
        74,
        34,
        38,
        54,
        26,
        91,
        30,
        55,
        136,
        209,
        100,
        65,
        105,
        112,
        111,
        115,
        153,
        53,
        61,
        80,
        86,
        259,
        84,
        61,
        66,
        50,
        68,
        52,
        85,
        11,
        37,
        34,
        53,
        23,
        54,
        38,
        111,
        53,
        97,
        54,
        84,
        102,
        52,
        54,
        59,
        175,
        211,
        133,
        85,
        64,
        101,
        46,
        19,
        30,
        56,
        57,
        124,
        41,
        88,
        53,
        133,
        289,
        58,
        281,
        32,
        78,
        92,
        111,
        86
    ],
    "real": [
        47,
        43,
        17,
        12,
        18,
        32,
        21,
        62,
        147,
        290,
        115,
        60,
        92,
        52,
        71,
        97,
        100,
        83,
        106,
        95,
        83,
        167,
        167,
        75,
        111,
        64,
        30,
        18,
        35,
        64,
        99,
        96,
        113,
        121,
        93,
        91,
        93,
        96,
        120,
        123,
        122,
        127,
        125,
        49,
        56,
        58,
        124,
        75,
        44,
        61,
        40,
        73,
        19,
        29,
        71,
        48,
        26,
        32,
        32,
        37,
        65,
        69,
        30,
        30,
        41,
        26,
        79,
        26,
        49,
        117,
        185,
        95,
        57,
        95,
        100,
        102,
        102,
        136,
        43,
        49,
        76,
        83,
        240,
        76,
        58,
        58,
        47,
        61,
        47,
        72,
        18,
        35,
        31,
        55,
        38,
        51,
        36,
        98,
        48,
        84,
        46,
        76,
        96,
        46,
        54,
        58,
        173,
        202,
        131,
        74,
        56,
        110,
        43,
        16,
        23,
        48,
        50,
        81,
        39,
        68,
        46,
        119,
        268,
        54,
        263,
        29,
        77,
        70,
        92,
        68
    ],
    "save_path": "..\\..\\results\\params_comparison/run_2/train/rtdetr-l_0.2g_0.5r_0.5c_alls.json",
    "args": {
        "model_name": "rtdetr-l",
        "grid_scale": 0.2,
        "confiance": 0.5,
        "resize_scale": 0.5,
        "images_path": "..\\..\\data\\datasets\\full_yolo\\train_valid\\images",
        "annotations_path": "..\\..\\data\\datasets\\full_yolo\\train_valid\\labels",
        "random_seed": 1010,
        "data_augmentation": true,
        "samples": "all",
        "show_image": false,
        "verbose": false,
        "save_path": "..\\..\\results\\params_comparison/run_2/train"
    }
}