{
    "model_name": "rtdetr-l",
    "MAE": 43.36923076923077,
    "MAPE": 52.00120081053794,
    "RMSE": 57.3406822958521,
    "pred": [
        32,
        35,
        11,
        8,
        15,
        28,
        14,
        37,
        58,
        106,
        41,
        19,
        29,
        9,
        16,
        30,
        44,
        24,
        41,
        51,
        35,
        85,
        72,
        41,
        51,
        21,
        12,
        8,
        12,
        40,
        30,
        40,
        46,
        68,
        45,
        37,
        33,
        48,
        64,
        56,
        56,
        59,
        49,
        27,
        41,
        43,
        45,
        44,
        26,
        47,
        31,
        54,
        12,
        20,
        35,
        38,
        18,
        15,
        26,
        28,
        42,
        50,
        22,
        26,
        16,
        10,
        29,
        11,
        26,
        75,
        23,
        16,
        27,
        48,
        44,
        41,
        53,
        63,
        26,
        29,
        41,
        33,
        101,
        43,
        30,
        29,
        36,
        47,
        5,
        47,
        0,
        21,
        11,
        25,
        10,
        28,
        12,
        51,
        9,
        37,
        19,
        39,
        16,
        22,
        27,
        21,
        65,
        53,
        16,
        49,
        28,
        47,
        32,
        4,
        9,
        21,
        22,
        24,
        21,
        28,
        22,
        43,
        53,
        27,
        73,
        13,
        32,
        25,
        31,
        32
    ],
    "real": [
        47,
        43,
        17,
        12,
        18,
        32,
        21,
        62,
        147,
        290,
        115,
        60,
        92,
        52,
        71,
        97,
        100,
        83,
        106,
        95,
        83,
        167,
        167,
        75,
        111,
        64,
        30,
        18,
        35,
        64,
        99,
        96,
        113,
        121,
        93,
        91,
        93,
        96,
        120,
        123,
        122,
        127,
        125,
        49,
        56,
        58,
        124,
        75,
        44,
        61,
        40,
        73,
        19,
        29,
        71,
        48,
        26,
        32,
        32,
        37,
        65,
        69,
        30,
        30,
        41,
        26,
        79,
        26,
        49,
        117,
        185,
        95,
        57,
        95,
        100,
        102,
        102,
        136,
        43,
        49,
        76,
        83,
        240,
        76,
        58,
        58,
        47,
        61,
        47,
        72,
        18,
        35,
        31,
        55,
        38,
        51,
        36,
        98,
        48,
        84,
        46,
        76,
        96,
        46,
        54,
        58,
        173,
        202,
        131,
        74,
        56,
        110,
        43,
        16,
        23,
        48,
        50,
        81,
        39,
        68,
        46,
        119,
        268,
        54,
        263,
        29,
        77,
        70,
        92,
        68
    ],
    "save_path": "..\\..\\results\\params_comparison/run_2/train/rtdetr-l_0.3g_0.5r_0.8c_alls.json",
    "args": {
        "model_name": "rtdetr-l",
        "grid_scale": 0.3,
        "confiance": 0.8,
        "resize_scale": 0.5,
        "images_path": "..\\..\\data\\datasets\\full_yolo\\train_valid\\images",
        "annotations_path": "..\\..\\data\\datasets\\full_yolo\\train_valid\\labels",
        "random_seed": 1010,
        "data_augmentation": true,
        "samples": "all",
        "show_image": false,
        "verbose": false,
        "save_path": "..\\..\\results\\params_comparison/run_2/train"
    }
}