{
    "model_name": "rtdetr-x",
    "MAE": 4.592307692307692,
    "MAPE": 7.704188336138712,
    "RMSE": 5.989092649912069,
    "pred": [
        48,
        48,
        20,
        14,
        18,
        35,
        27,
        69,
        146,
        291,
        114,
        61,
        89,
        56,
        80,
        106,
        105,
        84,
        113,
        96,
        90,
        172,
        168,
        82,
        120,
        65,
        31,
        21,
        33,
        76,
        98,
        100,
        122,
        125,
        96,
        99,
        97,
        99,
        123,
        122,
        126,
        126,
        129,
        55,
        62,
        64,
        129,
        77,
        50,
        65,
        43,
        80,
        25,
        32,
        72,
        50,
        28,
        39,
        31,
        44,
        69,
        75,
        33,
        31,
        42,
        31,
        88,
        29,
        53,
        130,
        186,
        101,
        62,
        102,
        101,
        111,
        104,
        142,
        46,
        50,
        82,
        85,
        245,
        81,
        57,
        60,
        47,
        70,
        47,
        82,
        8,
        37,
        32,
        52,
        28,
        52,
        37,
        98,
        46,
        86,
        50,
        78,
        99,
        49,
        54,
        59,
        155,
        180,
        139,
        82,
        60,
        99,
        49,
        19,
        27,
        52,
        54,
        89,
        40,
        75,
        49,
        124,
        259,
        58,
        268,
        27,
        80,
        83,
        112,
        77
    ],
    "real": [
        47,
        43,
        17,
        12,
        18,
        32,
        21,
        62,
        147,
        290,
        115,
        60,
        92,
        52,
        71,
        97,
        100,
        83,
        106,
        95,
        83,
        167,
        167,
        75,
        111,
        64,
        30,
        18,
        35,
        64,
        99,
        96,
        113,
        121,
        93,
        91,
        93,
        96,
        120,
        123,
        122,
        127,
        125,
        49,
        56,
        58,
        124,
        75,
        44,
        61,
        40,
        73,
        19,
        29,
        71,
        48,
        26,
        32,
        32,
        37,
        65,
        69,
        30,
        30,
        41,
        26,
        79,
        26,
        49,
        117,
        185,
        95,
        57,
        95,
        100,
        102,
        102,
        136,
        43,
        49,
        76,
        83,
        240,
        76,
        58,
        58,
        47,
        61,
        47,
        72,
        18,
        35,
        31,
        55,
        38,
        51,
        36,
        98,
        48,
        84,
        46,
        76,
        96,
        46,
        54,
        58,
        173,
        202,
        131,
        74,
        56,
        110,
        43,
        16,
        23,
        48,
        50,
        81,
        39,
        68,
        46,
        119,
        268,
        54,
        263,
        29,
        77,
        70,
        92,
        68
    ],
    "save_path": "..\\..\\results\\params_comparison/run_2/train/rtdetr-x_0.5g_0.5r_0.4c_alls.json",
    "args": {
        "model_name": "rtdetr-x",
        "grid_scale": 0.5,
        "confiance": 0.4,
        "resize_scale": 0.5,
        "images_path": "..\\..\\data\\datasets\\full_yolo\\train_valid\\images",
        "annotations_path": "..\\..\\data\\datasets\\full_yolo\\train_valid\\labels",
        "random_seed": 1010,
        "data_augmentation": true,
        "samples": "all",
        "show_image": false,
        "verbose": false,
        "save_path": "..\\..\\results\\params_comparison/run_2/train"
    }
}