{
    "model_name": "rtdetr-x",
    "MAE": 3.9461538461538463,
    "MAPE": 6.488853650520206,
    "RMSE": 5.825012380310382,
    "pred": [
        50,
        48,
        18,
        14,
        20,
        40,
        29,
        65,
        140,
        287,
        111,
        59,
        83,
        49,
        79,
        97,
        101,
        76,
        106,
        98,
        82,
        166,
        164,
        77,
        120,
        66,
        31,
        16,
        35,
        80,
        100,
        96,
        115,
        126,
        101,
        101,
        97,
        100,
        123,
        120,
        127,
        127,
        130,
        52,
        60,
        67,
        123,
        81,
        46,
        64,
        42,
        82,
        22,
        34,
        71,
        53,
        27,
        35,
        27,
        38,
        71,
        73,
        29,
        32,
        40,
        28,
        84,
        30,
        54,
        127,
        184,
        94,
        55,
        97,
        99,
        100,
        104,
        137,
        45,
        52,
        77,
        84,
        228,
        78,
        53,
        60,
        49,
        68,
        47,
        79,
        7,
        36,
        33,
        48,
        27,
        52,
        34,
        97,
        45,
        83,
        46,
        78,
        96,
        48,
        50,
        57,
        142,
        190,
        117,
        73,
        58,
        98,
        46,
        17,
        19,
        49,
        50,
        82,
        37,
        72,
        47,
        122,
        251,
        59,
        249,
        29,
        74,
        64,
        89,
        69
    ],
    "real": [
        47,
        43,
        17,
        12,
        18,
        32,
        21,
        62,
        147,
        290,
        115,
        60,
        92,
        52,
        71,
        97,
        100,
        83,
        106,
        95,
        83,
        167,
        167,
        75,
        111,
        64,
        30,
        18,
        35,
        64,
        99,
        96,
        113,
        121,
        93,
        91,
        93,
        96,
        120,
        123,
        122,
        127,
        125,
        49,
        56,
        58,
        124,
        75,
        44,
        61,
        40,
        73,
        19,
        29,
        71,
        48,
        26,
        32,
        32,
        37,
        65,
        69,
        30,
        30,
        41,
        26,
        79,
        26,
        49,
        117,
        185,
        95,
        57,
        95,
        100,
        102,
        102,
        136,
        43,
        49,
        76,
        83,
        240,
        76,
        58,
        58,
        47,
        61,
        47,
        72,
        18,
        35,
        31,
        55,
        38,
        51,
        36,
        98,
        48,
        84,
        46,
        76,
        96,
        46,
        54,
        58,
        173,
        202,
        131,
        74,
        56,
        110,
        43,
        16,
        23,
        48,
        50,
        81,
        39,
        68,
        46,
        119,
        268,
        54,
        263,
        29,
        77,
        70,
        92,
        68
    ],
    "save_path": "..\\..\\results\\params_comparison/run_2/train/rtdetr-x_0.4g_0.5r_0.6c_alls.json",
    "args": {
        "model_name": "rtdetr-x",
        "grid_scale": 0.4,
        "confiance": 0.6,
        "resize_scale": 0.5,
        "images_path": "..\\..\\data\\datasets\\full_yolo\\train_valid\\images",
        "annotations_path": "..\\..\\data\\datasets\\full_yolo\\train_valid\\labels",
        "random_seed": 1010,
        "data_augmentation": true,
        "samples": "all",
        "show_image": false,
        "verbose": false,
        "save_path": "..\\..\\results\\params_comparison/run_2/train"
    }
}