{
    "model_name": "rtdetr-l",
    "MAE": 4.392307692307693,
    "MAPE": 6.6935137182615,
    "RMSE": 7.399064389918083,
    "pred": [
        51,
        46,
        16,
        11,
        19,
        34,
        25,
        61,
        135,
        278,
        118,
        63,
        90,
        41,
        69,
        96,
        102,
        75,
        97,
        97,
        81,
        165,
        162,
        77,
        110,
        63,
        28,
        15,
        34,
        71,
        100,
        100,
        117,
        121,
        96,
        94,
        93,
        97,
        122,
        122,
        126,
        124,
        132,
        52,
        62,
        65,
        125,
        77,
        50,
        66,
        41,
        79,
        20,
        32,
        76,
        52,
        26,
        35,
        37,
        34,
        68,
        70,
        29,
        31,
        41,
        23,
        79,
        26,
        50,
        120,
        179,
        87,
        52,
        97,
        100,
        101,
        107,
        133,
        44,
        48,
        75,
        83,
        224,
        76,
        55,
        60,
        49,
        64,
        45,
        75,
        0,
        37,
        34,
        47,
        25,
        49,
        35,
        91,
        44,
        81,
        48,
        77,
        94,
        50,
        51,
        58,
        147,
        185,
        98,
        78,
        60,
        91,
        48,
        19,
        17,
        48,
        53,
        75,
        36,
        67,
        42,
        118,
        235,
        55,
        231,
        26,
        76,
        63,
        88,
        67
    ],
    "real": [
        47,
        43,
        17,
        12,
        18,
        32,
        21,
        62,
        147,
        290,
        115,
        60,
        92,
        52,
        71,
        97,
        100,
        83,
        106,
        95,
        83,
        167,
        167,
        75,
        111,
        64,
        30,
        18,
        35,
        64,
        99,
        96,
        113,
        121,
        93,
        91,
        93,
        96,
        120,
        123,
        122,
        127,
        125,
        49,
        56,
        58,
        124,
        75,
        44,
        61,
        40,
        73,
        19,
        29,
        71,
        48,
        26,
        32,
        32,
        37,
        65,
        69,
        30,
        30,
        41,
        26,
        79,
        26,
        49,
        117,
        185,
        95,
        57,
        95,
        100,
        102,
        102,
        136,
        43,
        49,
        76,
        83,
        240,
        76,
        58,
        58,
        47,
        61,
        47,
        72,
        18,
        35,
        31,
        55,
        38,
        51,
        36,
        98,
        48,
        84,
        46,
        76,
        96,
        46,
        54,
        58,
        173,
        202,
        131,
        74,
        56,
        110,
        43,
        16,
        23,
        48,
        50,
        81,
        39,
        68,
        46,
        119,
        268,
        54,
        263,
        29,
        77,
        70,
        92,
        68
    ],
    "save_path": "..\\..\\results\\params_comparison/run_2/train/rtdetr-l_0.4g_0.5r_0.6c_alls.json",
    "args": {
        "model_name": "rtdetr-l",
        "grid_scale": 0.4,
        "confiance": 0.6,
        "resize_scale": 0.5,
        "images_path": "..\\..\\data\\datasets\\full_yolo\\train_valid\\images",
        "annotations_path": "..\\..\\data\\datasets\\full_yolo\\train_valid\\labels",
        "random_seed": 1010,
        "data_augmentation": true,
        "samples": "all",
        "show_image": false,
        "verbose": false,
        "save_path": "..\\..\\results\\params_comparison/run_2/train"
    }
}