{
    "model_name": "rtdetr-x",
    "MAE": 6.176923076923077,
    "MAPE": 7.450003621660813,
    "RMSE": 11.065886595923805,
    "pred": [
        49,
        44,
        17,
        11,
        18,
        35,
        22,
        59,
        124,
        252,
        104,
        58,
        79,
        43,
        68,
        92,
        95,
        70,
        94,
        97,
        82,
        156,
        158,
        75,
        105,
        60,
        25,
        15,
        29,
        72,
        92,
        95,
        109,
        115,
        88,
        88,
        92,
        87,
        115,
        119,
        119,
        121,
        120,
        52,
        60,
        61,
        110,
        71,
        48,
        64,
        41,
        73,
        21,
        31,
        70,
        49,
        26,
        32,
        33,
        36,
        60,
        70,
        29,
        29,
        40,
        25,
        82,
        24,
        50,
        118,
        162,
        91,
        54,
        94,
        98,
        97,
        95,
        124,
        42,
        48,
        74,
        79,
        215,
        75,
        56,
        59,
        46,
        64,
        43,
        72,
        2,
        34,
        29,
        47,
        25,
        51,
        34,
        90,
        44,
        79,
        45,
        76,
        89,
        43,
        48,
        53,
        129,
        161,
        103,
        72,
        54,
        86,
        46,
        16,
        18,
        49,
        45,
        73,
        34,
        65,
        43,
        116,
        212,
        52,
        225,
        22,
        75,
        62,
        83,
        67
    ],
    "real": [
        47,
        43,
        17,
        12,
        18,
        32,
        21,
        62,
        147,
        290,
        115,
        60,
        92,
        52,
        71,
        97,
        100,
        83,
        106,
        95,
        83,
        167,
        167,
        75,
        111,
        64,
        30,
        18,
        35,
        64,
        99,
        96,
        113,
        121,
        93,
        91,
        93,
        96,
        120,
        123,
        122,
        127,
        125,
        49,
        56,
        58,
        124,
        75,
        44,
        61,
        40,
        73,
        19,
        29,
        71,
        48,
        26,
        32,
        32,
        37,
        65,
        69,
        30,
        30,
        41,
        26,
        79,
        26,
        49,
        117,
        185,
        95,
        57,
        95,
        100,
        102,
        102,
        136,
        43,
        49,
        76,
        83,
        240,
        76,
        58,
        58,
        47,
        61,
        47,
        72,
        18,
        35,
        31,
        55,
        38,
        51,
        36,
        98,
        48,
        84,
        46,
        76,
        96,
        46,
        54,
        58,
        173,
        202,
        131,
        74,
        56,
        110,
        43,
        16,
        23,
        48,
        50,
        81,
        39,
        68,
        46,
        119,
        268,
        54,
        263,
        29,
        77,
        70,
        92,
        68
    ],
    "save_path": "..\\..\\results\\params_comparison/run_2/train/rtdetr-x_0.4g_0.5r_0.7c_alls.json",
    "args": {
        "model_name": "rtdetr-x",
        "grid_scale": 0.4,
        "confiance": 0.7,
        "resize_scale": 0.5,
        "images_path": "..\\..\\data\\datasets\\full_yolo\\train_valid\\images",
        "annotations_path": "..\\..\\data\\datasets\\full_yolo\\train_valid\\labels",
        "random_seed": 1010,
        "data_augmentation": true,
        "samples": "all",
        "show_image": false,
        "verbose": false,
        "save_path": "..\\..\\results\\params_comparison/run_2/train"
    }
}