{
    "model_name": "yolov8x",
    "MAE": 16.29230769230769,
    "MAPE": 18.748936304272657,
    "RMSE": 25.38745904818119,
    "pred": [
        43,
        43,
        14,
        12,
        16,
        33,
        23,
        57,
        103,
        223,
        83,
        45,
        77,
        27,
        49,
        74,
        82,
        55,
        80,
        86,
        64,
        139,
        147,
        64,
        93,
        43,
        27,
        11,
        26,
        61,
        61,
        79,
        90,
        95,
        78,
        77,
        70,
        72,
        100,
        102,
        98,
        101,
        105,
        45,
        52,
        59,
        100,
        72,
        42,
        54,
        37,
        68,
        20,
        28,
        61,
        46,
        26,
        31,
        29,
        31,
        54,
        65,
        29,
        27,
        34,
        18,
        72,
        22,
        45,
        105,
        88,
        40,
        47,
        84,
        90,
        80,
        88,
        117,
        41,
        42,
        63,
        67,
        197,
        70,
        48,
        56,
        41,
        60,
        26,
        68,
        0,
        30,
        23,
        44,
        20,
        43,
        29,
        87,
        33,
        74,
        39,
        64,
        39,
        37,
        45,
        42,
        108,
        131,
        61,
        67,
        52,
        79,
        41,
        13,
        16,
        44,
        45,
        63,
        34,
        64,
        37,
        95,
        148,
        45,
        177,
        20,
        60,
        49,
        75,
        57
    ],
    "real": [
        47,
        43,
        17,
        12,
        18,
        32,
        21,
        62,
        147,
        290,
        115,
        60,
        92,
        52,
        71,
        97,
        100,
        83,
        106,
        95,
        83,
        167,
        167,
        75,
        111,
        64,
        30,
        18,
        35,
        64,
        99,
        96,
        113,
        121,
        93,
        91,
        93,
        96,
        120,
        123,
        122,
        127,
        125,
        49,
        56,
        58,
        124,
        75,
        44,
        61,
        40,
        73,
        19,
        29,
        71,
        48,
        26,
        32,
        32,
        37,
        65,
        69,
        30,
        30,
        41,
        26,
        79,
        26,
        49,
        117,
        185,
        95,
        57,
        95,
        100,
        102,
        102,
        136,
        43,
        49,
        76,
        83,
        240,
        76,
        58,
        58,
        47,
        61,
        47,
        72,
        18,
        35,
        31,
        55,
        38,
        51,
        36,
        98,
        48,
        84,
        46,
        76,
        96,
        46,
        54,
        58,
        173,
        202,
        131,
        74,
        56,
        110,
        43,
        16,
        23,
        48,
        50,
        81,
        39,
        68,
        46,
        119,
        268,
        54,
        263,
        29,
        77,
        70,
        92,
        68
    ],
    "save_path": "..\\..\\results\\params_comparison/run_2/train/yolov8x_0.5g_0.5r_0.6c_alls.json",
    "args": {
        "model_name": "yolov8x",
        "grid_scale": 0.5,
        "confiance": 0.6,
        "resize_scale": 0.5,
        "images_path": "..\\..\\data\\datasets\\full_yolo\\train_valid\\images",
        "annotations_path": "..\\..\\data\\datasets\\full_yolo\\train_valid\\labels",
        "random_seed": 1010,
        "data_augmentation": true,
        "samples": "all",
        "show_image": false,
        "verbose": false,
        "save_path": "..\\..\\results\\params_comparison/run_2/train"
    }
}