{
    "model_name": "yolov8s",
    "MAE": 9.446153846153846,
    "MAPE": 14.727043678853136,
    "RMSE": 11.45291363667913,
    "pred": [
        62,
        58,
        23,
        21,
        22,
        38,
        29,
        72,
        174,
        331,
        122,
        65,
        95,
        61,
        77,
        120,
        113,
        98,
        126,
        107,
        93,
        176,
        184,
        81,
        119,
        67,
        31,
        20,
        38,
        85,
        104,
        101,
        128,
        136,
        108,
        103,
        102,
        103,
        131,
        132,
        134,
        138,
        138,
        60,
        64,
        81,
        133,
        90,
        46,
        77,
        45,
        88,
        22,
        33,
        82,
        55,
        33,
        37,
        35,
        44,
        78,
        81,
        32,
        39,
        47,
        26,
        98,
        33,
        64,
        145,
        186,
        94,
        59,
        108,
        113,
        111,
        111,
        151,
        49,
        55,
        84,
        88,
        260,
        82,
        63,
        61,
        53,
        74,
        53,
        84,
        10,
        40,
        35,
        55,
        29,
        59,
        45,
        114,
        50,
        85,
        55,
        84,
        91,
        56,
        56,
        61,
        164,
        210,
        123,
        79,
        61,
        106,
        53,
        22,
        29,
        51,
        58,
        100,
        45,
        91,
        52,
        133,
        291,
        65,
        282,
        31,
        79,
        80,
        107,
        81
    ],
    "real": [
        47,
        43,
        17,
        12,
        18,
        32,
        21,
        62,
        147,
        290,
        115,
        60,
        92,
        52,
        71,
        97,
        100,
        83,
        106,
        95,
        83,
        167,
        167,
        75,
        111,
        64,
        30,
        18,
        35,
        64,
        99,
        96,
        113,
        121,
        93,
        91,
        93,
        96,
        120,
        123,
        122,
        127,
        125,
        49,
        56,
        58,
        124,
        75,
        44,
        61,
        40,
        73,
        19,
        29,
        71,
        48,
        26,
        32,
        32,
        37,
        65,
        69,
        30,
        30,
        41,
        26,
        79,
        26,
        49,
        117,
        185,
        95,
        57,
        95,
        100,
        102,
        102,
        136,
        43,
        49,
        76,
        83,
        240,
        76,
        58,
        58,
        47,
        61,
        47,
        72,
        18,
        35,
        31,
        55,
        38,
        51,
        36,
        98,
        48,
        84,
        46,
        76,
        96,
        46,
        54,
        58,
        173,
        202,
        131,
        74,
        56,
        110,
        43,
        16,
        23,
        48,
        50,
        81,
        39,
        68,
        46,
        119,
        268,
        54,
        263,
        29,
        77,
        70,
        92,
        68
    ],
    "save_path": "..\\..\\results\\params_comparison/run_2/train/yolov8s_0.2g_0.5r_0.4c_alls.json",
    "args": {
        "model_name": "yolov8s",
        "grid_scale": 0.2,
        "confiance": 0.4,
        "resize_scale": 0.5,
        "images_path": "..\\..\\data\\datasets\\full_yolo\\train_valid\\images",
        "annotations_path": "..\\..\\data\\datasets\\full_yolo\\train_valid\\labels",
        "random_seed": 1010,
        "data_augmentation": true,
        "samples": "all",
        "show_image": false,
        "verbose": false,
        "save_path": "..\\..\\results\\params_comparison/run_2/train"
    }
}