{
    "model_name": "yolov8n",
    "MAE": 10.953846153846154,
    "MAPE": 14.055352447417103,
    "RMSE": 15.700563439179255,
    "pred": [
        47,
        34,
        14,
        13,
        11,
        28,
        21,
        47,
        124,
        245,
        101,
        40,
        76,
        34,
        58,
        89,
        95,
        77,
        91,
        90,
        77,
        151,
        161,
        72,
        100,
        53,
        28,
        17,
        32,
        64,
        82,
        90,
        104,
        114,
        85,
        79,
        75,
        82,
        108,
        105,
        112,
        111,
        116,
        43,
        53,
        60,
        102,
        63,
        41,
        53,
        36,
        63,
        20,
        20,
        63,
        40,
        21,
        30,
        32,
        32,
        45,
        58,
        20,
        21,
        39,
        21,
        70,
        25,
        48,
        109,
        136,
        71,
        52,
        90,
        90,
        91,
        90,
        119,
        40,
        43,
        66,
        74,
        198,
        73,
        50,
        54,
        34,
        44,
        37,
        63,
        3,
        29,
        31,
        46,
        25,
        51,
        34,
        90,
        35,
        71,
        47,
        69,
        69,
        41,
        44,
        51,
        135,
        149,
        88,
        66,
        55,
        91,
        34,
        15,
        18,
        45,
        46,
        69,
        26,
        66,
        42,
        98,
        207,
        46,
        209,
        24,
        69,
        66,
        80,
        61
    ],
    "real": [
        47,
        43,
        17,
        12,
        18,
        32,
        21,
        62,
        147,
        290,
        115,
        60,
        92,
        52,
        71,
        97,
        100,
        83,
        106,
        95,
        83,
        167,
        167,
        75,
        111,
        64,
        30,
        18,
        35,
        64,
        99,
        96,
        113,
        121,
        93,
        91,
        93,
        96,
        120,
        123,
        122,
        127,
        125,
        49,
        56,
        58,
        124,
        75,
        44,
        61,
        40,
        73,
        19,
        29,
        71,
        48,
        26,
        32,
        32,
        37,
        65,
        69,
        30,
        30,
        41,
        26,
        79,
        26,
        49,
        117,
        185,
        95,
        57,
        95,
        100,
        102,
        102,
        136,
        43,
        49,
        76,
        83,
        240,
        76,
        58,
        58,
        47,
        61,
        47,
        72,
        18,
        35,
        31,
        55,
        38,
        51,
        36,
        98,
        48,
        84,
        46,
        76,
        96,
        46,
        54,
        58,
        173,
        202,
        131,
        74,
        56,
        110,
        43,
        16,
        23,
        48,
        50,
        81,
        39,
        68,
        46,
        119,
        268,
        54,
        263,
        29,
        77,
        70,
        92,
        68
    ],
    "save_path": "..\\..\\results\\params_comparison/run_2/train/yolov8n_0.2g_0.5r_0.6c_alls.json",
    "args": {
        "model_name": "yolov8n",
        "grid_scale": 0.2,
        "confiance": 0.6,
        "resize_scale": 0.5,
        "images_path": "..\\..\\data\\datasets\\full_yolo\\train_valid\\images",
        "annotations_path": "..\\..\\data\\datasets\\full_yolo\\train_valid\\labels",
        "random_seed": 1010,
        "data_augmentation": true,
        "samples": "all",
        "show_image": false,
        "verbose": false,
        "save_path": "..\\..\\results\\params_comparison/run_2/train"
    }
}