{
    "model_name": "yolov8s",
    "MAE": 7.076923076923077,
    "MAPE": 10.894364520175115,
    "RMSE": 9.005980918683555,
    "pred": [
        61,
        56,
        17,
        13,
        24,
        45,
        33,
        69,
        164,
        334,
        117,
        62,
        93,
        56,
        79,
        99,
        110,
        91,
        111,
        105,
        86,
        179,
        181,
        80,
        118,
        69,
        34,
        19,
        38,
        79,
        101,
        103,
        122,
        129,
        104,
        105,
        105,
        102,
        126,
        131,
        133,
        135,
        132,
        61,
        64,
        70,
        139,
        85,
        49,
        70,
        47,
        84,
        21,
        34,
        77,
        57,
        28,
        35,
        30,
        39,
        67,
        77,
        37,
        39,
        46,
        26,
        94,
        33,
        58,
        142,
        180,
        92,
        62,
        103,
        103,
        108,
        105,
        150,
        50,
        54,
        82,
        87,
        255,
        84,
        60,
        65,
        57,
        73,
        46,
        85,
        10,
        39,
        34,
        52,
        32,
        53,
        38,
        102,
        48,
        88,
        56,
        81,
        89,
        51,
        54,
        59,
        159,
        207,
        123,
        78,
        62,
        105,
        54,
        16,
        23,
        53,
        56,
        92,
        37,
        79,
        49,
        118,
        272,
        62,
        281,
        31,
        83,
        74,
        100,
        81
    ],
    "real": [
        47,
        43,
        17,
        12,
        18,
        32,
        21,
        62,
        147,
        290,
        115,
        60,
        92,
        52,
        71,
        97,
        100,
        83,
        106,
        95,
        83,
        167,
        167,
        75,
        111,
        64,
        30,
        18,
        35,
        64,
        99,
        96,
        113,
        121,
        93,
        91,
        93,
        96,
        120,
        123,
        122,
        127,
        125,
        49,
        56,
        58,
        124,
        75,
        44,
        61,
        40,
        73,
        19,
        29,
        71,
        48,
        26,
        32,
        32,
        37,
        65,
        69,
        30,
        30,
        41,
        26,
        79,
        26,
        49,
        117,
        185,
        95,
        57,
        95,
        100,
        102,
        102,
        136,
        43,
        49,
        76,
        83,
        240,
        76,
        58,
        58,
        47,
        61,
        47,
        72,
        18,
        35,
        31,
        55,
        38,
        51,
        36,
        98,
        48,
        84,
        46,
        76,
        96,
        46,
        54,
        58,
        173,
        202,
        131,
        74,
        56,
        110,
        43,
        16,
        23,
        48,
        50,
        81,
        39,
        68,
        46,
        119,
        268,
        54,
        263,
        29,
        77,
        70,
        92,
        68
    ],
    "save_path": "..\\..\\results\\params_comparison/run_2/train/yolov8s_0.2g_0.5r_0.45c_alls.json",
    "args": {
        "model_name": "yolov8s",
        "grid_scale": 0.2,
        "confiance": 0.45,
        "resize_scale": 0.5,
        "images_path": "..\\..\\data\\datasets\\full_yolo\\train_valid\\images",
        "annotations_path": "..\\..\\data\\datasets\\full_yolo\\train_valid\\labels",
        "random_seed": 1010,
        "data_augmentation": true,
        "samples": "all",
        "show_image": false,
        "verbose": false,
        "save_path": "..\\..\\results\\params_comparison/run_2/train"
    }
}