{
    "model_name": "yolov8l",
    "MAE": 10.884615384615385,
    "MAPE": 13.32159977017637,
    "RMSE": 17.529096690053105,
    "pred": [
        44,
        43,
        15,
        11,
        17,
        33,
        22,
        62,
        124,
        256,
        97,
        54,
        79,
        29,
        52,
        82,
        95,
        68,
        88,
        89,
        74,
        149,
        153,
        68,
        97,
        49,
        25,
        13,
        25,
        67,
        76,
        87,
        102,
        110,
        87,
        85,
        82,
        85,
        112,
        104,
        106,
        114,
        112,
        48,
        57,
        65,
        107,
        74,
        44,
        59,
        40,
        75,
        21,
        30,
        65,
        46,
        24,
        34,
        31,
        36,
        59,
        71,
        29,
        27,
        35,
        23,
        72,
        19,
        47,
        109,
        123,
        51,
        53,
        86,
        92,
        92,
        90,
        126,
        42,
        45,
        72,
        70,
        218,
        66,
        50,
        56,
        43,
        59,
        25,
        72,
        0,
        34,
        27,
        44,
        22,
        46,
        31,
        93,
        30,
        73,
        41,
        70,
        65,
        35,
        48,
        45,
        116,
        156,
        79,
        72,
        54,
        85,
        42,
        13,
        17,
        43,
        48,
        77,
        34,
        63,
        39,
        102,
        173,
        47,
        210,
        24,
        68,
        53,
        78,
        63
    ],
    "real": [
        47,
        43,
        17,
        12,
        18,
        32,
        21,
        62,
        147,
        290,
        115,
        60,
        92,
        52,
        71,
        97,
        100,
        83,
        106,
        95,
        83,
        167,
        167,
        75,
        111,
        64,
        30,
        18,
        35,
        64,
        99,
        96,
        113,
        121,
        93,
        91,
        93,
        96,
        120,
        123,
        122,
        127,
        125,
        49,
        56,
        58,
        124,
        75,
        44,
        61,
        40,
        73,
        19,
        29,
        71,
        48,
        26,
        32,
        32,
        37,
        65,
        69,
        30,
        30,
        41,
        26,
        79,
        26,
        49,
        117,
        185,
        95,
        57,
        95,
        100,
        102,
        102,
        136,
        43,
        49,
        76,
        83,
        240,
        76,
        58,
        58,
        47,
        61,
        47,
        72,
        18,
        35,
        31,
        55,
        38,
        51,
        36,
        98,
        48,
        84,
        46,
        76,
        96,
        46,
        54,
        58,
        173,
        202,
        131,
        74,
        56,
        110,
        43,
        16,
        23,
        48,
        50,
        81,
        39,
        68,
        46,
        119,
        268,
        54,
        263,
        29,
        77,
        70,
        92,
        68
    ],
    "save_path": "..\\..\\results\\params_comparison/run_2/train/yolov8l_0.5g_0.5r_0.55c_alls.json",
    "args": {
        "model_name": "yolov8l",
        "grid_scale": 0.5,
        "confiance": 0.55,
        "resize_scale": 0.5,
        "images_path": "..\\..\\data\\datasets\\full_yolo\\train_valid\\images",
        "annotations_path": "..\\..\\data\\datasets\\full_yolo\\train_valid\\labels",
        "random_seed": 1010,
        "data_augmentation": true,
        "samples": "all",
        "show_image": false,
        "verbose": false,
        "save_path": "..\\..\\results\\params_comparison/run_2/train"
    }
}