{
    "model_name": "yolov8n",
    "MAE": 14.9,
    "MAPE": 17.940038680297572,
    "RMSE": 21.278916976488905,
    "pred": [
        45,
        40,
        17,
        13,
        17,
        30,
        23,
        59,
        102,
        223,
        92,
        42,
        70,
        28,
        53,
        75,
        77,
        65,
        85,
        81,
        70,
        144,
        146,
        65,
        92,
        49,
        24,
        12,
        23,
        60,
        80,
        85,
        98,
        107,
        82,
        75,
        79,
        90,
        92,
        99,
        101,
        108,
        101,
        45,
        50,
        58,
        92,
        70,
        36,
        55,
        37,
        68,
        19,
        29,
        60,
        43,
        20,
        30,
        24,
        31,
        52,
        58,
        27,
        29,
        37,
        22,
        71,
        22,
        43,
        105,
        141,
        71,
        51,
        85,
        82,
        87,
        79,
        104,
        39,
        40,
        66,
        69,
        192,
        68,
        50,
        52,
        43,
        52,
        34,
        61,
        1,
        32,
        25,
        43,
        19,
        41,
        25,
        84,
        32,
        71,
        43,
        61,
        69,
        38,
        43,
        39,
        99,
        146,
        76,
        61,
        46,
        73,
        40,
        12,
        17,
        39,
        43,
        62,
        27,
        58,
        40,
        92,
        174,
        45,
        198,
        26,
        67,
        59,
        79,
        57
    ],
    "real": [
        47,
        43,
        17,
        12,
        18,
        32,
        21,
        62,
        147,
        290,
        115,
        60,
        92,
        52,
        71,
        97,
        100,
        83,
        106,
        95,
        83,
        167,
        167,
        75,
        111,
        64,
        30,
        18,
        35,
        64,
        99,
        96,
        113,
        121,
        93,
        91,
        93,
        96,
        120,
        123,
        122,
        127,
        125,
        49,
        56,
        58,
        124,
        75,
        44,
        61,
        40,
        73,
        19,
        29,
        71,
        48,
        26,
        32,
        32,
        37,
        65,
        69,
        30,
        30,
        41,
        26,
        79,
        26,
        49,
        117,
        185,
        95,
        57,
        95,
        100,
        102,
        102,
        136,
        43,
        49,
        76,
        83,
        240,
        76,
        58,
        58,
        47,
        61,
        47,
        72,
        18,
        35,
        31,
        55,
        38,
        51,
        36,
        98,
        48,
        84,
        46,
        76,
        96,
        46,
        54,
        58,
        173,
        202,
        131,
        74,
        56,
        110,
        43,
        16,
        23,
        48,
        50,
        81,
        39,
        68,
        46,
        119,
        268,
        54,
        263,
        29,
        77,
        70,
        92,
        68
    ],
    "save_path": "..\\..\\results\\params_comparison/run_2/train/yolov8n_0.3g_0.5r_0.6c_alls.json",
    "args": {
        "model_name": "yolov8n",
        "grid_scale": 0.3,
        "confiance": 0.6,
        "resize_scale": 0.5,
        "images_path": "..\\..\\data\\datasets\\full_yolo\\train_valid\\images",
        "annotations_path": "..\\..\\data\\datasets\\full_yolo\\train_valid\\labels",
        "random_seed": 1010,
        "data_augmentation": true,
        "samples": "all",
        "show_image": false,
        "verbose": false,
        "save_path": "..\\..\\results\\params_comparison/run_2/train"
    }
}