{
    "model_name": "yolov8n",
    "MAE": 4.415384615384616,
    "MAPE": 7.02850098897675,
    "RMSE": 6.279392425288392,
    "pred": [
        55,
        47,
        18,
        15,
        16,
        34,
        28,
        67,
        147,
        294,
        112,
        50,
        86,
        50,
        74,
        102,
        105,
        85,
        107,
        102,
        86,
        170,
        173,
        82,
        122,
        68,
        34,
        17,
        35,
        77,
        101,
        94,
        112,
        121,
        96,
        96,
        92,
        91,
        115,
        118,
        121,
        126,
        131,
        55,
        60,
        65,
        124,
        77,
        44,
        63,
        41,
        74,
        22,
        30,
        70,
        47,
        26,
        28,
        27,
        39,
        57,
        70,
        24,
        25,
        46,
        24,
        87,
        31,
        55,
        134,
        168,
        89,
        57,
        97,
        95,
        103,
        100,
        132,
        46,
        50,
        71,
        87,
        226,
        77,
        57,
        60,
        50,
        70,
        46,
        74,
        7,
        35,
        33,
        50,
        30,
        50,
        37,
        105,
        47,
        83,
        50,
        82,
        87,
        47,
        53,
        58,
        148,
        179,
        114,
        74,
        58,
        103,
        54,
        17,
        21,
        52,
        52,
        90,
        35,
        75,
        46,
        124,
        253,
        55,
        262,
        28,
        75,
        77,
        103,
        72
    ],
    "real": [
        47,
        43,
        17,
        12,
        18,
        32,
        21,
        62,
        147,
        290,
        115,
        60,
        92,
        52,
        71,
        97,
        100,
        83,
        106,
        95,
        83,
        167,
        167,
        75,
        111,
        64,
        30,
        18,
        35,
        64,
        99,
        96,
        113,
        121,
        93,
        91,
        93,
        96,
        120,
        123,
        122,
        127,
        125,
        49,
        56,
        58,
        124,
        75,
        44,
        61,
        40,
        73,
        19,
        29,
        71,
        48,
        26,
        32,
        32,
        37,
        65,
        69,
        30,
        30,
        41,
        26,
        79,
        26,
        49,
        117,
        185,
        95,
        57,
        95,
        100,
        102,
        102,
        136,
        43,
        49,
        76,
        83,
        240,
        76,
        58,
        58,
        47,
        61,
        47,
        72,
        18,
        35,
        31,
        55,
        38,
        51,
        36,
        98,
        48,
        84,
        46,
        76,
        96,
        46,
        54,
        58,
        173,
        202,
        131,
        74,
        56,
        110,
        43,
        16,
        23,
        48,
        50,
        81,
        39,
        68,
        46,
        119,
        268,
        54,
        263,
        29,
        77,
        70,
        92,
        68
    ],
    "save_path": "..\\..\\results\\params_comparison/run_2/train/yolov8n_0.2g_0.5r_0.5c_alls.json",
    "args": {
        "model_name": "yolov8n",
        "grid_scale": 0.2,
        "confiance": 0.5,
        "resize_scale": 0.5,
        "images_path": "..\\..\\data\\datasets\\full_yolo\\train_valid\\images",
        "annotations_path": "..\\..\\data\\datasets\\full_yolo\\train_valid\\labels",
        "random_seed": 1010,
        "data_augmentation": true,
        "samples": "all",
        "show_image": false,
        "verbose": false,
        "save_path": "..\\..\\results\\params_comparison/run_2/train"
    }
}