{
    "model_name": "yolov8s",
    "MAE": 4.469230769230769,
    "MAPE": 7.034108686114984,
    "RMSE": 6.357914510519697,
    "pred": [
        54,
        50,
        18,
        13,
        20,
        36,
        27,
        69,
        152,
        310,
        117,
        61,
        90,
        40,
        67,
        101,
        104,
        82,
        114,
        100,
        89,
        168,
        175,
        80,
        114,
        65,
        31,
        18,
        39,
        71,
        102,
        101,
        120,
        120,
        101,
        101,
        94,
        100,
        124,
        121,
        123,
        127,
        128,
        54,
        66,
        70,
        125,
        78,
        49,
        62,
        44,
        78,
        22,
        31,
        73,
        50,
        28,
        35,
        34,
        37,
        63,
        73,
        31,
        31,
        47,
        27,
        85,
        25,
        57,
        132,
        178,
        85,
        58,
        99,
        105,
        107,
        101,
        139,
        46,
        53,
        76,
        84,
        249,
        77,
        60,
        60,
        50,
        75,
        46,
        79,
        5,
        37,
        31,
        48,
        24,
        50,
        36,
        99,
        50,
        82,
        51,
        78,
        90,
        51,
        53,
        52,
        149,
        197,
        102,
        77,
        62,
        95,
        46,
        16,
        24,
        52,
        54,
        84,
        37,
        74,
        47,
        123,
        272,
        57,
        259,
        30,
        81,
        73,
        97,
        70
    ],
    "real": [
        47,
        43,
        17,
        12,
        18,
        32,
        21,
        62,
        147,
        290,
        115,
        60,
        92,
        52,
        71,
        97,
        100,
        83,
        106,
        95,
        83,
        167,
        167,
        75,
        111,
        64,
        30,
        18,
        35,
        64,
        99,
        96,
        113,
        121,
        93,
        91,
        93,
        96,
        120,
        123,
        122,
        127,
        125,
        49,
        56,
        58,
        124,
        75,
        44,
        61,
        40,
        73,
        19,
        29,
        71,
        48,
        26,
        32,
        32,
        37,
        65,
        69,
        30,
        30,
        41,
        26,
        79,
        26,
        49,
        117,
        185,
        95,
        57,
        95,
        100,
        102,
        102,
        136,
        43,
        49,
        76,
        83,
        240,
        76,
        58,
        58,
        47,
        61,
        47,
        72,
        18,
        35,
        31,
        55,
        38,
        51,
        36,
        98,
        48,
        84,
        46,
        76,
        96,
        46,
        54,
        58,
        173,
        202,
        131,
        74,
        56,
        110,
        43,
        16,
        23,
        48,
        50,
        81,
        39,
        68,
        46,
        119,
        268,
        54,
        263,
        29,
        77,
        70,
        92,
        68
    ],
    "save_path": "..\\..\\results\\params_comparison/run_2/train/yolov8s_0.3g_0.5r_0.45c_alls.json",
    "args": {
        "model_name": "yolov8s",
        "grid_scale": 0.3,
        "confiance": 0.45,
        "resize_scale": 0.5,
        "images_path": "..\\..\\data\\datasets\\full_yolo\\train_valid\\images",
        "annotations_path": "..\\..\\data\\datasets\\full_yolo\\train_valid\\labels",
        "random_seed": 1010,
        "data_augmentation": true,
        "samples": "all",
        "show_image": false,
        "verbose": false,
        "save_path": "..\\..\\results\\params_comparison/run_2/train"
    }
}