{
    "model_name": "yolov8l",
    "MAE": 4.407692307692308,
    "MAPE": 6.3347650695258455,
    "RMSE": 7.464273884001351,
    "pred": [
        51,
        41,
        16,
        12,
        17,
        33,
        21,
        65,
        142,
        282,
        106,
        59,
        85,
        36,
        66,
        97,
        99,
        78,
        102,
        95,
        81,
        169,
        170,
        73,
        117,
        57,
        28,
        14,
        29,
        72,
        95,
        95,
        114,
        121,
        95,
        92,
        85,
        97,
        120,
        116,
        121,
        121,
        126,
        53,
        58,
        62,
        125,
        76,
        45,
        63,
        45,
        77,
        19,
        31,
        70,
        47,
        26,
        33,
        32,
        37,
        65,
        73,
        31,
        29,
        42,
        24,
        76,
        26,
        50,
        122,
        151,
        80,
        53,
        96,
        97,
        97,
        99,
        133,
        44,
        51,
        75,
        83,
        233,
        72,
        54,
        58,
        45,
        62,
        41,
        74,
        1,
        36,
        31,
        47,
        24,
        51,
        34,
        97,
        44,
        81,
        45,
        79,
        81,
        42,
        46,
        48,
        147,
        184,
        99,
        76,
        53,
        95,
        46,
        14,
        22,
        49,
        47,
        75,
        33,
        66,
        46,
        116,
        238,
        56,
        250,
        25,
        72,
        66,
        86,
        70
    ],
    "real": [
        47,
        43,
        17,
        12,
        18,
        32,
        21,
        62,
        147,
        290,
        115,
        60,
        92,
        52,
        71,
        97,
        100,
        83,
        106,
        95,
        83,
        167,
        167,
        75,
        111,
        64,
        30,
        18,
        35,
        64,
        99,
        96,
        113,
        121,
        93,
        91,
        93,
        96,
        120,
        123,
        122,
        127,
        125,
        49,
        56,
        58,
        124,
        75,
        44,
        61,
        40,
        73,
        19,
        29,
        71,
        48,
        26,
        32,
        32,
        37,
        65,
        69,
        30,
        30,
        41,
        26,
        79,
        26,
        49,
        117,
        185,
        95,
        57,
        95,
        100,
        102,
        102,
        136,
        43,
        49,
        76,
        83,
        240,
        76,
        58,
        58,
        47,
        61,
        47,
        72,
        18,
        35,
        31,
        55,
        38,
        51,
        36,
        98,
        48,
        84,
        46,
        76,
        96,
        46,
        54,
        58,
        173,
        202,
        131,
        74,
        56,
        110,
        43,
        16,
        23,
        48,
        50,
        81,
        39,
        68,
        46,
        119,
        268,
        54,
        263,
        29,
        77,
        70,
        92,
        68
    ],
    "save_path": "..\\..\\results\\params_comparison/run_2/train/yolov8l_0.4g_0.5r_0.5c_alls.json",
    "args": {
        "model_name": "yolov8l",
        "grid_scale": 0.4,
        "confiance": 0.5,
        "resize_scale": 0.5,
        "images_path": "..\\..\\data\\datasets\\full_yolo\\train_valid\\images",
        "annotations_path": "..\\..\\data\\datasets\\full_yolo\\train_valid\\labels",
        "random_seed": 1010,
        "data_augmentation": true,
        "samples": "all",
        "show_image": false,
        "verbose": false,
        "save_path": "..\\..\\results\\params_comparison/run_2/train"
    }
}