{
    "model_name": "yolov8n",
    "MAE": 5.746153846153846,
    "MAPE": 9.576055519821423,
    "RMSE": 7.528918606587229,
    "pred": [
        61,
        56,
        21,
        17,
        25,
        41,
        31,
        69,
        154,
        304,
        117,
        56,
        87,
        63,
        79,
        110,
        109,
        92,
        115,
        99,
        86,
        178,
        176,
        80,
        124,
        67,
        33,
        20,
        36,
        79,
        99,
        102,
        115,
        129,
        99,
        99,
        96,
        101,
        124,
        126,
        128,
        130,
        128,
        55,
        64,
        68,
        130,
        81,
        46,
        63,
        44,
        76,
        22,
        33,
        72,
        52,
        27,
        34,
        33,
        40,
        68,
        68,
        32,
        31,
        49,
        28,
        100,
        30,
        57,
        143,
        172,
        94,
        60,
        98,
        104,
        119,
        103,
        138,
        45,
        51,
        78,
        88,
        245,
        78,
        58,
        62,
        53,
        75,
        46,
        77,
        7,
        35,
        34,
        51,
        28,
        57,
        38,
        105,
        48,
        83,
        51,
        76,
        89,
        47,
        57,
        56,
        159,
        199,
        121,
        80,
        57,
        106,
        62,
        17,
        23,
        52,
        54,
        92,
        41,
        82,
        47,
        120,
        279,
        61,
        273,
        29,
        78,
        83,
        106,
        82
    ],
    "real": [
        47,
        43,
        17,
        12,
        18,
        32,
        21,
        62,
        147,
        290,
        115,
        60,
        92,
        52,
        71,
        97,
        100,
        83,
        106,
        95,
        83,
        167,
        167,
        75,
        111,
        64,
        30,
        18,
        35,
        64,
        99,
        96,
        113,
        121,
        93,
        91,
        93,
        96,
        120,
        123,
        122,
        127,
        125,
        49,
        56,
        58,
        124,
        75,
        44,
        61,
        40,
        73,
        19,
        29,
        71,
        48,
        26,
        32,
        32,
        37,
        65,
        69,
        30,
        30,
        41,
        26,
        79,
        26,
        49,
        117,
        185,
        95,
        57,
        95,
        100,
        102,
        102,
        136,
        43,
        49,
        76,
        83,
        240,
        76,
        58,
        58,
        47,
        61,
        47,
        72,
        18,
        35,
        31,
        55,
        38,
        51,
        36,
        98,
        48,
        84,
        46,
        76,
        96,
        46,
        54,
        58,
        173,
        202,
        131,
        74,
        56,
        110,
        43,
        16,
        23,
        48,
        50,
        81,
        39,
        68,
        46,
        119,
        268,
        54,
        263,
        29,
        77,
        70,
        92,
        68
    ],
    "save_path": "..\\..\\results\\params_comparison/run_2/train/yolov8n_0.2g_0.5r_0.45c_alls.json",
    "args": {
        "model_name": "yolov8n",
        "grid_scale": 0.2,
        "confiance": 0.45,
        "resize_scale": 0.5,
        "images_path": "..\\..\\data\\datasets\\full_yolo\\train_valid\\images",
        "annotations_path": "..\\..\\data\\datasets\\full_yolo\\train_valid\\labels",
        "random_seed": 1010,
        "data_augmentation": true,
        "samples": "all",
        "show_image": false,
        "verbose": false,
        "save_path": "..\\..\\results\\params_comparison/run_2/train"
    }
}