{
    "model_name": "yolov8n",
    "MAE": 7.4,
    "MAPE": 9.494291731718851,
    "RMSE": 11.74341059095237,
    "pred": [
        46,
        40,
        16,
        12,
        19,
        35,
        26,
        64,
        124,
        255,
        106,
        49,
        81,
        32,
        57,
        85,
        100,
        81,
        99,
        91,
        76,
        159,
        155,
        71,
        109,
        53,
        27,
        14,
        31,
        69,
        86,
        91,
        110,
        118,
        90,
        91,
        87,
        92,
        111,
        113,
        111,
        115,
        116,
        48,
        54,
        58,
        109,
        69,
        42,
        59,
        41,
        72,
        21,
        29,
        67,
        44,
        22,
        30,
        32,
        37,
        55,
        66,
        29,
        31,
        39,
        21,
        83,
        25,
        49,
        117,
        158,
        78,
        56,
        90,
        88,
        101,
        88,
        119,
        43,
        49,
        68,
        77,
        217,
        72,
        52,
        57,
        46,
        58,
        38,
        71,
        1,
        34,
        28,
        44,
        18,
        44,
        33,
        95,
        43,
        73,
        42,
        70,
        80,
        46,
        48,
        48,
        115,
        166,
        97,
        73,
        53,
        82,
        45,
        16,
        19,
        46,
        49,
        81,
        26,
        67,
        41,
        108,
        234,
        49,
        233,
        26,
        69,
        67,
        78,
        66
    ],
    "real": [
        47,
        43,
        17,
        12,
        18,
        32,
        21,
        62,
        147,
        290,
        115,
        60,
        92,
        52,
        71,
        97,
        100,
        83,
        106,
        95,
        83,
        167,
        167,
        75,
        111,
        64,
        30,
        18,
        35,
        64,
        99,
        96,
        113,
        121,
        93,
        91,
        93,
        96,
        120,
        123,
        122,
        127,
        125,
        49,
        56,
        58,
        124,
        75,
        44,
        61,
        40,
        73,
        19,
        29,
        71,
        48,
        26,
        32,
        32,
        37,
        65,
        69,
        30,
        30,
        41,
        26,
        79,
        26,
        49,
        117,
        185,
        95,
        57,
        95,
        100,
        102,
        102,
        136,
        43,
        49,
        76,
        83,
        240,
        76,
        58,
        58,
        47,
        61,
        47,
        72,
        18,
        35,
        31,
        55,
        38,
        51,
        36,
        98,
        48,
        84,
        46,
        76,
        96,
        46,
        54,
        58,
        173,
        202,
        131,
        74,
        56,
        110,
        43,
        16,
        23,
        48,
        50,
        81,
        39,
        68,
        46,
        119,
        268,
        54,
        263,
        29,
        77,
        70,
        92,
        68
    ],
    "save_path": "..\\..\\results\\params_comparison/run_2/train/yolov8n_0.3g_0.5r_0.55c_alls.json",
    "args": {
        "model_name": "yolov8n",
        "grid_scale": 0.3,
        "confiance": 0.55,
        "resize_scale": 0.5,
        "images_path": "..\\..\\data\\datasets\\full_yolo\\train_valid\\images",
        "annotations_path": "..\\..\\data\\datasets\\full_yolo\\train_valid\\labels",
        "random_seed": 1010,
        "data_augmentation": true,
        "samples": "all",
        "show_image": false,
        "verbose": false,
        "save_path": "..\\..\\results\\params_comparison/run_2/train"
    }
}