{
    "model_name": "yolov8x",
    "MAE": 6.2846153846153845,
    "MAPE": 8.050745906983208,
    "RMSE": 11.049190711749679,
    "pred": [
        47,
        44,
        15,
        11,
        18,
        33,
        25,
        60,
        129,
        280,
        106,
        54,
        82,
        36,
        65,
        94,
        97,
        73,
        98,
        92,
        83,
        159,
        165,
        74,
        110,
        56,
        28,
        14,
        32,
        70,
        87,
        89,
        107,
        116,
        91,
        89,
        89,
        88,
        113,
        109,
        116,
        118,
        120,
        51,
        58,
        64,
        119,
        74,
        44,
        60,
        42,
        78,
        21,
        29,
        67,
        49,
        25,
        32,
        33,
        36,
        60,
        69,
        29,
        32,
        39,
        24,
        76,
        24,
        53,
        117,
        148,
        65,
        55,
        94,
        98,
        99,
        97,
        131,
        44,
        50,
        74,
        80,
        218,
        75,
        54,
        59,
        44,
        64,
        40,
        75,
        0,
        34,
        31,
        46,
        24,
        48,
        35,
        95,
        41,
        76,
        45,
        73,
        72,
        43,
        47,
        50,
        139,
        172,
        82,
        75,
        54,
        89,
        43,
        14,
        19,
        47,
        49,
        79,
        35,
        64,
        44,
        112,
        213,
        50,
        231,
        26,
        73,
        64,
        84,
        73
    ],
    "real": [
        47,
        43,
        17,
        12,
        18,
        32,
        21,
        62,
        147,
        290,
        115,
        60,
        92,
        52,
        71,
        97,
        100,
        83,
        106,
        95,
        83,
        167,
        167,
        75,
        111,
        64,
        30,
        18,
        35,
        64,
        99,
        96,
        113,
        121,
        93,
        91,
        93,
        96,
        120,
        123,
        122,
        127,
        125,
        49,
        56,
        58,
        124,
        75,
        44,
        61,
        40,
        73,
        19,
        29,
        71,
        48,
        26,
        32,
        32,
        37,
        65,
        69,
        30,
        30,
        41,
        26,
        79,
        26,
        49,
        117,
        185,
        95,
        57,
        95,
        100,
        102,
        102,
        136,
        43,
        49,
        76,
        83,
        240,
        76,
        58,
        58,
        47,
        61,
        47,
        72,
        18,
        35,
        31,
        55,
        38,
        51,
        36,
        98,
        48,
        84,
        46,
        76,
        96,
        46,
        54,
        58,
        173,
        202,
        131,
        74,
        56,
        110,
        43,
        16,
        23,
        48,
        50,
        81,
        39,
        68,
        46,
        119,
        268,
        54,
        263,
        29,
        77,
        70,
        92,
        68
    ],
    "save_path": "..\\..\\results\\params_comparison/run_2/train/yolov8x_0.5g_0.5r_0.45c_alls.json",
    "args": {
        "model_name": "yolov8x",
        "grid_scale": 0.5,
        "confiance": 0.45,
        "resize_scale": 0.5,
        "images_path": "..\\..\\data\\datasets\\full_yolo\\train_valid\\images",
        "annotations_path": "..\\..\\data\\datasets\\full_yolo\\train_valid\\labels",
        "random_seed": 1010,
        "data_augmentation": true,
        "samples": "all",
        "show_image": false,
        "verbose": false,
        "save_path": "..\\..\\results\\params_comparison/run_2/train"
    }
}