{
    "model_name": "yolov8s",
    "MAE": 10.946153846153846,
    "MAPE": 14.053473183905837,
    "RMSE": 15.830593555129015,
    "pred": [
        48,
        42,
        16,
        12,
        17,
        31,
        22,
        59,
        127,
        250,
        92,
        53,
        74,
        18,
        50,
        78,
        88,
        72,
        94,
        88,
        71,
        157,
        157,
        63,
        103,
        50,
        26,
        12,
        23,
        64,
        78,
        89,
        91,
        108,
        82,
        87,
        79,
        88,
        108,
        107,
        105,
        113,
        114,
        45,
        56,
        63,
        107,
        72,
        41,
        61,
        37,
        73,
        18,
        29,
        64,
        48,
        26,
        30,
        25,
        34,
        60,
        67,
        30,
        28,
        37,
        21,
        69,
        20,
        48,
        105,
        162,
        80,
        50,
        87,
        85,
        94,
        89,
        118,
        40,
        46,
        69,
        63,
        207,
        63,
        50,
        54,
        45,
        60,
        31,
        72,
        1,
        34,
        24,
        33,
        20,
        40,
        29,
        84,
        29,
        76,
        43,
        71,
        79,
        37,
        46,
        36,
        108,
        162,
        82,
        73,
        50,
        78,
        44,
        11,
        17,
        43,
        46,
        71,
        36,
        62,
        41,
        101,
        208,
        43,
        217,
        23,
        65,
        59,
        76,
        61
    ],
    "real": [
        47,
        43,
        17,
        12,
        18,
        32,
        21,
        62,
        147,
        290,
        115,
        60,
        92,
        52,
        71,
        97,
        100,
        83,
        106,
        95,
        83,
        167,
        167,
        75,
        111,
        64,
        30,
        18,
        35,
        64,
        99,
        96,
        113,
        121,
        93,
        91,
        93,
        96,
        120,
        123,
        122,
        127,
        125,
        49,
        56,
        58,
        124,
        75,
        44,
        61,
        40,
        73,
        19,
        29,
        71,
        48,
        26,
        32,
        32,
        37,
        65,
        69,
        30,
        30,
        41,
        26,
        79,
        26,
        49,
        117,
        185,
        95,
        57,
        95,
        100,
        102,
        102,
        136,
        43,
        49,
        76,
        83,
        240,
        76,
        58,
        58,
        47,
        61,
        47,
        72,
        18,
        35,
        31,
        55,
        38,
        51,
        36,
        98,
        48,
        84,
        46,
        76,
        96,
        46,
        54,
        58,
        173,
        202,
        131,
        74,
        56,
        110,
        43,
        16,
        23,
        48,
        50,
        81,
        39,
        68,
        46,
        119,
        268,
        54,
        263,
        29,
        77,
        70,
        92,
        68
    ],
    "save_path": "..\\..\\results\\params_comparison/run_2/train/yolov8s_0.4g_0.5r_0.6c_alls.json",
    "args": {
        "model_name": "yolov8s",
        "grid_scale": 0.4,
        "confiance": 0.6,
        "resize_scale": 0.5,
        "images_path": "..\\..\\data\\datasets\\full_yolo\\train_valid\\images",
        "annotations_path": "..\\..\\data\\datasets\\full_yolo\\train_valid\\labels",
        "random_seed": 1010,
        "data_augmentation": true,
        "samples": "all",
        "show_image": false,
        "verbose": false,
        "save_path": "..\\..\\results\\params_comparison/run_2/train"
    }
}