{
    "model_name": "yolov8m",
    "MAE": 10.361538461538462,
    "MAPE": 13.86351752021256,
    "RMSE": 14.09937259924383,
    "pred": [
        43,
        43,
        16,
        12,
        16,
        31,
        23,
        53,
        120,
        256,
        96,
        43,
        77,
        28,
        55,
        88,
        94,
        70,
        98,
        89,
        71,
        155,
        158,
        72,
        101,
        48,
        25,
        14,
        28,
        61,
        88,
        87,
        100,
        115,
        81,
        83,
        79,
        91,
        110,
        106,
        103,
        109,
        113,
        39,
        54,
        61,
        108,
        67,
        41,
        52,
        35,
        72,
        20,
        29,
        64,
        47,
        24,
        30,
        32,
        31,
        57,
        62,
        25,
        27,
        36,
        21,
        72,
        21,
        42,
        110,
        162,
        67,
        51,
        89,
        88,
        90,
        89,
        119,
        40,
        43,
        69,
        75,
        206,
        73,
        48,
        51,
        42,
        55,
        31,
        69,
        0,
        33,
        26,
        35,
        21,
        42,
        31,
        91,
        32,
        71,
        48,
        69,
        78,
        35,
        47,
        47,
        123,
        165,
        88,
        67,
        51,
        83,
        41,
        13,
        13,
        45,
        41,
        75,
        35,
        59,
        42,
        96,
        214,
        48,
        234,
        22,
        74,
        59,
        76,
        65
    ],
    "real": [
        47,
        43,
        17,
        12,
        18,
        32,
        21,
        62,
        147,
        290,
        115,
        60,
        92,
        52,
        71,
        97,
        100,
        83,
        106,
        95,
        83,
        167,
        167,
        75,
        111,
        64,
        30,
        18,
        35,
        64,
        99,
        96,
        113,
        121,
        93,
        91,
        93,
        96,
        120,
        123,
        122,
        127,
        125,
        49,
        56,
        58,
        124,
        75,
        44,
        61,
        40,
        73,
        19,
        29,
        71,
        48,
        26,
        32,
        32,
        37,
        65,
        69,
        30,
        30,
        41,
        26,
        79,
        26,
        49,
        117,
        185,
        95,
        57,
        95,
        100,
        102,
        102,
        136,
        43,
        49,
        76,
        83,
        240,
        76,
        58,
        58,
        47,
        61,
        47,
        72,
        18,
        35,
        31,
        55,
        38,
        51,
        36,
        98,
        48,
        84,
        46,
        76,
        96,
        46,
        54,
        58,
        173,
        202,
        131,
        74,
        56,
        110,
        43,
        16,
        23,
        48,
        50,
        81,
        39,
        68,
        46,
        119,
        268,
        54,
        263,
        29,
        77,
        70,
        92,
        68
    ],
    "save_path": "..\\..\\results\\params_comparison/run_2/train/yolov8m_0.4g_0.5r_0.6c_alls.json",
    "args": {
        "model_name": "yolov8m",
        "grid_scale": 0.4,
        "confiance": 0.6,
        "resize_scale": 0.5,
        "images_path": "..\\..\\data\\datasets\\full_yolo\\train_valid\\images",
        "annotations_path": "..\\..\\data\\datasets\\full_yolo\\train_valid\\labels",
        "random_seed": 1010,
        "data_augmentation": true,
        "samples": "all",
        "show_image": false,
        "verbose": false,
        "save_path": "..\\..\\results\\params_comparison/run_2/train"
    }
}