{
    "model_name": "yolov8m",
    "MAE": 4.223076923076923,
    "MAPE": 6.836592274137393,
    "RMSE": 6.474209188417117,
    "pred": [
        50,
        47,
        17,
        13,
        18,
        36,
        25,
        59,
        143,
        283,
        105,
        54,
        87,
        30,
        65,
        100,
        102,
        83,
        103,
        97,
        85,
        162,
        168,
        77,
        114,
        58,
        26,
        13,
        34,
        71,
        99,
        94,
        109,
        120,
        93,
        91,
        87,
        94,
        119,
        115,
        120,
        121,
        122,
        49,
        58,
        60,
        120,
        71,
        43,
        62,
        41,
        73,
        20,
        32,
        69,
        50,
        26,
        32,
        32,
        35,
        65,
        69,
        27,
        29,
        44,
        23,
        78,
        24,
        48,
        121,
        169,
        80,
        55,
        97,
        95,
        104,
        96,
        133,
        42,
        45,
        75,
        83,
        230,
        79,
        53,
        57,
        45,
        59,
        43,
        76,
        0,
        34,
        29,
        47,
        21,
        47,
        31,
        99,
        39,
        80,
        50,
        77,
        89,
        48,
        45,
        53,
        153,
        187,
        103,
        73,
        54,
        95,
        45,
        15,
        19,
        47,
        49,
        76,
        29,
        68,
        42,
        117,
        252,
        48,
        247,
        27,
        77,
        67,
        87,
        70
    ],
    "real": [
        47,
        43,
        17,
        12,
        18,
        32,
        21,
        62,
        147,
        290,
        115,
        60,
        92,
        52,
        71,
        97,
        100,
        83,
        106,
        95,
        83,
        167,
        167,
        75,
        111,
        64,
        30,
        18,
        35,
        64,
        99,
        96,
        113,
        121,
        93,
        91,
        93,
        96,
        120,
        123,
        122,
        127,
        125,
        49,
        56,
        58,
        124,
        75,
        44,
        61,
        40,
        73,
        19,
        29,
        71,
        48,
        26,
        32,
        32,
        37,
        65,
        69,
        30,
        30,
        41,
        26,
        79,
        26,
        49,
        117,
        185,
        95,
        57,
        95,
        100,
        102,
        102,
        136,
        43,
        49,
        76,
        83,
        240,
        76,
        58,
        58,
        47,
        61,
        47,
        72,
        18,
        35,
        31,
        55,
        38,
        51,
        36,
        98,
        48,
        84,
        46,
        76,
        96,
        46,
        54,
        58,
        173,
        202,
        131,
        74,
        56,
        110,
        43,
        16,
        23,
        48,
        50,
        81,
        39,
        68,
        46,
        119,
        268,
        54,
        263,
        29,
        77,
        70,
        92,
        68
    ],
    "save_path": "..\\..\\results\\params_comparison/run_2/train/yolov8m_0.4g_0.5r_0.5c_alls.json",
    "args": {
        "model_name": "yolov8m",
        "grid_scale": 0.4,
        "confiance": 0.5,
        "resize_scale": 0.5,
        "images_path": "..\\..\\data\\datasets\\full_yolo\\train_valid\\images",
        "annotations_path": "..\\..\\data\\datasets\\full_yolo\\train_valid\\labels",
        "random_seed": 1010,
        "data_augmentation": true,
        "samples": "all",
        "show_image": false,
        "verbose": false,
        "save_path": "..\\..\\results\\params_comparison/run_2/train"
    }
}