{
    "model_name": "yolov8n",
    "MAE": 6.2153846153846155,
    "MAPE": 8.377973160719288,
    "RMSE": 9.995383549803995,
    "pred": [
        49,
        44,
        18,
        15,
        20,
        33,
        25,
        59,
        132,
        265,
        107,
        55,
        83,
        31,
        63,
        94,
        94,
        76,
        100,
        94,
        80,
        168,
        165,
        75,
        114,
        60,
        27,
        13,
        30,
        72,
        89,
        91,
        109,
        112,
        92,
        94,
        91,
        90,
        113,
        110,
        116,
        118,
        118,
        45,
        57,
        60,
        113,
        71,
        45,
        62,
        41,
        75,
        20,
        31,
        67,
        49,
        27,
        32,
        32,
        32,
        66,
        71,
        28,
        30,
        41,
        25,
        77,
        21,
        53,
        113,
        158,
        79,
        57,
        99,
        95,
        97,
        93,
        128,
        41,
        47,
        72,
        80,
        221,
        77,
        56,
        54,
        45,
        61,
        41,
        75,
        0,
        33,
        28,
        49,
        25,
        47,
        34,
        97,
        42,
        79,
        44,
        70,
        77,
        42,
        49,
        47,
        126,
        171,
        100,
        71,
        53,
        92,
        46,
        17,
        23,
        47,
        46,
        77,
        32,
        66,
        43,
        110,
        227,
        51,
        236,
        24,
        78,
        62,
        81,
        61
    ],
    "real": [
        47,
        43,
        17,
        12,
        18,
        32,
        21,
        62,
        147,
        290,
        115,
        60,
        92,
        52,
        71,
        97,
        100,
        83,
        106,
        95,
        83,
        167,
        167,
        75,
        111,
        64,
        30,
        18,
        35,
        64,
        99,
        96,
        113,
        121,
        93,
        91,
        93,
        96,
        120,
        123,
        122,
        127,
        125,
        49,
        56,
        58,
        124,
        75,
        44,
        61,
        40,
        73,
        19,
        29,
        71,
        48,
        26,
        32,
        32,
        37,
        65,
        69,
        30,
        30,
        41,
        26,
        79,
        26,
        49,
        117,
        185,
        95,
        57,
        95,
        100,
        102,
        102,
        136,
        43,
        49,
        76,
        83,
        240,
        76,
        58,
        58,
        47,
        61,
        47,
        72,
        18,
        35,
        31,
        55,
        38,
        51,
        36,
        98,
        48,
        84,
        46,
        76,
        96,
        46,
        54,
        58,
        173,
        202,
        131,
        74,
        56,
        110,
        43,
        16,
        23,
        48,
        50,
        81,
        39,
        68,
        46,
        119,
        268,
        54,
        263,
        29,
        77,
        70,
        92,
        68
    ],
    "save_path": "..\\..\\results\\params_comparison/run_2/train/yolov8n_0.5g_0.5r_0.5c_alls.json",
    "args": {
        "model_name": "yolov8n",
        "grid_scale": 0.5,
        "confiance": 0.5,
        "resize_scale": 0.5,
        "images_path": "..\\..\\data\\datasets\\full_yolo\\train_valid\\images",
        "annotations_path": "..\\..\\data\\datasets\\full_yolo\\train_valid\\labels",
        "random_seed": 1010,
        "data_augmentation": true,
        "samples": "all",
        "show_image": false,
        "verbose": false,
        "save_path": "..\\..\\results\\params_comparison/run_2/train"
    }
}