{
    "model_name": "yolov8m",
    "MAE": 4.369230769230769,
    "MAPE": 6.648628011060137,
    "RMSE": 6.043432544761042,
    "pred": [
        51,
        47,
        19,
        15,
        18,
        35,
        30,
        68,
        158,
        287,
        112,
        52,
        89,
        50,
        68,
        106,
        107,
        86,
        110,
        98,
        85,
        173,
        179,
        80,
        116,
        59,
        28,
        17,
        33,
        72,
        104,
        98,
        118,
        121,
        97,
        93,
        88,
        93,
        121,
        118,
        119,
        123,
        123,
        53,
        60,
        66,
        130,
        83,
        45,
        64,
        42,
        79,
        20,
        30,
        71,
        50,
        27,
        31,
        30,
        35,
        54,
        72,
        29,
        29,
        43,
        23,
        78,
        27,
        53,
        140,
        159,
        82,
        60,
        99,
        102,
        106,
        96,
        140,
        46,
        50,
        78,
        84,
        247,
        78,
        57,
        60,
        53,
        70,
        44,
        80,
        6,
        36,
        33,
        48,
        28,
        48,
        37,
        100,
        45,
        84,
        49,
        77,
        85,
        46,
        50,
        57,
        164,
        188,
        118,
        78,
        56,
        98,
        49,
        16,
        23,
        50,
        50,
        90,
        34,
        74,
        46,
        121,
        256,
        59,
        258,
        28,
        78,
        68,
        95,
        76
    ],
    "real": [
        47,
        43,
        17,
        12,
        18,
        32,
        21,
        62,
        147,
        290,
        115,
        60,
        92,
        52,
        71,
        97,
        100,
        83,
        106,
        95,
        83,
        167,
        167,
        75,
        111,
        64,
        30,
        18,
        35,
        64,
        99,
        96,
        113,
        121,
        93,
        91,
        93,
        96,
        120,
        123,
        122,
        127,
        125,
        49,
        56,
        58,
        124,
        75,
        44,
        61,
        40,
        73,
        19,
        29,
        71,
        48,
        26,
        32,
        32,
        37,
        65,
        69,
        30,
        30,
        41,
        26,
        79,
        26,
        49,
        117,
        185,
        95,
        57,
        95,
        100,
        102,
        102,
        136,
        43,
        49,
        76,
        83,
        240,
        76,
        58,
        58,
        47,
        61,
        47,
        72,
        18,
        35,
        31,
        55,
        38,
        51,
        36,
        98,
        48,
        84,
        46,
        76,
        96,
        46,
        54,
        58,
        173,
        202,
        131,
        74,
        56,
        110,
        43,
        16,
        23,
        48,
        50,
        81,
        39,
        68,
        46,
        119,
        268,
        54,
        263,
        29,
        77,
        70,
        92,
        68
    ],
    "save_path": "..\\..\\results\\params_comparison/run_2/train/yolov8m_0.2g_0.5r_0.5c_alls.json",
    "args": {
        "model_name": "yolov8m",
        "grid_scale": 0.2,
        "confiance": 0.5,
        "resize_scale": 0.5,
        "images_path": "..\\..\\data\\datasets\\full_yolo\\train_valid\\images",
        "annotations_path": "..\\..\\data\\datasets\\full_yolo\\train_valid\\labels",
        "random_seed": 1010,
        "data_augmentation": true,
        "samples": "all",
        "show_image": false,
        "verbose": false,
        "save_path": "..\\..\\results\\params_comparison/run_2/train"
    }
}