{
    "model_name": "yolov8s",
    "MAE": 4.538461538461538,
    "MAPE": 6.862259991730332,
    "RMSE": 7.597570461869829,
    "pred": [
        48,
        44,
        16,
        14,
        16,
        33,
        28,
        67,
        144,
        284,
        108,
        58,
        83,
        33,
        55,
        95,
        99,
        81,
        106,
        94,
        80,
        164,
        163,
        71,
        110,
        59,
        30,
        16,
        35,
        70,
        92,
        96,
        112,
        117,
        92,
        91,
        93,
        91,
        116,
        120,
        119,
        128,
        123,
        55,
        58,
        66,
        117,
        78,
        43,
        60,
        45,
        76,
        21,
        31,
        69,
        47,
        25,
        33,
        35,
        33,
        67,
        74,
        30,
        30,
        42,
        24,
        80,
        24,
        54,
        119,
        161,
        79,
        54,
        96,
        96,
        100,
        97,
        129,
        44,
        50,
        75,
        78,
        229,
        77,
        55,
        57,
        48,
        66,
        41,
        74,
        1,
        34,
        31,
        44,
        25,
        49,
        34,
        93,
        46,
        82,
        48,
        78,
        78,
        46,
        47,
        51,
        136,
        183,
        97,
        74,
        56,
        98,
        42,
        14,
        20,
        47,
        50,
        80,
        36,
        70,
        43,
        113,
        245,
        49,
        253,
        26,
        72,
        63,
        93,
        70
    ],
    "real": [
        47,
        43,
        17,
        12,
        18,
        32,
        21,
        62,
        147,
        290,
        115,
        60,
        92,
        52,
        71,
        97,
        100,
        83,
        106,
        95,
        83,
        167,
        167,
        75,
        111,
        64,
        30,
        18,
        35,
        64,
        99,
        96,
        113,
        121,
        93,
        91,
        93,
        96,
        120,
        123,
        122,
        127,
        125,
        49,
        56,
        58,
        124,
        75,
        44,
        61,
        40,
        73,
        19,
        29,
        71,
        48,
        26,
        32,
        32,
        37,
        65,
        69,
        30,
        30,
        41,
        26,
        79,
        26,
        49,
        117,
        185,
        95,
        57,
        95,
        100,
        102,
        102,
        136,
        43,
        49,
        76,
        83,
        240,
        76,
        58,
        58,
        47,
        61,
        47,
        72,
        18,
        35,
        31,
        55,
        38,
        51,
        36,
        98,
        48,
        84,
        46,
        76,
        96,
        46,
        54,
        58,
        173,
        202,
        131,
        74,
        56,
        110,
        43,
        16,
        23,
        48,
        50,
        81,
        39,
        68,
        46,
        119,
        268,
        54,
        263,
        29,
        77,
        70,
        92,
        68
    ],
    "save_path": "..\\..\\results\\params_comparison/run_2/train/yolov8s_0.3g_0.5r_0.55c_alls.json",
    "args": {
        "model_name": "yolov8s",
        "grid_scale": 0.3,
        "confiance": 0.55,
        "resize_scale": 0.5,
        "images_path": "..\\..\\data\\datasets\\full_yolo\\train_valid\\images",
        "annotations_path": "..\\..\\data\\datasets\\full_yolo\\train_valid\\labels",
        "random_seed": 1010,
        "data_augmentation": true,
        "samples": "all",
        "show_image": false,
        "verbose": false,
        "save_path": "..\\..\\results\\params_comparison/run_2/train"
    }
}