{
    "model_name": "yolov8n",
    "MAE": 15.723076923076922,
    "MAPE": 19.267676211571153,
    "RMSE": 22.03004940809432,
    "pred": [
        44,
        39,
        17,
        13,
        18,
        30,
        22,
        52,
        102,
        198,
        92,
        41,
        67,
        24,
        47,
        73,
        84,
        62,
        85,
        80,
        76,
        139,
        150,
        65,
        98,
        51,
        23,
        14,
        27,
        54,
        76,
        79,
        98,
        97,
        79,
        79,
        76,
        86,
        104,
        98,
        105,
        106,
        110,
        42,
        49,
        60,
        97,
        60,
        39,
        52,
        37,
        64,
        19,
        29,
        57,
        43,
        22,
        26,
        30,
        30,
        47,
        62,
        27,
        30,
        32,
        20,
        70,
        22,
        41,
        91,
        146,
        67,
        50,
        88,
        78,
        91,
        81,
        115,
        39,
        38,
        67,
        67,
        186,
        62,
        51,
        49,
        41,
        47,
        32,
        61,
        0,
        29,
        23,
        40,
        19,
        38,
        26,
        84,
        34,
        72,
        36,
        62,
        64,
        34,
        41,
        38,
        82,
        150,
        76,
        58,
        52,
        82,
        45,
        15,
        14,
        43,
        40,
        66,
        31,
        59,
        36,
        95,
        188,
        43,
        215,
        19,
        68,
        50,
        63,
        55
    ],
    "real": [
        47,
        43,
        17,
        12,
        18,
        32,
        21,
        62,
        147,
        290,
        115,
        60,
        92,
        52,
        71,
        97,
        100,
        83,
        106,
        95,
        83,
        167,
        167,
        75,
        111,
        64,
        30,
        18,
        35,
        64,
        99,
        96,
        113,
        121,
        93,
        91,
        93,
        96,
        120,
        123,
        122,
        127,
        125,
        49,
        56,
        58,
        124,
        75,
        44,
        61,
        40,
        73,
        19,
        29,
        71,
        48,
        26,
        32,
        32,
        37,
        65,
        69,
        30,
        30,
        41,
        26,
        79,
        26,
        49,
        117,
        185,
        95,
        57,
        95,
        100,
        102,
        102,
        136,
        43,
        49,
        76,
        83,
        240,
        76,
        58,
        58,
        47,
        61,
        47,
        72,
        18,
        35,
        31,
        55,
        38,
        51,
        36,
        98,
        48,
        84,
        46,
        76,
        96,
        46,
        54,
        58,
        173,
        202,
        131,
        74,
        56,
        110,
        43,
        16,
        23,
        48,
        50,
        81,
        39,
        68,
        46,
        119,
        268,
        54,
        263,
        29,
        77,
        70,
        92,
        68
    ],
    "save_path": "..\\..\\results\\params_comparison/run_2/train/yolov8n_0.4g_0.5r_0.6c_alls.json",
    "args": {
        "model_name": "yolov8n",
        "grid_scale": 0.4,
        "confiance": 0.6,
        "resize_scale": 0.5,
        "images_path": "..\\..\\data\\datasets\\full_yolo\\train_valid\\images",
        "annotations_path": "..\\..\\data\\datasets\\full_yolo\\train_valid\\labels",
        "random_seed": 1010,
        "data_augmentation": true,
        "samples": "all",
        "show_image": false,
        "verbose": false,
        "save_path": "..\\..\\results\\params_comparison/run_2/train"
    }
}