{
    "model_name": "yolov8s",
    "MAE": 4.223076923076923,
    "MAPE": 6.8483274035285415,
    "RMSE": 6.807800955239059,
    "pred": [
        52,
        49,
        19,
        16,
        19,
        37,
        29,
        69,
        151,
        299,
        110,
        63,
        89,
        35,
        63,
        96,
        102,
        84,
        108,
        101,
        82,
        169,
        167,
        72,
        116,
        61,
        32,
        16,
        31,
        72,
        97,
        96,
        114,
        120,
        93,
        98,
        92,
        95,
        118,
        120,
        123,
        127,
        122,
        53,
        59,
        65,
        127,
        79,
        46,
        60,
        41,
        79,
        21,
        32,
        75,
        51,
        26,
        34,
        32,
        37,
        63,
        68,
        30,
        32,
        42,
        27,
        86,
        25,
        58,
        128,
        175,
        86,
        58,
        95,
        102,
        105,
        104,
        136,
        47,
        50,
        77,
        80,
        236,
        76,
        57,
        59,
        47,
        67,
        43,
        81,
        5,
        36,
        34,
        45,
        26,
        48,
        37,
        102,
        47,
        83,
        51,
        75,
        84,
        44,
        50,
        51,
        135,
        186,
        100,
        77,
        53,
        96,
        48,
        15,
        18,
        50,
        53,
        89,
        37,
        73,
        46,
        118,
        253,
        55,
        247,
        30,
        77,
        66,
        90,
        69
    ],
    "real": [
        47,
        43,
        17,
        12,
        18,
        32,
        21,
        62,
        147,
        290,
        115,
        60,
        92,
        52,
        71,
        97,
        100,
        83,
        106,
        95,
        83,
        167,
        167,
        75,
        111,
        64,
        30,
        18,
        35,
        64,
        99,
        96,
        113,
        121,
        93,
        91,
        93,
        96,
        120,
        123,
        122,
        127,
        125,
        49,
        56,
        58,
        124,
        75,
        44,
        61,
        40,
        73,
        19,
        29,
        71,
        48,
        26,
        32,
        32,
        37,
        65,
        69,
        30,
        30,
        41,
        26,
        79,
        26,
        49,
        117,
        185,
        95,
        57,
        95,
        100,
        102,
        102,
        136,
        43,
        49,
        76,
        83,
        240,
        76,
        58,
        58,
        47,
        61,
        47,
        72,
        18,
        35,
        31,
        55,
        38,
        51,
        36,
        98,
        48,
        84,
        46,
        76,
        96,
        46,
        54,
        58,
        173,
        202,
        131,
        74,
        56,
        110,
        43,
        16,
        23,
        48,
        50,
        81,
        39,
        68,
        46,
        119,
        268,
        54,
        263,
        29,
        77,
        70,
        92,
        68
    ],
    "save_path": "..\\..\\results\\params_comparison/run_2/train/yolov8s_0.3g_0.5r_0.5c_alls.json",
    "args": {
        "model_name": "yolov8s",
        "grid_scale": 0.3,
        "confiance": 0.5,
        "resize_scale": 0.5,
        "images_path": "..\\..\\data\\datasets\\full_yolo\\train_valid\\images",
        "annotations_path": "..\\..\\data\\datasets\\full_yolo\\train_valid\\labels",
        "random_seed": 1010,
        "data_augmentation": true,
        "samples": "all",
        "show_image": false,
        "verbose": false,
        "save_path": "..\\..\\results\\params_comparison/run_2/train"
    }
}