{
    "model_name": "yolov8x",
    "MAE": 7.3538461538461535,
    "MAPE": 9.953544187173012,
    "RMSE": 10.401922899156675,
    "pred": [
        48,
        44,
        16,
        12,
        16,
        33,
        25,
        60,
        135,
        275,
        103,
        49,
        82,
        43,
        56,
        94,
        94,
        78,
        95,
        90,
        77,
        160,
        158,
        70,
        109,
        58,
        25,
        15,
        29,
        68,
        84,
        83,
        109,
        115,
        90,
        84,
        74,
        93,
        110,
        115,
        111,
        116,
        113,
        51,
        57,
        61,
        119,
        72,
        43,
        56,
        40,
        72,
        20,
        30,
        66,
        42,
        25,
        31,
        23,
        35,
        57,
        68,
        31,
        25,
        41,
        21,
        74,
        27,
        49,
        116,
        145,
        74,
        53,
        89,
        91,
        96,
        92,
        129,
        40,
        47,
        67,
        76,
        214,
        67,
        45,
        57,
        45,
        58,
        38,
        72,
        3,
        33,
        27,
        45,
        24,
        46,
        35,
        94,
        37,
        76,
        44,
        65,
        60,
        40,
        47,
        52,
        141,
        171,
        111,
        66,
        53,
        93,
        46,
        15,
        19,
        44,
        45,
        78,
        26,
        69,
        39,
        108,
        238,
        53,
        243,
        28,
        66,
        63,
        79,
        62
    ],
    "real": [
        47,
        43,
        17,
        12,
        18,
        32,
        21,
        62,
        147,
        290,
        115,
        60,
        92,
        52,
        71,
        97,
        100,
        83,
        106,
        95,
        83,
        167,
        167,
        75,
        111,
        64,
        30,
        18,
        35,
        64,
        99,
        96,
        113,
        121,
        93,
        91,
        93,
        96,
        120,
        123,
        122,
        127,
        125,
        49,
        56,
        58,
        124,
        75,
        44,
        61,
        40,
        73,
        19,
        29,
        71,
        48,
        26,
        32,
        32,
        37,
        65,
        69,
        30,
        30,
        41,
        26,
        79,
        26,
        49,
        117,
        185,
        95,
        57,
        95,
        100,
        102,
        102,
        136,
        43,
        49,
        76,
        83,
        240,
        76,
        58,
        58,
        47,
        61,
        47,
        72,
        18,
        35,
        31,
        55,
        38,
        51,
        36,
        98,
        48,
        84,
        46,
        76,
        96,
        46,
        54,
        58,
        173,
        202,
        131,
        74,
        56,
        110,
        43,
        16,
        23,
        48,
        50,
        81,
        39,
        68,
        46,
        119,
        268,
        54,
        263,
        29,
        77,
        70,
        92,
        68
    ],
    "save_path": "..\\..\\results\\params_comparison/run_2/train/yolov8x_0.2g_0.5r_0.55c_alls.json",
    "args": {
        "model_name": "yolov8x",
        "grid_scale": 0.2,
        "confiance": 0.55,
        "resize_scale": 0.5,
        "images_path": "..\\..\\data\\datasets\\full_yolo\\train_valid\\images",
        "annotations_path": "..\\..\\data\\datasets\\full_yolo\\train_valid\\labels",
        "random_seed": 1010,
        "data_augmentation": true,
        "samples": "all",
        "show_image": false,
        "verbose": false,
        "save_path": "..\\..\\results\\params_comparison/run_2/train"
    }
}