{
    "model_name": "yolov8n",
    "MAE": 4.138461538461539,
    "MAPE": 6.328027982821265,
    "RMSE": 7.216434235612702,
    "pred": [
        51,
        43,
        16,
        13,
        19,
        34,
        29,
        65,
        146,
        291,
        112,
        58,
        91,
        44,
        75,
        101,
        106,
        78,
        107,
        95,
        83,
        166,
        170,
        74,
        115,
        59,
        29,
        14,
        34,
        75,
        96,
        94,
        118,
        120,
        91,
        95,
        93,
        93,
        120,
        118,
        121,
        122,
        126,
        50,
        61,
        64,
        119,
        75,
        45,
        63,
        43,
        81,
        22,
        34,
        68,
        52,
        28,
        33,
        33,
        38,
        59,
        69,
        31,
        31,
        44,
        25,
        84,
        27,
        53,
        120,
        164,
        86,
        56,
        95,
        98,
        100,
        97,
        131,
        46,
        51,
        73,
        86,
        235,
        76,
        55,
        60,
        47,
        63,
        43,
        72,
        0,
        34,
        30,
        47,
        27,
        50,
        34,
        94,
        47,
        82,
        45,
        75,
        82,
        46,
        50,
        54,
        132,
        181,
        103,
        75,
        53,
        94,
        44,
        17,
        21,
        50,
        48,
        79,
        36,
        73,
        43,
        113,
        238,
        55,
        252,
        28,
        76,
        62,
        84,
        67
    ],
    "real": [
        47,
        43,
        17,
        12,
        18,
        32,
        21,
        62,
        147,
        290,
        115,
        60,
        92,
        52,
        71,
        97,
        100,
        83,
        106,
        95,
        83,
        167,
        167,
        75,
        111,
        64,
        30,
        18,
        35,
        64,
        99,
        96,
        113,
        121,
        93,
        91,
        93,
        96,
        120,
        123,
        122,
        127,
        125,
        49,
        56,
        58,
        124,
        75,
        44,
        61,
        40,
        73,
        19,
        29,
        71,
        48,
        26,
        32,
        32,
        37,
        65,
        69,
        30,
        30,
        41,
        26,
        79,
        26,
        49,
        117,
        185,
        95,
        57,
        95,
        100,
        102,
        102,
        136,
        43,
        49,
        76,
        83,
        240,
        76,
        58,
        58,
        47,
        61,
        47,
        72,
        18,
        35,
        31,
        55,
        38,
        51,
        36,
        98,
        48,
        84,
        46,
        76,
        96,
        46,
        54,
        58,
        173,
        202,
        131,
        74,
        56,
        110,
        43,
        16,
        23,
        48,
        50,
        81,
        39,
        68,
        46,
        119,
        268,
        54,
        263,
        29,
        77,
        70,
        92,
        68
    ],
    "save_path": "..\\..\\results\\params_comparison/run_2/train/yolov8n_0.5g_0.5r_0.45c_alls.json",
    "args": {
        "model_name": "yolov8n",
        "grid_scale": 0.5,
        "confiance": 0.45,
        "resize_scale": 0.5,
        "images_path": "..\\..\\data\\datasets\\full_yolo\\train_valid\\images",
        "annotations_path": "..\\..\\data\\datasets\\full_yolo\\train_valid\\labels",
        "random_seed": 1010,
        "data_augmentation": true,
        "samples": "all",
        "show_image": false,
        "verbose": false,
        "save_path": "..\\..\\results\\params_comparison/run_2/train"
    }
}