{
    "model_name": "yolov8l",
    "MAE": 4.653846153846154,
    "MAPE": 6.89362179032532,
    "RMSE": 6.810060431224019,
    "pred": [
        50,
        47,
        15,
        11,
        17,
        31,
        27,
        60,
        147,
        281,
        108,
        51,
        89,
        48,
        67,
        101,
        101,
        84,
        105,
        98,
        81,
        170,
        163,
        72,
        112,
        60,
        32,
        15,
        34,
        75,
        89,
        94,
        108,
        120,
        91,
        91,
        84,
        94,
        114,
        114,
        117,
        116,
        123,
        48,
        58,
        66,
        123,
        74,
        44,
        61,
        39,
        73,
        22,
        32,
        69,
        46,
        25,
        33,
        32,
        35,
        56,
        71,
        26,
        32,
        44,
        25,
        69,
        26,
        51,
        126,
        158,
        73,
        58,
        96,
        94,
        97,
        95,
        129,
        44,
        48,
        74,
        79,
        230,
        72,
        51,
        60,
        45,
        63,
        43,
        74,
        6,
        34,
        28,
        46,
        24,
        48,
        34,
        100,
        42,
        79,
        42,
        74,
        78,
        44,
        49,
        52,
        159,
        179,
        111,
        73,
        58,
        95,
        48,
        17,
        22,
        47,
        48,
        76,
        33,
        70,
        43,
        112,
        250,
        56,
        252,
        25,
        72,
        69,
        90,
        77
    ],
    "real": [
        47,
        43,
        17,
        12,
        18,
        32,
        21,
        62,
        147,
        290,
        115,
        60,
        92,
        52,
        71,
        97,
        100,
        83,
        106,
        95,
        83,
        167,
        167,
        75,
        111,
        64,
        30,
        18,
        35,
        64,
        99,
        96,
        113,
        121,
        93,
        91,
        93,
        96,
        120,
        123,
        122,
        127,
        125,
        49,
        56,
        58,
        124,
        75,
        44,
        61,
        40,
        73,
        19,
        29,
        71,
        48,
        26,
        32,
        32,
        37,
        65,
        69,
        30,
        30,
        41,
        26,
        79,
        26,
        49,
        117,
        185,
        95,
        57,
        95,
        100,
        102,
        102,
        136,
        43,
        49,
        76,
        83,
        240,
        76,
        58,
        58,
        47,
        61,
        47,
        72,
        18,
        35,
        31,
        55,
        38,
        51,
        36,
        98,
        48,
        84,
        46,
        76,
        96,
        46,
        54,
        58,
        173,
        202,
        131,
        74,
        56,
        110,
        43,
        16,
        23,
        48,
        50,
        81,
        39,
        68,
        46,
        119,
        268,
        54,
        263,
        29,
        77,
        70,
        92,
        68
    ],
    "save_path": "..\\..\\results\\params_comparison/run_2/train/yolov8l_0.2g_0.5r_0.55c_alls.json",
    "args": {
        "model_name": "yolov8l",
        "grid_scale": 0.2,
        "confiance": 0.55,
        "resize_scale": 0.5,
        "images_path": "..\\..\\data\\datasets\\full_yolo\\train_valid\\images",
        "annotations_path": "..\\..\\data\\datasets\\full_yolo\\train_valid\\labels",
        "random_seed": 1010,
        "data_augmentation": true,
        "samples": "all",
        "show_image": false,
        "verbose": false,
        "save_path": "..\\..\\results\\params_comparison/run_2/train"
    }
}