{
    "model_name": "yolov8s",
    "MAE": 3.6384615384615384,
    "MAPE": 6.348967813385424,
    "RMSE": 5.821049337071057,
    "pred": [
        56,
        45,
        18,
        13,
        22,
        34,
        27,
        66,
        156,
        303,
        112,
        61,
        87,
        36,
        64,
        97,
        104,
        82,
        106,
        93,
        85,
        166,
        166,
        75,
        114,
        66,
        30,
        17,
        31,
        73,
        97,
        99,
        114,
        128,
        96,
        99,
        93,
        99,
        118,
        121,
        123,
        122,
        128,
        52,
        63,
        64,
        128,
        75,
        44,
        66,
        41,
        80,
        20,
        31,
        73,
        51,
        27,
        35,
        28,
        38,
        63,
        76,
        32,
        32,
        40,
        28,
        82,
        23,
        53,
        117,
        182,
        93,
        58,
        100,
        99,
        102,
        101,
        135,
        44,
        49,
        77,
        85,
        237,
        75,
        56,
        60,
        48,
        68,
        42,
        75,
        1,
        34,
        34,
        47,
        24,
        47,
        38,
        101,
        44,
        81,
        46,
        77,
        93,
        46,
        51,
        51,
        139,
        195,
        109,
        78,
        56,
        92,
        47,
        14,
        20,
        49,
        48,
        82,
        43,
        72,
        43,
        118,
        264,
        53,
        266,
        30,
        76,
        65,
        93,
        71
    ],
    "real": [
        47,
        43,
        17,
        12,
        18,
        32,
        21,
        62,
        147,
        290,
        115,
        60,
        92,
        52,
        71,
        97,
        100,
        83,
        106,
        95,
        83,
        167,
        167,
        75,
        111,
        64,
        30,
        18,
        35,
        64,
        99,
        96,
        113,
        121,
        93,
        91,
        93,
        96,
        120,
        123,
        122,
        127,
        125,
        49,
        56,
        58,
        124,
        75,
        44,
        61,
        40,
        73,
        19,
        29,
        71,
        48,
        26,
        32,
        32,
        37,
        65,
        69,
        30,
        30,
        41,
        26,
        79,
        26,
        49,
        117,
        185,
        95,
        57,
        95,
        100,
        102,
        102,
        136,
        43,
        49,
        76,
        83,
        240,
        76,
        58,
        58,
        47,
        61,
        47,
        72,
        18,
        35,
        31,
        55,
        38,
        51,
        36,
        98,
        48,
        84,
        46,
        76,
        96,
        46,
        54,
        58,
        173,
        202,
        131,
        74,
        56,
        110,
        43,
        16,
        23,
        48,
        50,
        81,
        39,
        68,
        46,
        119,
        268,
        54,
        263,
        29,
        77,
        70,
        92,
        68
    ],
    "save_path": "..\\..\\results\\params_comparison/run_2/train/yolov8s_0.4g_0.5r_0.45c_alls.json",
    "args": {
        "model_name": "yolov8s",
        "grid_scale": 0.4,
        "confiance": 0.45,
        "resize_scale": 0.5,
        "images_path": "..\\..\\data\\datasets\\full_yolo\\train_valid\\images",
        "annotations_path": "..\\..\\data\\datasets\\full_yolo\\train_valid\\labels",
        "random_seed": 1010,
        "data_augmentation": true,
        "samples": "all",
        "show_image": false,
        "verbose": false,
        "save_path": "..\\..\\results\\params_comparison/run_2/train"
    }
}