{
    "model_name": "yolov8s",
    "MAE": 4.392307692307693,
    "MAPE": 6.909062870430117,
    "RMSE": 6.59545297913646,
    "pred": [
        57,
        47,
        17,
        13,
        19,
        40,
        28,
        67,
        159,
        318,
        109,
        61,
        96,
        37,
        69,
        101,
        107,
        87,
        115,
        101,
        86,
        168,
        173,
        77,
        123,
        65,
        31,
        18,
        34,
        74,
        101,
        102,
        122,
        124,
        97,
        103,
        97,
        96,
        123,
        125,
        123,
        127,
        133,
        57,
        57,
        69,
        131,
        76,
        49,
        67,
        42,
        79,
        22,
        30,
        75,
        51,
        26,
        35,
        34,
        42,
        70,
        72,
        32,
        32,
        46,
        26,
        84,
        27,
        50,
        121,
        187,
        99,
        59,
        97,
        100,
        105,
        99,
        138,
        47,
        52,
        76,
        87,
        252,
        79,
        59,
        60,
        47,
        67,
        49,
        77,
        2,
        35,
        32,
        49,
        25,
        47,
        35,
        99,
        48,
        81,
        50,
        82,
        93,
        50,
        49,
        55,
        140,
        200,
        112,
        74,
        60,
        96,
        47,
        17,
        21,
        53,
        50,
        84,
        40,
        71,
        45,
        119,
        268,
        59,
        268,
        30,
        75,
        68,
        99,
        74
    ],
    "real": [
        47,
        43,
        17,
        12,
        18,
        32,
        21,
        62,
        147,
        290,
        115,
        60,
        92,
        52,
        71,
        97,
        100,
        83,
        106,
        95,
        83,
        167,
        167,
        75,
        111,
        64,
        30,
        18,
        35,
        64,
        99,
        96,
        113,
        121,
        93,
        91,
        93,
        96,
        120,
        123,
        122,
        127,
        125,
        49,
        56,
        58,
        124,
        75,
        44,
        61,
        40,
        73,
        19,
        29,
        71,
        48,
        26,
        32,
        32,
        37,
        65,
        69,
        30,
        30,
        41,
        26,
        79,
        26,
        49,
        117,
        185,
        95,
        57,
        95,
        100,
        102,
        102,
        136,
        43,
        49,
        76,
        83,
        240,
        76,
        58,
        58,
        47,
        61,
        47,
        72,
        18,
        35,
        31,
        55,
        38,
        51,
        36,
        98,
        48,
        84,
        46,
        76,
        96,
        46,
        54,
        58,
        173,
        202,
        131,
        74,
        56,
        110,
        43,
        16,
        23,
        48,
        50,
        81,
        39,
        68,
        46,
        119,
        268,
        54,
        263,
        29,
        77,
        70,
        92,
        68
    ],
    "save_path": "..\\..\\results\\params_comparison/run_2/train/yolov8s_0.4g_0.5r_0.4c_alls.json",
    "args": {
        "model_name": "yolov8s",
        "grid_scale": 0.4,
        "confiance": 0.4,
        "resize_scale": 0.5,
        "images_path": "..\\..\\data\\datasets\\full_yolo\\train_valid\\images",
        "annotations_path": "..\\..\\data\\datasets\\full_yolo\\train_valid\\labels",
        "random_seed": 1010,
        "data_augmentation": true,
        "samples": "all",
        "show_image": false,
        "verbose": false,
        "save_path": "..\\..\\results\\params_comparison/run_2/train"
    }
}