{
    "model_name": "yolov8s",
    "MAE": 5.984615384615385,
    "MAPE": 8.258131605921136,
    "RMSE": 9.883941910609739,
    "pred": [
        48,
        45,
        17,
        12,
        19,
        33,
        24,
        61,
        126,
        273,
        105,
        57,
        86,
        26,
        59,
        94,
        96,
        77,
        102,
        95,
        81,
        165,
        163,
        71,
        112,
        55,
        26,
        15,
        27,
        68,
        89,
        94,
        110,
        116,
        87,
        89,
        89,
        90,
        118,
        112,
        121,
        113,
        122,
        45,
        58,
        64,
        112,
        73,
        45,
        62,
        41,
        79,
        21,
        30,
        68,
        48,
        25,
        32,
        32,
        35,
        70,
        70,
        31,
        28,
        40,
        24,
        77,
        22,
        45,
        116,
        170,
        82,
        54,
        97,
        95,
        99,
        96,
        131,
        43,
        48,
        72,
        86,
        222,
        75,
        54,
        58,
        46,
        57,
        38,
        72,
        0,
        34,
        29,
        46,
        20,
        45,
        33,
        95,
        38,
        77,
        48,
        73,
        84,
        43,
        47,
        45,
        120,
        175,
        101,
        72,
        53,
        87,
        44,
        14,
        22,
        48,
        50,
        73,
        37,
        66,
        40,
        109,
        228,
        51,
        253,
        22,
        72,
        61,
        71,
        67
    ],
    "real": [
        47,
        43,
        17,
        12,
        18,
        32,
        21,
        62,
        147,
        290,
        115,
        60,
        92,
        52,
        71,
        97,
        100,
        83,
        106,
        95,
        83,
        167,
        167,
        75,
        111,
        64,
        30,
        18,
        35,
        64,
        99,
        96,
        113,
        121,
        93,
        91,
        93,
        96,
        120,
        123,
        122,
        127,
        125,
        49,
        56,
        58,
        124,
        75,
        44,
        61,
        40,
        73,
        19,
        29,
        71,
        48,
        26,
        32,
        32,
        37,
        65,
        69,
        30,
        30,
        41,
        26,
        79,
        26,
        49,
        117,
        185,
        95,
        57,
        95,
        100,
        102,
        102,
        136,
        43,
        49,
        76,
        83,
        240,
        76,
        58,
        58,
        47,
        61,
        47,
        72,
        18,
        35,
        31,
        55,
        38,
        51,
        36,
        98,
        48,
        84,
        46,
        76,
        96,
        46,
        54,
        58,
        173,
        202,
        131,
        74,
        56,
        110,
        43,
        16,
        23,
        48,
        50,
        81,
        39,
        68,
        46,
        119,
        268,
        54,
        263,
        29,
        77,
        70,
        92,
        68
    ],
    "save_path": "..\\..\\results\\params_comparison/run_2/train/yolov8s_0.5g_0.5r_0.5c_alls.json",
    "args": {
        "model_name": "yolov8s",
        "grid_scale": 0.5,
        "confiance": 0.5,
        "resize_scale": 0.5,
        "images_path": "..\\..\\data\\datasets\\full_yolo\\train_valid\\images",
        "annotations_path": "..\\..\\data\\datasets\\full_yolo\\train_valid\\labels",
        "random_seed": 1010,
        "data_augmentation": true,
        "samples": "all",
        "show_image": false,
        "verbose": false,
        "save_path": "..\\..\\results\\params_comparison/run_2/train"
    }
}