{
    "model_name": "yolov8x",
    "MAE": 3.9,
    "MAPE": 6.397591256450257,
    "RMSE": 5.604256624003964,
    "pred": [
        53,
        55,
        17,
        14,
        19,
        33,
        26,
        70,
        157,
        317,
        111,
        52,
        90,
        49,
        74,
        104,
        104,
        86,
        106,
        94,
        83,
        173,
        158,
        74,
        113,
        63,
        29,
        17,
        33,
        73,
        98,
        98,
        117,
        120,
        99,
        90,
        90,
        95,
        122,
        122,
        122,
        124,
        124,
        56,
        62,
        62,
        126,
        77,
        47,
        61,
        41,
        74,
        22,
        33,
        67,
        50,
        29,
        34,
        25,
        33,
        63,
        69,
        28,
        27,
        42,
        26,
        81,
        30,
        53,
        130,
        166,
        89,
        55,
        100,
        102,
        107,
        101,
        137,
        48,
        48,
        73,
        86,
        244,
        72,
        54,
        55,
        52,
        69,
        47,
        75,
        8,
        34,
        34,
        47,
        26,
        52,
        35,
        97,
        43,
        79,
        51,
        77,
        85,
        41,
        49,
        58,
        155,
        190,
        129,
        71,
        59,
        100,
        45,
        16,
        22,
        49,
        53,
        82,
        34,
        74,
        45,
        118,
        266,
        54,
        261,
        25,
        74,
        62,
        86,
        72
    ],
    "real": [
        47,
        43,
        17,
        12,
        18,
        32,
        21,
        62,
        147,
        290,
        115,
        60,
        92,
        52,
        71,
        97,
        100,
        83,
        106,
        95,
        83,
        167,
        167,
        75,
        111,
        64,
        30,
        18,
        35,
        64,
        99,
        96,
        113,
        121,
        93,
        91,
        93,
        96,
        120,
        123,
        122,
        127,
        125,
        49,
        56,
        58,
        124,
        75,
        44,
        61,
        40,
        73,
        19,
        29,
        71,
        48,
        26,
        32,
        32,
        37,
        65,
        69,
        30,
        30,
        41,
        26,
        79,
        26,
        49,
        117,
        185,
        95,
        57,
        95,
        100,
        102,
        102,
        136,
        43,
        49,
        76,
        83,
        240,
        76,
        58,
        58,
        47,
        61,
        47,
        72,
        18,
        35,
        31,
        55,
        38,
        51,
        36,
        98,
        48,
        84,
        46,
        76,
        96,
        46,
        54,
        58,
        173,
        202,
        131,
        74,
        56,
        110,
        43,
        16,
        23,
        48,
        50,
        81,
        39,
        68,
        46,
        119,
        268,
        54,
        263,
        29,
        77,
        70,
        92,
        68
    ],
    "save_path": "..\\..\\results\\params_comparison/run_2/train/yolov8x_0.2g_0.5r_0.45c_alls.json",
    "args": {
        "model_name": "yolov8x",
        "grid_scale": 0.2,
        "confiance": 0.45,
        "resize_scale": 0.5,
        "images_path": "..\\..\\data\\datasets\\full_yolo\\train_valid\\images",
        "annotations_path": "..\\..\\data\\datasets\\full_yolo\\train_valid\\labels",
        "random_seed": 1010,
        "data_augmentation": true,
        "samples": "all",
        "show_image": false,
        "verbose": false,
        "save_path": "..\\..\\results\\params_comparison/run_2/train"
    }
}