{
    "model_name": "yolov8m",
    "MAE": 5.269230769230769,
    "MAPE": 8.731469126668516,
    "RMSE": 6.812319157797314,
    "pred": [
        58,
        53,
        18,
        15,
        17,
        37,
        33,
        72,
        159,
        313,
        117,
        55,
        88,
        48,
        75,
        103,
        110,
        88,
        115,
        101,
        86,
        177,
        177,
        83,
        118,
        67,
        30,
        16,
        34,
        79,
        115,
        100,
        121,
        126,
        100,
        99,
        94,
        97,
        118,
        122,
        125,
        130,
        129,
        58,
        60,
        72,
        133,
        80,
        45,
        64,
        45,
        79,
        23,
        33,
        71,
        49,
        27,
        36,
        29,
        43,
        68,
        73,
        30,
        33,
        48,
        29,
        84,
        32,
        54,
        143,
        173,
        88,
        58,
        100,
        100,
        112,
        108,
        140,
        44,
        50,
        81,
        85,
        247,
        81,
        57,
        62,
        61,
        72,
        46,
        77,
        7,
        37,
        33,
        53,
        27,
        52,
        38,
        98,
        48,
        87,
        51,
        78,
        88,
        42,
        53,
        62,
        165,
        194,
        125,
        80,
        57,
        104,
        52,
        21,
        24,
        51,
        56,
        86,
        33,
        77,
        49,
        129,
        271,
        56,
        269,
        29,
        78,
        73,
        96,
        76
    ],
    "real": [
        47,
        43,
        17,
        12,
        18,
        32,
        21,
        62,
        147,
        290,
        115,
        60,
        92,
        52,
        71,
        97,
        100,
        83,
        106,
        95,
        83,
        167,
        167,
        75,
        111,
        64,
        30,
        18,
        35,
        64,
        99,
        96,
        113,
        121,
        93,
        91,
        93,
        96,
        120,
        123,
        122,
        127,
        125,
        49,
        56,
        58,
        124,
        75,
        44,
        61,
        40,
        73,
        19,
        29,
        71,
        48,
        26,
        32,
        32,
        37,
        65,
        69,
        30,
        30,
        41,
        26,
        79,
        26,
        49,
        117,
        185,
        95,
        57,
        95,
        100,
        102,
        102,
        136,
        43,
        49,
        76,
        83,
        240,
        76,
        58,
        58,
        47,
        61,
        47,
        72,
        18,
        35,
        31,
        55,
        38,
        51,
        36,
        98,
        48,
        84,
        46,
        76,
        96,
        46,
        54,
        58,
        173,
        202,
        131,
        74,
        56,
        110,
        43,
        16,
        23,
        48,
        50,
        81,
        39,
        68,
        46,
        119,
        268,
        54,
        263,
        29,
        77,
        70,
        92,
        68
    ],
    "save_path": "..\\..\\results\\params_comparison/run_2/train/yolov8m_0.2g_0.5r_0.45c_alls.json",
    "args": {
        "model_name": "yolov8m",
        "grid_scale": 0.2,
        "confiance": 0.45,
        "resize_scale": 0.5,
        "images_path": "..\\..\\data\\datasets\\full_yolo\\train_valid\\images",
        "annotations_path": "..\\..\\data\\datasets\\full_yolo\\train_valid\\labels",
        "random_seed": 1010,
        "data_augmentation": true,
        "samples": "all",
        "show_image": false,
        "verbose": false,
        "save_path": "..\\..\\results\\params_comparison/run_2/train"
    }
}