{
    "model_name": "yolov8l",
    "MAE": 5.1461538461538465,
    "MAPE": 7.9575142648615484,
    "RMSE": 6.712216187955074,
    "pred": [
        51,
        47,
        18,
        17,
        19,
        35,
        28,
        68,
        161,
        314,
        117,
        63,
        89,
        52,
        75,
        101,
        114,
        86,
        115,
        99,
        85,
        168,
        170,
        82,
        123,
        67,
        32,
        18,
        36,
        80,
        102,
        102,
        119,
        128,
        102,
        99,
        98,
        101,
        122,
        127,
        128,
        129,
        129,
        56,
        62,
        67,
        128,
        81,
        49,
        71,
        44,
        81,
        22,
        34,
        70,
        54,
        27,
        33,
        33,
        39,
        69,
        71,
        30,
        31,
        47,
        26,
        85,
        27,
        54,
        137,
        180,
        88,
        55,
        100,
        106,
        112,
        104,
        137,
        46,
        52,
        83,
        87,
        259,
        75,
        59,
        63,
        51,
        70,
        50,
        81,
        7,
        35,
        33,
        50,
        28,
        51,
        38,
        104,
        56,
        86,
        50,
        77,
        88,
        50,
        48,
        57,
        159,
        192,
        115,
        79,
        60,
        101,
        51,
        14,
        23,
        51,
        55,
        90,
        41,
        79,
        49,
        127,
        269,
        59,
        262,
        27,
        78,
        72,
        99,
        80
    ],
    "real": [
        47,
        43,
        17,
        12,
        18,
        32,
        21,
        62,
        147,
        290,
        115,
        60,
        92,
        52,
        71,
        97,
        100,
        83,
        106,
        95,
        83,
        167,
        167,
        75,
        111,
        64,
        30,
        18,
        35,
        64,
        99,
        96,
        113,
        121,
        93,
        91,
        93,
        96,
        120,
        123,
        122,
        127,
        125,
        49,
        56,
        58,
        124,
        75,
        44,
        61,
        40,
        73,
        19,
        29,
        71,
        48,
        26,
        32,
        32,
        37,
        65,
        69,
        30,
        30,
        41,
        26,
        79,
        26,
        49,
        117,
        185,
        95,
        57,
        95,
        100,
        102,
        102,
        136,
        43,
        49,
        76,
        83,
        240,
        76,
        58,
        58,
        47,
        61,
        47,
        72,
        18,
        35,
        31,
        55,
        38,
        51,
        36,
        98,
        48,
        84,
        46,
        76,
        96,
        46,
        54,
        58,
        173,
        202,
        131,
        74,
        56,
        110,
        43,
        16,
        23,
        48,
        50,
        81,
        39,
        68,
        46,
        119,
        268,
        54,
        263,
        29,
        77,
        70,
        92,
        68
    ],
    "save_path": "..\\..\\results\\params_comparison/run_2/train/yolov8l_0.3g_0.5r_0.4c_alls.json",
    "args": {
        "model_name": "yolov8l",
        "grid_scale": 0.3,
        "confiance": 0.4,
        "resize_scale": 0.5,
        "images_path": "..\\..\\data\\datasets\\full_yolo\\train_valid\\images",
        "annotations_path": "..\\..\\data\\datasets\\full_yolo\\train_valid\\labels",
        "random_seed": 1010,
        "data_augmentation": true,
        "samples": "all",
        "show_image": false,
        "verbose": false,
        "save_path": "..\\..\\results\\params_comparison/run_2/train"
    }
}