{
    "model_name": "yolov8n",
    "MAE": 5.6923076923076925,
    "MAPE": 7.480461346570438,
    "RMSE": 9.058782393983115,
    "pred": [
        48,
        41,
        18,
        12,
        16,
        31,
        25,
        58,
        127,
        278,
        107,
        51,
        83,
        46,
        62,
        92,
        103,
        84,
        95,
        100,
        84,
        169,
        170,
        76,
        109,
        58,
        29,
        18,
        33,
        71,
        91,
        93,
        109,
        116,
        93,
        90,
        86,
        93,
        109,
        112,
        116,
        126,
        121,
        44,
        55,
        62,
        112,
        74,
        44,
        61,
        38,
        73,
        21,
        31,
        69,
        45,
        25,
        31,
        32,
        36,
        60,
        58,
        23,
        28,
        42,
        24,
        84,
        34,
        52,
        127,
        151,
        77,
        58,
        97,
        94,
        99,
        91,
        128,
        43,
        47,
        74,
        77,
        220,
        79,
        55,
        56,
        45,
        54,
        45,
        73,
        5,
        32,
        32,
        47,
        29,
        49,
        36,
        96,
        40,
        79,
        48,
        72,
        75,
        43,
        48,
        47,
        150,
        172,
        99,
        72,
        53,
        96,
        40,
        19,
        19,
        49,
        46,
        82,
        35,
        72,
        45,
        107,
        228,
        54,
        240,
        28,
        76,
        71,
        94,
        75
    ],
    "real": [
        47,
        43,
        17,
        12,
        18,
        32,
        21,
        62,
        147,
        290,
        115,
        60,
        92,
        52,
        71,
        97,
        100,
        83,
        106,
        95,
        83,
        167,
        167,
        75,
        111,
        64,
        30,
        18,
        35,
        64,
        99,
        96,
        113,
        121,
        93,
        91,
        93,
        96,
        120,
        123,
        122,
        127,
        125,
        49,
        56,
        58,
        124,
        75,
        44,
        61,
        40,
        73,
        19,
        29,
        71,
        48,
        26,
        32,
        32,
        37,
        65,
        69,
        30,
        30,
        41,
        26,
        79,
        26,
        49,
        117,
        185,
        95,
        57,
        95,
        100,
        102,
        102,
        136,
        43,
        49,
        76,
        83,
        240,
        76,
        58,
        58,
        47,
        61,
        47,
        72,
        18,
        35,
        31,
        55,
        38,
        51,
        36,
        98,
        48,
        84,
        46,
        76,
        96,
        46,
        54,
        58,
        173,
        202,
        131,
        74,
        56,
        110,
        43,
        16,
        23,
        48,
        50,
        81,
        39,
        68,
        46,
        119,
        268,
        54,
        263,
        29,
        77,
        70,
        92,
        68
    ],
    "save_path": "..\\..\\results\\params_comparison/run_2/train/yolov8n_0.2g_0.5r_0.55c_alls.json",
    "args": {
        "model_name": "yolov8n",
        "grid_scale": 0.2,
        "confiance": 0.55,
        "resize_scale": 0.5,
        "images_path": "..\\..\\data\\datasets\\full_yolo\\train_valid\\images",
        "annotations_path": "..\\..\\data\\datasets\\full_yolo\\train_valid\\labels",
        "random_seed": 1010,
        "data_augmentation": true,
        "samples": "all",
        "show_image": false,
        "verbose": false,
        "save_path": "..\\..\\results\\params_comparison/run_2/train"
    }
}