{
    "model_name": "yolov8m",
    "MAE": 5.5,
    "MAPE": 7.690078388790621,
    "RMSE": 9.140358518469275,
    "pred": [
        47,
        42,
        16,
        12,
        19,
        33,
        24,
        61,
        140,
        274,
        104,
        51,
        85,
        34,
        62,
        94,
        100,
        75,
        100,
        96,
        82,
        162,
        169,
        74,
        112,
        58,
        28,
        13,
        29,
        66,
        91,
        89,
        109,
        116,
        83,
        92,
        89,
        95,
        115,
        111,
        120,
        119,
        120,
        49,
        56,
        62,
        117,
        72,
        44,
        58,
        41,
        77,
        21,
        29,
        69,
        48,
        26,
        31,
        31,
        37,
        57,
        68,
        29,
        26,
        39,
        23,
        79,
        22,
        44,
        121,
        150,
        77,
        53,
        94,
        95,
        100,
        95,
        129,
        42,
        45,
        70,
        82,
        230,
        75,
        54,
        55,
        44,
        61,
        37,
        72,
        0,
        34,
        29,
        46,
        24,
        48,
        33,
        94,
        45,
        80,
        46,
        72,
        81,
        44,
        47,
        52,
        147,
        174,
        102,
        76,
        54,
        92,
        42,
        13,
        17,
        48,
        48,
        80,
        33,
        68,
        41,
        109,
        220,
        53,
        238,
        24,
        75,
        65,
        86,
        67
    ],
    "real": [
        47,
        43,
        17,
        12,
        18,
        32,
        21,
        62,
        147,
        290,
        115,
        60,
        92,
        52,
        71,
        97,
        100,
        83,
        106,
        95,
        83,
        167,
        167,
        75,
        111,
        64,
        30,
        18,
        35,
        64,
        99,
        96,
        113,
        121,
        93,
        91,
        93,
        96,
        120,
        123,
        122,
        127,
        125,
        49,
        56,
        58,
        124,
        75,
        44,
        61,
        40,
        73,
        19,
        29,
        71,
        48,
        26,
        32,
        32,
        37,
        65,
        69,
        30,
        30,
        41,
        26,
        79,
        26,
        49,
        117,
        185,
        95,
        57,
        95,
        100,
        102,
        102,
        136,
        43,
        49,
        76,
        83,
        240,
        76,
        58,
        58,
        47,
        61,
        47,
        72,
        18,
        35,
        31,
        55,
        38,
        51,
        36,
        98,
        48,
        84,
        46,
        76,
        96,
        46,
        54,
        58,
        173,
        202,
        131,
        74,
        56,
        110,
        43,
        16,
        23,
        48,
        50,
        81,
        39,
        68,
        46,
        119,
        268,
        54,
        263,
        29,
        77,
        70,
        92,
        68
    ],
    "save_path": "..\\..\\results\\params_comparison/run_2/train/yolov8m_0.5g_0.5r_0.5c_alls.json",
    "args": {
        "model_name": "yolov8m",
        "grid_scale": 0.5,
        "confiance": 0.5,
        "resize_scale": 0.5,
        "images_path": "..\\..\\data\\datasets\\full_yolo\\train_valid\\images",
        "annotations_path": "..\\..\\data\\datasets\\full_yolo\\train_valid\\labels",
        "random_seed": 1010,
        "data_augmentation": true,
        "samples": "all",
        "show_image": false,
        "verbose": false,
        "save_path": "..\\..\\results\\params_comparison/run_2/train"
    }
}