{
    "model_name": "yolov8l",
    "MAE": 8.961538461538462,
    "MAPE": 11.254449576632208,
    "RMSE": 12.800540853957935,
    "pred": [
        46,
        41,
        16,
        12,
        16,
        32,
        25,
        56,
        131,
        252,
        100,
        48,
        81,
        38,
        53,
        92,
        96,
        75,
        95,
        88,
        77,
        152,
        156,
        71,
        106,
        56,
        27,
        15,
        31,
        63,
        79,
        92,
        103,
        111,
        86,
        89,
        74,
        80,
        107,
        109,
        104,
        105,
        117,
        50,
        58,
        60,
        109,
        67,
        40,
        55,
        41,
        71,
        21,
        29,
        64,
        42,
        26,
        28,
        32,
        32,
        59,
        64,
        25,
        25,
        41,
        21,
        75,
        27,
        42,
        120,
        138,
        69,
        56,
        90,
        89,
        93,
        85,
        125,
        43,
        45,
        66,
        73,
        211,
        75,
        48,
        54,
        44,
        58,
        40,
        68,
        3,
        34,
        29,
        43,
        25,
        43,
        35,
        90,
        38,
        70,
        43,
        72,
        67,
        38,
        44,
        45,
        139,
        169,
        100,
        68,
        52,
        93,
        42,
        17,
        19,
        47,
        44,
        78,
        30,
        72,
        44,
        108,
        225,
        56,
        229,
        22,
        65,
        61,
        71,
        65
    ],
    "real": [
        47,
        43,
        17,
        12,
        18,
        32,
        21,
        62,
        147,
        290,
        115,
        60,
        92,
        52,
        71,
        97,
        100,
        83,
        106,
        95,
        83,
        167,
        167,
        75,
        111,
        64,
        30,
        18,
        35,
        64,
        99,
        96,
        113,
        121,
        93,
        91,
        93,
        96,
        120,
        123,
        122,
        127,
        125,
        49,
        56,
        58,
        124,
        75,
        44,
        61,
        40,
        73,
        19,
        29,
        71,
        48,
        26,
        32,
        32,
        37,
        65,
        69,
        30,
        30,
        41,
        26,
        79,
        26,
        49,
        117,
        185,
        95,
        57,
        95,
        100,
        102,
        102,
        136,
        43,
        49,
        76,
        83,
        240,
        76,
        58,
        58,
        47,
        61,
        47,
        72,
        18,
        35,
        31,
        55,
        38,
        51,
        36,
        98,
        48,
        84,
        46,
        76,
        96,
        46,
        54,
        58,
        173,
        202,
        131,
        74,
        56,
        110,
        43,
        16,
        23,
        48,
        50,
        81,
        39,
        68,
        46,
        119,
        268,
        54,
        263,
        29,
        77,
        70,
        92,
        68
    ],
    "save_path": "..\\..\\results\\params_comparison/run_2/train/yolov8l_0.2g_0.5r_0.6c_alls.json",
    "args": {
        "model_name": "yolov8l",
        "grid_scale": 0.2,
        "confiance": 0.6,
        "resize_scale": 0.5,
        "images_path": "..\\..\\data\\datasets\\full_yolo\\train_valid\\images",
        "annotations_path": "..\\..\\data\\datasets\\full_yolo\\train_valid\\labels",
        "random_seed": 1010,
        "data_augmentation": true,
        "samples": "all",
        "show_image": false,
        "verbose": false,
        "save_path": "..\\..\\results\\params_comparison/run_2/train"
    }
}