{
    "model_name": "yolov8n",
    "MAE": 4.130769230769231,
    "MAPE": 6.483468725402776,
    "RMSE": 6.337313189478524,
    "pred": [
        47,
        46,
        19,
        13,
        19,
        36,
        29,
        68,
        153,
        316,
        117,
        61,
        88,
        43,
        78,
        101,
        105,
        82,
        106,
        102,
        87,
        171,
        170,
        77,
        118,
        61,
        30,
        17,
        32,
        72,
        100,
        95,
        122,
        122,
        95,
        100,
        98,
        98,
        119,
        121,
        120,
        123,
        126,
        54,
        60,
        65,
        126,
        80,
        44,
        69,
        45,
        80,
        21,
        34,
        70,
        48,
        25,
        32,
        33,
        35,
        71,
        79,
        32,
        32,
        43,
        26,
        85,
        26,
        54,
        126,
        171,
        87,
        57,
        101,
        99,
        108,
        106,
        134,
        46,
        52,
        75,
        83,
        243,
        79,
        57,
        59,
        47,
        67,
        44,
        78,
        0,
        36,
        33,
        51,
        30,
        50,
        37,
        100,
        46,
        83,
        48,
        77,
        85,
        47,
        51,
        53,
        135,
        192,
        121,
        77,
        58,
        104,
        47,
        17,
        21,
        49,
        52,
        83,
        32,
        71,
        44,
        117,
        255,
        59,
        266,
        28,
        77,
        66,
        84,
        73
    ],
    "real": [
        47,
        43,
        17,
        12,
        18,
        32,
        21,
        62,
        147,
        290,
        115,
        60,
        92,
        52,
        71,
        97,
        100,
        83,
        106,
        95,
        83,
        167,
        167,
        75,
        111,
        64,
        30,
        18,
        35,
        64,
        99,
        96,
        113,
        121,
        93,
        91,
        93,
        96,
        120,
        123,
        122,
        127,
        125,
        49,
        56,
        58,
        124,
        75,
        44,
        61,
        40,
        73,
        19,
        29,
        71,
        48,
        26,
        32,
        32,
        37,
        65,
        69,
        30,
        30,
        41,
        26,
        79,
        26,
        49,
        117,
        185,
        95,
        57,
        95,
        100,
        102,
        102,
        136,
        43,
        49,
        76,
        83,
        240,
        76,
        58,
        58,
        47,
        61,
        47,
        72,
        18,
        35,
        31,
        55,
        38,
        51,
        36,
        98,
        48,
        84,
        46,
        76,
        96,
        46,
        54,
        58,
        173,
        202,
        131,
        74,
        56,
        110,
        43,
        16,
        23,
        48,
        50,
        81,
        39,
        68,
        46,
        119,
        268,
        54,
        263,
        29,
        77,
        70,
        92,
        68
    ],
    "save_path": "..\\..\\results\\params_comparison/run_2/train/yolov8n_0.5g_0.5r_0.4c_alls.json",
    "args": {
        "model_name": "yolov8n",
        "grid_scale": 0.5,
        "confiance": 0.4,
        "resize_scale": 0.5,
        "images_path": "..\\..\\data\\datasets\\full_yolo\\train_valid\\images",
        "annotations_path": "..\\..\\data\\datasets\\full_yolo\\train_valid\\labels",
        "random_seed": 1010,
        "data_augmentation": true,
        "samples": "all",
        "show_image": false,
        "verbose": false,
        "save_path": "..\\..\\results\\params_comparison/run_2/train"
    }
}