{
    "model_name": "yolov8l",
    "MAE": 8.123076923076923,
    "MAPE": 11.434931814894876,
    "RMSE": 11.200961497190251,
    "pred": [
        47,
        41,
        16,
        11,
        17,
        33,
        23,
        56,
        133,
        273,
        106,
        50,
        83,
        34,
        61,
        94,
        91,
        78,
        93,
        87,
        77,
        160,
        162,
        64,
        105,
        51,
        24,
        15,
        27,
        65,
        88,
        90,
        107,
        115,
        86,
        86,
        83,
        93,
        113,
        117,
        115,
        111,
        118,
        51,
        56,
        60,
        121,
        68,
        40,
        61,
        40,
        75,
        19,
        26,
        68,
        44,
        21,
        30,
        30,
        29,
        53,
        64,
        25,
        27,
        37,
        24,
        72,
        20,
        44,
        108,
        140,
        78,
        51,
        85,
        94,
        98,
        91,
        129,
        37,
        46,
        65,
        77,
        222,
        67,
        51,
        54,
        45,
        58,
        43,
        66,
        1,
        32,
        27,
        45,
        19,
        44,
        32,
        95,
        37,
        77,
        39,
        70,
        68,
        43,
        44,
        42,
        137,
        177,
        103,
        69,
        51,
        89,
        42,
        13,
        17,
        42,
        46,
        74,
        33,
        63,
        42,
        108,
        229,
        45,
        229,
        25,
        64,
        62,
        71,
        60
    ],
    "real": [
        47,
        43,
        17,
        12,
        18,
        32,
        21,
        62,
        147,
        290,
        115,
        60,
        92,
        52,
        71,
        97,
        100,
        83,
        106,
        95,
        83,
        167,
        167,
        75,
        111,
        64,
        30,
        18,
        35,
        64,
        99,
        96,
        113,
        121,
        93,
        91,
        93,
        96,
        120,
        123,
        122,
        127,
        125,
        49,
        56,
        58,
        124,
        75,
        44,
        61,
        40,
        73,
        19,
        29,
        71,
        48,
        26,
        32,
        32,
        37,
        65,
        69,
        30,
        30,
        41,
        26,
        79,
        26,
        49,
        117,
        185,
        95,
        57,
        95,
        100,
        102,
        102,
        136,
        43,
        49,
        76,
        83,
        240,
        76,
        58,
        58,
        47,
        61,
        47,
        72,
        18,
        35,
        31,
        55,
        38,
        51,
        36,
        98,
        48,
        84,
        46,
        76,
        96,
        46,
        54,
        58,
        173,
        202,
        131,
        74,
        56,
        110,
        43,
        16,
        23,
        48,
        50,
        81,
        39,
        68,
        46,
        119,
        268,
        54,
        263,
        29,
        77,
        70,
        92,
        68
    ],
    "save_path": "..\\..\\results\\params_comparison/run_2/train/yolov8l_0.3g_0.5r_0.6c_alls.json",
    "args": {
        "model_name": "yolov8l",
        "grid_scale": 0.3,
        "confiance": 0.6,
        "resize_scale": 0.5,
        "images_path": "..\\..\\data\\datasets\\full_yolo\\train_valid\\images",
        "annotations_path": "..\\..\\data\\datasets\\full_yolo\\train_valid\\labels",
        "random_seed": 1010,
        "data_augmentation": true,
        "samples": "all",
        "show_image": false,
        "verbose": false,
        "save_path": "..\\..\\results\\params_comparison/run_2/train"
    }
}