{
    "model_name": "yolov8l",
    "MAE": 3.5384615384615383,
    "MAPE": 5.6755020312987146,
    "RMSE": 5.209458852746755,
    "pred": [
        49,
        47,
        18,
        11,
        19,
        35,
        26,
        61,
        151,
        294,
        116,
        58,
        85,
        47,
        70,
        99,
        106,
        87,
        114,
        95,
        82,
        172,
        172,
        79,
        112,
        63,
        30,
        17,
        33,
        70,
        101,
        98,
        116,
        125,
        94,
        93,
        91,
        98,
        119,
        117,
        123,
        124,
        129,
        49,
        63,
        68,
        122,
        73,
        45,
        70,
        44,
        81,
        22,
        31,
        72,
        52,
        27,
        33,
        33,
        39,
        64,
        67,
        32,
        30,
        43,
        24,
        81,
        25,
        50,
        114,
        166,
        88,
        55,
        100,
        100,
        107,
        101,
        133,
        44,
        49,
        76,
        81,
        237,
        76,
        57,
        60,
        45,
        64,
        45,
        74,
        3,
        37,
        31,
        45,
        27,
        47,
        33,
        96,
        45,
        80,
        43,
        73,
        84,
        45,
        50,
        52,
        151,
        194,
        110,
        75,
        59,
        101,
        48,
        17,
        22,
        48,
        46,
        88,
        37,
        74,
        45,
        120,
        260,
        57,
        255,
        30,
        74,
        70,
        93,
        74
    ],
    "real": [
        47,
        43,
        17,
        12,
        18,
        32,
        21,
        62,
        147,
        290,
        115,
        60,
        92,
        52,
        71,
        97,
        100,
        83,
        106,
        95,
        83,
        167,
        167,
        75,
        111,
        64,
        30,
        18,
        35,
        64,
        99,
        96,
        113,
        121,
        93,
        91,
        93,
        96,
        120,
        123,
        122,
        127,
        125,
        49,
        56,
        58,
        124,
        75,
        44,
        61,
        40,
        73,
        19,
        29,
        71,
        48,
        26,
        32,
        32,
        37,
        65,
        69,
        30,
        30,
        41,
        26,
        79,
        26,
        49,
        117,
        185,
        95,
        57,
        95,
        100,
        102,
        102,
        136,
        43,
        49,
        76,
        83,
        240,
        76,
        58,
        58,
        47,
        61,
        47,
        72,
        18,
        35,
        31,
        55,
        38,
        51,
        36,
        98,
        48,
        84,
        46,
        76,
        96,
        46,
        54,
        58,
        173,
        202,
        131,
        74,
        56,
        110,
        43,
        16,
        23,
        48,
        50,
        81,
        39,
        68,
        46,
        119,
        268,
        54,
        263,
        29,
        77,
        70,
        92,
        68
    ],
    "save_path": "..\\..\\results\\params_comparison/run_2/train/yolov8l_0.3g_0.5r_0.5c_alls.json",
    "args": {
        "model_name": "yolov8l",
        "grid_scale": 0.3,
        "confiance": 0.5,
        "resize_scale": 0.5,
        "images_path": "..\\..\\data\\datasets\\full_yolo\\train_valid\\images",
        "annotations_path": "..\\..\\data\\datasets\\full_yolo\\train_valid\\labels",
        "random_seed": 1010,
        "data_augmentation": true,
        "samples": "all",
        "show_image": false,
        "verbose": false,
        "save_path": "..\\..\\results\\params_comparison/run_2/train"
    }
}