{
    "model_name": "yolov8x",
    "MAE": 4.623076923076923,
    "MAPE": 7.277627115718665,
    "RMSE": 6.257918061267538,
    "pred": [
        54,
        54,
        17,
        12,
        16,
        38,
        26,
        71,
        164,
        313,
        114,
        56,
        89,
        46,
        69,
        109,
        111,
        90,
        110,
        99,
        84,
        172,
        170,
        77,
        111,
        59,
        32,
        19,
        40,
        80,
        95,
        99,
        117,
        126,
        99,
        98,
        95,
        96,
        124,
        127,
        123,
        130,
        130,
        58,
        64,
        67,
        131,
        74,
        47,
        65,
        43,
        84,
        22,
        32,
        74,
        53,
        28,
        33,
        35,
        36,
        72,
        76,
        32,
        31,
        44,
        25,
        87,
        30,
        56,
        137,
        169,
        77,
        57,
        102,
        102,
        105,
        102,
        137,
        47,
        53,
        79,
        85,
        245,
        76,
        57,
        62,
        50,
        73,
        49,
        79,
        8,
        37,
        33,
        48,
        32,
        51,
        36,
        101,
        44,
        82,
        50,
        74,
        86,
        46,
        51,
        59,
        167,
        198,
        127,
        76,
        57,
        104,
        51,
        20,
        24,
        51,
        50,
        89,
        40,
        73,
        43,
        124,
        277,
        59,
        272,
        29,
        76,
        73,
        92,
        73
    ],
    "real": [
        47,
        43,
        17,
        12,
        18,
        32,
        21,
        62,
        147,
        290,
        115,
        60,
        92,
        52,
        71,
        97,
        100,
        83,
        106,
        95,
        83,
        167,
        167,
        75,
        111,
        64,
        30,
        18,
        35,
        64,
        99,
        96,
        113,
        121,
        93,
        91,
        93,
        96,
        120,
        123,
        122,
        127,
        125,
        49,
        56,
        58,
        124,
        75,
        44,
        61,
        40,
        73,
        19,
        29,
        71,
        48,
        26,
        32,
        32,
        37,
        65,
        69,
        30,
        30,
        41,
        26,
        79,
        26,
        49,
        117,
        185,
        95,
        57,
        95,
        100,
        102,
        102,
        136,
        43,
        49,
        76,
        83,
        240,
        76,
        58,
        58,
        47,
        61,
        47,
        72,
        18,
        35,
        31,
        55,
        38,
        51,
        36,
        98,
        48,
        84,
        46,
        76,
        96,
        46,
        54,
        58,
        173,
        202,
        131,
        74,
        56,
        110,
        43,
        16,
        23,
        48,
        50,
        81,
        39,
        68,
        46,
        119,
        268,
        54,
        263,
        29,
        77,
        70,
        92,
        68
    ],
    "save_path": "..\\..\\results\\params_comparison/run_2/train/yolov8x_0.2g_0.5r_0.4c_alls.json",
    "args": {
        "model_name": "yolov8x",
        "grid_scale": 0.2,
        "confiance": 0.4,
        "resize_scale": 0.5,
        "images_path": "..\\..\\data\\datasets\\full_yolo\\train_valid\\images",
        "annotations_path": "..\\..\\data\\datasets\\full_yolo\\train_valid\\labels",
        "random_seed": 1010,
        "data_augmentation": true,
        "samples": "all",
        "show_image": false,
        "verbose": false,
        "save_path": "..\\..\\results\\params_comparison/run_2/train"
    }
}