{
    "model_name": "yolov8m",
    "MAE": 9.584615384615384,
    "MAPE": 12.693300444759132,
    "RMSE": 13.68772611334133,
    "pred": [
        48,
        37,
        15,
        12,
        17,
        29,
        23,
        57,
        126,
        259,
        98,
        42,
        80,
        34,
        59,
        89,
        95,
        79,
        101,
        93,
        76,
        154,
        154,
        73,
        113,
        56,
        27,
        15,
        29,
        62,
        76,
        87,
        104,
        113,
        84,
        86,
        76,
        83,
        99,
        109,
        103,
        113,
        110,
        45,
        55,
        58,
        101,
        71,
        40,
        56,
        38,
        72,
        17,
        28,
        63,
        38,
        23,
        30,
        26,
        31,
        57,
        55,
        23,
        25,
        34,
        22,
        67,
        25,
        45,
        114,
        126,
        75,
        54,
        93,
        91,
        99,
        89,
        126,
        37,
        45,
        68,
        79,
        216,
        69,
        51,
        57,
        43,
        58,
        34,
        70,
        1,
        29,
        29,
        48,
        24,
        41,
        32,
        93,
        40,
        74,
        39,
        69,
        65,
        36,
        46,
        43,
        139,
        157,
        94,
        68,
        54,
        93,
        39,
        15,
        18,
        44,
        42,
        76,
        22,
        64,
        42,
        107,
        220,
        52,
        231,
        23,
        63,
        64,
        80,
        65
    ],
    "real": [
        47,
        43,
        17,
        12,
        18,
        32,
        21,
        62,
        147,
        290,
        115,
        60,
        92,
        52,
        71,
        97,
        100,
        83,
        106,
        95,
        83,
        167,
        167,
        75,
        111,
        64,
        30,
        18,
        35,
        64,
        99,
        96,
        113,
        121,
        93,
        91,
        93,
        96,
        120,
        123,
        122,
        127,
        125,
        49,
        56,
        58,
        124,
        75,
        44,
        61,
        40,
        73,
        19,
        29,
        71,
        48,
        26,
        32,
        32,
        37,
        65,
        69,
        30,
        30,
        41,
        26,
        79,
        26,
        49,
        117,
        185,
        95,
        57,
        95,
        100,
        102,
        102,
        136,
        43,
        49,
        76,
        83,
        240,
        76,
        58,
        58,
        47,
        61,
        47,
        72,
        18,
        35,
        31,
        55,
        38,
        51,
        36,
        98,
        48,
        84,
        46,
        76,
        96,
        46,
        54,
        58,
        173,
        202,
        131,
        74,
        56,
        110,
        43,
        16,
        23,
        48,
        50,
        81,
        39,
        68,
        46,
        119,
        268,
        54,
        263,
        29,
        77,
        70,
        92,
        68
    ],
    "save_path": "..\\..\\results\\params_comparison/run_2/train/yolov8m_0.2g_0.5r_0.6c_alls.json",
    "args": {
        "model_name": "yolov8m",
        "grid_scale": 0.2,
        "confiance": 0.6,
        "resize_scale": 0.5,
        "images_path": "..\\..\\data\\datasets\\full_yolo\\train_valid\\images",
        "annotations_path": "..\\..\\data\\datasets\\full_yolo\\train_valid\\labels",
        "random_seed": 1010,
        "data_augmentation": true,
        "samples": "all",
        "show_image": false,
        "verbose": false,
        "save_path": "..\\..\\results\\params_comparison/run_2/train"
    }
}