{
    "model_name": "yolov8l",
    "MAE": 15.715384615384615,
    "MAPE": 18.855948101413755,
    "RMSE": 24.06833221028444,
    "pred": [
        45,
        40,
        13,
        10,
        18,
        30,
        22,
        59,
        116,
        234,
        88,
        47,
        76,
        19,
        45,
        73,
        79,
        57,
        79,
        80,
        66,
        141,
        146,
        61,
        93,
        39,
        25,
        12,
        23,
        62,
        65,
        84,
        86,
        100,
        81,
        78,
        78,
        74,
        104,
        106,
        103,
        107,
        113,
        48,
        55,
        63,
        99,
        71,
        44,
        60,
        37,
        72,
        20,
        31,
        64,
        47,
        26,
        31,
        32,
        32,
        57,
        64,
        29,
        28,
        34,
        21,
        68,
        18,
        41,
        100,
        83,
        43,
        48,
        82,
        90,
        80,
        90,
        119,
        40,
        44,
        70,
        61,
        199,
        65,
        49,
        56,
        43,
        57,
        26,
        72,
        0,
        27,
        23,
        44,
        21,
        40,
        29,
        82,
        33,
        67,
        39,
        70,
        45,
        31,
        44,
        40,
        112,
        145,
        59,
        68,
        53,
        77,
        41,
        9,
        16,
        42,
        44,
        70,
        28,
        61,
        32,
        96,
        159,
        44,
        183,
        22,
        66,
        52,
        69,
        57
    ],
    "real": [
        47,
        43,
        17,
        12,
        18,
        32,
        21,
        62,
        147,
        290,
        115,
        60,
        92,
        52,
        71,
        97,
        100,
        83,
        106,
        95,
        83,
        167,
        167,
        75,
        111,
        64,
        30,
        18,
        35,
        64,
        99,
        96,
        113,
        121,
        93,
        91,
        93,
        96,
        120,
        123,
        122,
        127,
        125,
        49,
        56,
        58,
        124,
        75,
        44,
        61,
        40,
        73,
        19,
        29,
        71,
        48,
        26,
        32,
        32,
        37,
        65,
        69,
        30,
        30,
        41,
        26,
        79,
        26,
        49,
        117,
        185,
        95,
        57,
        95,
        100,
        102,
        102,
        136,
        43,
        49,
        76,
        83,
        240,
        76,
        58,
        58,
        47,
        61,
        47,
        72,
        18,
        35,
        31,
        55,
        38,
        51,
        36,
        98,
        48,
        84,
        46,
        76,
        96,
        46,
        54,
        58,
        173,
        202,
        131,
        74,
        56,
        110,
        43,
        16,
        23,
        48,
        50,
        81,
        39,
        68,
        46,
        119,
        268,
        54,
        263,
        29,
        77,
        70,
        92,
        68
    ],
    "save_path": "..\\..\\results\\params_comparison/run_2/train/yolov8l_0.5g_0.5r_0.6c_alls.json",
    "args": {
        "model_name": "yolov8l",
        "grid_scale": 0.5,
        "confiance": 0.6,
        "resize_scale": 0.5,
        "images_path": "..\\..\\data\\datasets\\full_yolo\\train_valid\\images",
        "annotations_path": "..\\..\\data\\datasets\\full_yolo\\train_valid\\labels",
        "random_seed": 1010,
        "data_augmentation": true,
        "samples": "all",
        "show_image": false,
        "verbose": false,
        "save_path": "..\\..\\results\\params_comparison/run_2/train"
    }
}