{
    "model_name": "yolov8s",
    "MAE": 5.3,
    "MAPE": 8.41329111955167,
    "RMSE": 7.054185882264407,
    "pred": [
        57,
        49,
        18,
        13,
        20,
        35,
        30,
        71,
        157,
        318,
        113,
        59,
        93,
        50,
        68,
        103,
        107,
        91,
        116,
        103,
        84,
        187,
        177,
        80,
        123,
        65,
        31,
        19,
        39,
        71,
        97,
        100,
        116,
        127,
        101,
        100,
        100,
        105,
        125,
        128,
        126,
        136,
        128,
        57,
        61,
        70,
        133,
        79,
        49,
        63,
        46,
        80,
        22,
        35,
        74,
        52,
        25,
        36,
        32,
        32,
        69,
        72,
        30,
        34,
        46,
        27,
        86,
        30,
        52,
        138,
        175,
        85,
        57,
        102,
        102,
        105,
        104,
        135,
        49,
        49,
        80,
        85,
        247,
        77,
        60,
        60,
        54,
        69,
        46,
        77,
        4,
        38,
        32,
        49,
        29,
        53,
        39,
        106,
        47,
        84,
        52,
        80,
        84,
        54,
        54,
        57,
        158,
        202,
        109,
        77,
        59,
        101,
        49,
        19,
        26,
        53,
        50,
        85,
        40,
        81,
        48,
        121,
        265,
        63,
        262,
        32,
        80,
        76,
        96,
        80
    ],
    "real": [
        47,
        43,
        17,
        12,
        18,
        32,
        21,
        62,
        147,
        290,
        115,
        60,
        92,
        52,
        71,
        97,
        100,
        83,
        106,
        95,
        83,
        167,
        167,
        75,
        111,
        64,
        30,
        18,
        35,
        64,
        99,
        96,
        113,
        121,
        93,
        91,
        93,
        96,
        120,
        123,
        122,
        127,
        125,
        49,
        56,
        58,
        124,
        75,
        44,
        61,
        40,
        73,
        19,
        29,
        71,
        48,
        26,
        32,
        32,
        37,
        65,
        69,
        30,
        30,
        41,
        26,
        79,
        26,
        49,
        117,
        185,
        95,
        57,
        95,
        100,
        102,
        102,
        136,
        43,
        49,
        76,
        83,
        240,
        76,
        58,
        58,
        47,
        61,
        47,
        72,
        18,
        35,
        31,
        55,
        38,
        51,
        36,
        98,
        48,
        84,
        46,
        76,
        96,
        46,
        54,
        58,
        173,
        202,
        131,
        74,
        56,
        110,
        43,
        16,
        23,
        48,
        50,
        81,
        39,
        68,
        46,
        119,
        268,
        54,
        263,
        29,
        77,
        70,
        92,
        68
    ],
    "save_path": "..\\..\\results\\params_comparison/run_2/train/yolov8s_0.2g_0.5r_0.5c_alls.json",
    "args": {
        "model_name": "yolov8s",
        "grid_scale": 0.2,
        "confiance": 0.5,
        "resize_scale": 0.5,
        "images_path": "..\\..\\data\\datasets\\full_yolo\\train_valid\\images",
        "annotations_path": "..\\..\\data\\datasets\\full_yolo\\train_valid\\labels",
        "random_seed": 1010,
        "data_augmentation": true,
        "samples": "all",
        "show_image": false,
        "verbose": false,
        "save_path": "..\\..\\results\\params_comparison/run_2/train"
    }
}