{
    "model_name": "yolov8s",
    "MAE": 5.138461538461539,
    "MAPE": 7.93682937816093,
    "RMSE": 8.099382692526634,
    "pred": [
        44,
        38,
        15,
        9,
        12,
        29,
        19,
        53,
        141,
        288,
        97,
        57,
        88,
        41,
        58,
        94,
        99,
        77,
        104,
        97,
        79,
        169,
        169,
        73,
        114,
        57,
        28,
        15,
        33,
        73,
        98,
        96,
        113,
        119,
        93,
        92,
        93,
        93,
        118,
        119,
        122,
        124,
        123,
        46,
        58,
        63,
        115,
        73,
        44,
        61,
        39,
        75,
        22,
        29,
        70,
        43,
        18,
        27,
        33,
        31,
        53,
        62,
        26,
        26,
        43,
        26,
        81,
        28,
        50,
        114,
        159,
        82,
        56,
        91,
        95,
        98,
        92,
        130,
        42,
        47,
        71,
        80,
        224,
        75,
        58,
        54,
        39,
        58,
        39,
        73,
        3,
        34,
        30,
        48,
        25,
        50,
        34,
        97,
        46,
        73,
        46,
        72,
        81,
        44,
        48,
        50,
        140,
        189,
        100,
        72,
        54,
        94,
        38,
        16,
        20,
        46,
        48,
        79,
        31,
        72,
        40,
        115,
        236,
        54,
        238,
        26,
        75,
        66,
        82,
        69
    ],
    "real": [
        47,
        43,
        17,
        12,
        18,
        32,
        21,
        62,
        147,
        290,
        115,
        60,
        92,
        52,
        71,
        97,
        100,
        83,
        106,
        95,
        83,
        167,
        167,
        75,
        111,
        64,
        30,
        18,
        35,
        64,
        99,
        96,
        113,
        121,
        93,
        91,
        93,
        96,
        120,
        123,
        122,
        127,
        125,
        49,
        56,
        58,
        124,
        75,
        44,
        61,
        40,
        73,
        19,
        29,
        71,
        48,
        26,
        32,
        32,
        37,
        65,
        69,
        30,
        30,
        41,
        26,
        79,
        26,
        49,
        117,
        185,
        95,
        57,
        95,
        100,
        102,
        102,
        136,
        43,
        49,
        76,
        83,
        240,
        76,
        58,
        58,
        47,
        61,
        47,
        72,
        18,
        35,
        31,
        55,
        38,
        51,
        36,
        98,
        48,
        84,
        46,
        76,
        96,
        46,
        54,
        58,
        173,
        202,
        131,
        74,
        56,
        110,
        43,
        16,
        23,
        48,
        50,
        81,
        39,
        68,
        46,
        119,
        268,
        54,
        263,
        29,
        77,
        70,
        92,
        68
    ],
    "save_path": "..\\..\\results\\params_comparison/run_2/train/yolov8s_0.2g_0.5r_0.6c_alls.json",
    "args": {
        "model_name": "yolov8s",
        "grid_scale": 0.2,
        "confiance": 0.6,
        "resize_scale": 0.5,
        "images_path": "..\\..\\data\\datasets\\full_yolo\\train_valid\\images",
        "annotations_path": "..\\..\\data\\datasets\\full_yolo\\train_valid\\labels",
        "random_seed": 1010,
        "data_augmentation": true,
        "samples": "all",
        "show_image": false,
        "verbose": false,
        "save_path": "..\\..\\results\\params_comparison/run_2/train"
    }
}