{
    "model_name": "deformable-detr",
    "MAE": 49.42307692307692,
    "MAPE": 59.823610183738545,
    "RMSE": 64.35556278627716,
    "pred": [
        28,
        32,
        7,
        9,
        7,
        20,
        14,
        33,
        42,
        53,
        22,
        17,
        25,
        16,
        29,
        32,
        36,
        29,
        44,
        51,
        35,
        69,
        70,
        38,
        46,
        15,
        10,
        1,
        10,
        31,
        17,
        17,
        34,
        29,
        31,
        21,
        28,
        20,
        29,
        28,
        48,
        35,
        41,
        31,
        26,
        28,
        31,
        17,
        12,
        21,
        15,
        25,
        10,
        17,
        25,
        17,
        9,
        20,
        12,
        20,
        26,
        42,
        22,
        23,
        14,
        10,
        29,
        5,
        22,
        74,
        43,
        23,
        30,
        47,
        24,
        32,
        37,
        32,
        25,
        11,
        19,
        33,
        48,
        51,
        36,
        31,
        30,
        31,
        7,
        26,
        1,
        19,
        11,
        26,
        11,
        27,
        15,
        46,
        11,
        23,
        11,
        23,
        36,
        26,
        25,
        23,
        55,
        40,
        41,
        34,
        17,
        35,
        27,
        6,
        11,
        30,
        29,
        46,
        22,
        40,
        31,
        21,
        64,
        23,
        61,
        15,
        39,
        37,
        58,
        42
    ],
    "real": [
        47,
        43,
        17,
        12,
        18,
        32,
        21,
        62,
        147,
        290,
        115,
        60,
        92,
        52,
        71,
        97,
        100,
        83,
        106,
        95,
        83,
        167,
        167,
        75,
        111,
        64,
        30,
        18,
        35,
        64,
        99,
        96,
        113,
        121,
        93,
        91,
        93,
        96,
        120,
        123,
        122,
        127,
        125,
        49,
        56,
        58,
        124,
        75,
        44,
        61,
        40,
        73,
        19,
        29,
        71,
        48,
        26,
        32,
        32,
        37,
        65,
        69,
        30,
        30,
        41,
        26,
        79,
        26,
        49,
        117,
        185,
        95,
        57,
        95,
        100,
        102,
        102,
        136,
        43,
        49,
        76,
        83,
        240,
        76,
        58,
        58,
        47,
        61,
        47,
        72,
        18,
        35,
        31,
        55,
        38,
        51,
        36,
        98,
        48,
        84,
        46,
        76,
        96,
        46,
        54,
        58,
        173,
        202,
        131,
        74,
        56,
        110,
        43,
        16,
        23,
        48,
        50,
        81,
        39,
        68,
        46,
        119,
        268,
        54,
        263,
        29,
        77,
        70,
        92,
        68
    ],
    "save_path": "..\\..\\results\\params_comparison/run_2/train/deformable-detr_0.5g_0.5r_0.5c_alls.json",
    "args": {
        "model_name": "deformable-detr",
        "grid_scale": 0.5,
        "confiance": 0.5,
        "resize_scale": 0.5,
        "images_path": "..\\..\\data\\datasets\\full_yolo\\train_valid\\images",
        "annotations_path": "..\\..\\data\\datasets\\full_yolo\\train_valid\\labels",
        "random_seed": 1010,
        "data_augmentation": true,
        "samples": "all",
        "show_image": false,
        "verbose": false,
        "save_path": "..\\..\\results\\params_comparison/run_2/train"
    }
}