{
    "model_name": "deformable-detr",
    "MAE": 55.59230769230769,
    "MAPE": 67.32838904221107,
    "RMSE": 71.80791685515548,
    "pred": [
        27,
        25,
        10,
        10,
        7,
        17,
        11,
        29,
        37,
        33,
        16,
        15,
        17,
        9,
        23,
        30,
        24,
        17,
        32,
        41,
        25,
        45,
        46,
        33,
        42,
        14,
        8,
        4,
        8,
        27,
        14,
        12,
        17,
        22,
        20,
        18,
        25,
        15,
        31,
        25,
        35,
        33,
        27,
        17,
        22,
        23,
        26,
        18,
        13,
        24,
        18,
        25,
        6,
        17,
        30,
        13,
        9,
        15,
        12,
        14,
        20,
        35,
        17,
        18,
        10,
        10,
        20,
        4,
        15,
        46,
        26,
        12,
        29,
        27,
        13,
        33,
        24,
        27,
        17,
        9,
        27,
        26,
        30,
        35,
        37,
        21,
        29,
        26,
        2,
        25,
        0,
        18,
        7,
        20,
        9,
        19,
        11,
        43,
        5,
        17,
        6,
        25,
        20,
        17,
        20,
        15,
        30,
        25,
        12,
        30,
        10,
        27,
        24,
        3,
        6,
        21,
        27,
        33,
        25,
        43,
        23,
        18,
        37,
        19,
        39,
        17,
        35,
        38,
        46,
        36
    ],
    "real": [
        47,
        43,
        17,
        12,
        18,
        32,
        21,
        62,
        147,
        290,
        115,
        60,
        92,
        52,
        71,
        97,
        100,
        83,
        106,
        95,
        83,
        167,
        167,
        75,
        111,
        64,
        30,
        18,
        35,
        64,
        99,
        96,
        113,
        121,
        93,
        91,
        93,
        96,
        120,
        123,
        122,
        127,
        125,
        49,
        56,
        58,
        124,
        75,
        44,
        61,
        40,
        73,
        19,
        29,
        71,
        48,
        26,
        32,
        32,
        37,
        65,
        69,
        30,
        30,
        41,
        26,
        79,
        26,
        49,
        117,
        185,
        95,
        57,
        95,
        100,
        102,
        102,
        136,
        43,
        49,
        76,
        83,
        240,
        76,
        58,
        58,
        47,
        61,
        47,
        72,
        18,
        35,
        31,
        55,
        38,
        51,
        36,
        98,
        48,
        84,
        46,
        76,
        96,
        46,
        54,
        58,
        173,
        202,
        131,
        74,
        56,
        110,
        43,
        16,
        23,
        48,
        50,
        81,
        39,
        68,
        46,
        119,
        268,
        54,
        263,
        29,
        77,
        70,
        92,
        68
    ],
    "save_path": "..\\..\\results\\params_comparison/run_2/train/deformable-detr_0.5g_0.5r_0.55c_alls.json",
    "args": {
        "model_name": "deformable-detr",
        "grid_scale": 0.5,
        "confiance": 0.55,
        "resize_scale": 0.5,
        "images_path": "..\\..\\data\\datasets\\full_yolo\\train_valid\\images",
        "annotations_path": "..\\..\\data\\datasets\\full_yolo\\train_valid\\labels",
        "random_seed": 1010,
        "data_augmentation": true,
        "samples": "all",
        "show_image": false,
        "verbose": false,
        "save_path": "..\\..\\results\\params_comparison/run_2/train"
    }
}