{
    "model_name": "deformable-detr",
    "MAE": 33.01538461538462,
    "MAPE": 39.06965000694821,
    "RMSE": 45.26180254067185,
    "pred": [
        37,
        34,
        13,
        9,
        14,
        20,
        20,
        39,
        74,
        109,
        49,
        33,
        43,
        19,
        42,
        61,
        60,
        42,
        66,
        67,
        52,
        99,
        104,
        56,
        70,
        33,
        22,
        8,
        19,
        43,
        44,
        53,
        54,
        75,
        61,
        51,
        54,
        46,
        74,
        58,
        75,
        77,
        75,
        29,
        34,
        42,
        57,
        43,
        26,
        38,
        24,
        55,
        14,
        18,
        33,
        28,
        17,
        22,
        25,
        27,
        29,
        45,
        21,
        19,
        26,
        19,
        53,
        14,
        31,
        88,
        81,
        53,
        44,
        61,
        51,
        64,
        61,
        65,
        27,
        25,
        43,
        61,
        102,
        57,
        40,
        35,
        35,
        37,
        24,
        48,
        4,
        22,
        20,
        37,
        20,
        30,
        24,
        69,
        25,
        50,
        34,
        49,
        49,
        29,
        41,
        32,
        76,
        91,
        51,
        53,
        35,
        59,
        27,
        6,
        16,
        39,
        26,
        58,
        21,
        54,
        35,
        51,
        93,
        33,
        112,
        25,
        62,
        51,
        53,
        52
    ],
    "real": [
        47,
        43,
        17,
        12,
        18,
        32,
        21,
        62,
        147,
        290,
        115,
        60,
        92,
        52,
        71,
        97,
        100,
        83,
        106,
        95,
        83,
        167,
        167,
        75,
        111,
        64,
        30,
        18,
        35,
        64,
        99,
        96,
        113,
        121,
        93,
        91,
        93,
        96,
        120,
        123,
        122,
        127,
        125,
        49,
        56,
        58,
        124,
        75,
        44,
        61,
        40,
        73,
        19,
        29,
        71,
        48,
        26,
        32,
        32,
        37,
        65,
        69,
        30,
        30,
        41,
        26,
        79,
        26,
        49,
        117,
        185,
        95,
        57,
        95,
        100,
        102,
        102,
        136,
        43,
        49,
        76,
        83,
        240,
        76,
        58,
        58,
        47,
        61,
        47,
        72,
        18,
        35,
        31,
        55,
        38,
        51,
        36,
        98,
        48,
        84,
        46,
        76,
        96,
        46,
        54,
        58,
        173,
        202,
        131,
        74,
        56,
        110,
        43,
        16,
        23,
        48,
        50,
        81,
        39,
        68,
        46,
        119,
        268,
        54,
        263,
        29,
        77,
        70,
        92,
        68
    ],
    "save_path": "..\\..\\results\\params_comparison/run_2/train/deformable-detr_0.3g_0.5r_0.55c_alls.json",
    "args": {
        "model_name": "deformable-detr",
        "grid_scale": 0.3,
        "confiance": 0.55,
        "resize_scale": 0.5,
        "images_path": "..\\..\\data\\datasets\\full_yolo\\train_valid\\images",
        "annotations_path": "..\\..\\data\\datasets\\full_yolo\\train_valid\\labels",
        "random_seed": 1010,
        "data_augmentation": true,
        "samples": "all",
        "show_image": false,
        "verbose": false,
        "save_path": "..\\..\\results\\params_comparison/run_2/train"
    }
}