{
    "model_name": "deformable-detr",
    "MAE": 14.615384615384615,
    "MAPE": 18.91182118201743,
    "RMSE": 20.023447793486053,
    "pred": [
        39,
        38,
        17,
        12,
        21,
        27,
        26,
        56,
        122,
        221,
        91,
        44,
        66,
        51,
        82,
        90,
        90,
        81,
        92,
        90,
        77,
        140,
        148,
        65,
        114,
        56,
        27,
        14,
        26,
        52,
        62,
        82,
        94,
        84,
        74,
        62,
        50,
        72,
        97,
        78,
        93,
        94,
        89,
        33,
        43,
        49,
        90,
        50,
        36,
        53,
        35,
        65,
        17,
        27,
        52,
        39,
        22,
        28,
        29,
        30,
        44,
        51,
        13,
        26,
        41,
        18,
        52,
        21,
        33,
        116,
        185,
        77,
        52,
        92,
        78,
        98,
        61,
        103,
        34,
        41,
        60,
        80,
        155,
        62,
        43,
        46,
        37,
        51,
        39,
        57,
        4,
        27,
        26,
        43,
        35,
        35,
        27,
        90,
        35,
        63,
        43,
        61,
        94,
        33,
        41,
        52,
        138,
        162,
        126,
        66,
        52,
        87,
        36,
        12,
        22,
        46,
        26,
        69,
        28,
        58,
        42,
        97,
        223,
        50,
        218,
        17,
        67,
        58,
        57,
        59
    ],
    "real": [
        47,
        43,
        17,
        12,
        18,
        32,
        21,
        62,
        147,
        290,
        115,
        60,
        92,
        52,
        71,
        97,
        100,
        83,
        106,
        95,
        83,
        167,
        167,
        75,
        111,
        64,
        30,
        18,
        35,
        64,
        99,
        96,
        113,
        121,
        93,
        91,
        93,
        96,
        120,
        123,
        122,
        127,
        125,
        49,
        56,
        58,
        124,
        75,
        44,
        61,
        40,
        73,
        19,
        29,
        71,
        48,
        26,
        32,
        32,
        37,
        65,
        69,
        30,
        30,
        41,
        26,
        79,
        26,
        49,
        117,
        185,
        95,
        57,
        95,
        100,
        102,
        102,
        136,
        43,
        49,
        76,
        83,
        240,
        76,
        58,
        58,
        47,
        61,
        47,
        72,
        18,
        35,
        31,
        55,
        38,
        51,
        36,
        98,
        48,
        84,
        46,
        76,
        96,
        46,
        54,
        58,
        173,
        202,
        131,
        74,
        56,
        110,
        43,
        16,
        23,
        48,
        50,
        81,
        39,
        68,
        46,
        119,
        268,
        54,
        263,
        29,
        77,
        70,
        92,
        68
    ],
    "save_path": "..\\..\\results\\params_comparison/run_2/train/deformable-detr_0.2g_0.5r_0.35c_alls.json",
    "args": {
        "model_name": "deformable-detr",
        "grid_scale": 0.2,
        "confiance": 0.35,
        "resize_scale": 0.5,
        "images_path": "..\\..\\data\\datasets\\full_yolo\\train_valid\\images",
        "annotations_path": "..\\..\\data\\datasets\\full_yolo\\train_valid\\labels",
        "random_seed": 1010,
        "data_augmentation": true,
        "samples": "all",
        "show_image": false,
        "verbose": false,
        "save_path": "..\\..\\results\\params_comparison/run_2/train"
    }
}