{
    "model_name": "deformable-detr",
    "MAE": 43.34615384615385,
    "MAPE": 53.540865020731744,
    "RMSE": 56.215314091993996,
    "pred": [
        33,
        31,
        11,
        6,
        7,
        19,
        11,
        34,
        66,
        74,
        36,
        20,
        28,
        26,
        51,
        48,
        50,
        39,
        54,
        64,
        51,
        87,
        85,
        50,
        57,
        26,
        12,
        4,
        9,
        29,
        35,
        39,
        28,
        37,
        30,
        29,
        37,
        27,
        51,
        42,
        50,
        46,
        49,
        32,
        26,
        32,
        43,
        23,
        20,
        26,
        21,
        34,
        6,
        19,
        26,
        15,
        11,
        13,
        22,
        26,
        27,
        45,
        23,
        17,
        15,
        15,
        33,
        8,
        19,
        68,
        68,
        35,
        39,
        54,
        32,
        51,
        45,
        46,
        22,
        21,
        32,
        40,
        63,
        44,
        40,
        33,
        29,
        32,
        4,
        32,
        0,
        22,
        12,
        28,
        19,
        18,
        19,
        48,
        13,
        32,
        13,
        31,
        44,
        22,
        27,
        26,
        77,
        56,
        43,
        28,
        19,
        41,
        24,
        7,
        12,
        25,
        25,
        54,
        25,
        49,
        38,
        38,
        89,
        20,
        102,
        13,
        46,
        61,
        54,
        51
    ],
    "real": [
        47,
        43,
        17,
        12,
        18,
        32,
        21,
        62,
        147,
        290,
        115,
        60,
        92,
        52,
        71,
        97,
        100,
        83,
        106,
        95,
        83,
        167,
        167,
        75,
        111,
        64,
        30,
        18,
        35,
        64,
        99,
        96,
        113,
        121,
        93,
        91,
        93,
        96,
        120,
        123,
        122,
        127,
        125,
        49,
        56,
        58,
        124,
        75,
        44,
        61,
        40,
        73,
        19,
        29,
        71,
        48,
        26,
        32,
        32,
        37,
        65,
        69,
        30,
        30,
        41,
        26,
        79,
        26,
        49,
        117,
        185,
        95,
        57,
        95,
        100,
        102,
        102,
        136,
        43,
        49,
        76,
        83,
        240,
        76,
        58,
        58,
        47,
        61,
        47,
        72,
        18,
        35,
        31,
        55,
        38,
        51,
        36,
        98,
        48,
        84,
        46,
        76,
        96,
        46,
        54,
        58,
        173,
        202,
        131,
        74,
        56,
        110,
        43,
        16,
        23,
        48,
        50,
        81,
        39,
        68,
        46,
        119,
        268,
        54,
        263,
        29,
        77,
        70,
        92,
        68
    ],
    "save_path": "..\\..\\results\\params_comparison/run_2/train/deformable-detr_0.5g_0.5r_0.45c_alls.json",
    "args": {
        "model_name": "deformable-detr",
        "grid_scale": 0.5,
        "confiance": 0.45,
        "resize_scale": 0.5,
        "images_path": "..\\..\\data\\datasets\\full_yolo\\train_valid\\images",
        "annotations_path": "..\\..\\data\\datasets\\full_yolo\\train_valid\\labels",
        "random_seed": 1010,
        "data_augmentation": true,
        "samples": "all",
        "show_image": false,
        "verbose": false,
        "save_path": "..\\..\\results\\params_comparison/run_2/train"
    }
}