{
    "model_name": "deformable-detr",
    "MAE": 20.653846153846153,
    "MAPE": 24.73932822695883,
    "RMSE": 29.338475656484846,
    "pred": [
        38,
        38,
        13,
        9,
        16,
        28,
        21,
        47,
        97,
        175,
        77,
        42,
        60,
        52,
        81,
        84,
        73,
        76,
        81,
        82,
        80,
        122,
        130,
        67,
        86,
        46,
        21,
        13,
        21,
        50,
        61,
        66,
        70,
        89,
        71,
        60,
        70,
        55,
        92,
        81,
        93,
        85,
        92,
        35,
        40,
        49,
        77,
        50,
        28,
        48,
        31,
        56,
        18,
        23,
        48,
        33,
        18,
        25,
        17,
        29,
        50,
        49,
        23,
        25,
        32,
        22,
        51,
        16,
        38,
        112,
        133,
        75,
        52,
        82,
        76,
        84,
        74,
        89,
        38,
        38,
        62,
        70,
        130,
        66,
        56,
        35,
        39,
        43,
        21,
        54,
        4,
        27,
        23,
        48,
        23,
        41,
        33,
        92,
        29,
        64,
        39,
        53,
        81,
        36,
        43,
        38,
        108,
        106,
        94,
        55,
        41,
        69,
        33,
        12,
        20,
        44,
        33,
        76,
        28,
        52,
        38,
        75,
        162,
        42,
        179,
        21,
        62,
        58,
        73,
        60
    ],
    "real": [
        47,
        43,
        17,
        12,
        18,
        32,
        21,
        62,
        147,
        290,
        115,
        60,
        92,
        52,
        71,
        97,
        100,
        83,
        106,
        95,
        83,
        167,
        167,
        75,
        111,
        64,
        30,
        18,
        35,
        64,
        99,
        96,
        113,
        121,
        93,
        91,
        93,
        96,
        120,
        123,
        122,
        127,
        125,
        49,
        56,
        58,
        124,
        75,
        44,
        61,
        40,
        73,
        19,
        29,
        71,
        48,
        26,
        32,
        32,
        37,
        65,
        69,
        30,
        30,
        41,
        26,
        79,
        26,
        49,
        117,
        185,
        95,
        57,
        95,
        100,
        102,
        102,
        136,
        43,
        49,
        76,
        83,
        240,
        76,
        58,
        58,
        47,
        61,
        47,
        72,
        18,
        35,
        31,
        55,
        38,
        51,
        36,
        98,
        48,
        84,
        46,
        76,
        96,
        46,
        54,
        58,
        173,
        202,
        131,
        74,
        56,
        110,
        43,
        16,
        23,
        48,
        50,
        81,
        39,
        68,
        46,
        119,
        268,
        54,
        263,
        29,
        77,
        70,
        92,
        68
    ],
    "save_path": "..\\..\\results\\params_comparison/run_2/train/deformable-detr_0.3g_0.5r_0.4c_alls.json",
    "args": {
        "model_name": "deformable-detr",
        "grid_scale": 0.3,
        "confiance": 0.4,
        "resize_scale": 0.5,
        "images_path": "..\\..\\data\\datasets\\full_yolo\\train_valid\\images",
        "annotations_path": "..\\..\\data\\datasets\\full_yolo\\train_valid\\labels",
        "random_seed": 1010,
        "data_augmentation": true,
        "samples": "all",
        "show_image": false,
        "verbose": false,
        "save_path": "..\\..\\results\\params_comparison/run_2/train"
    }
}