{
    "model_name": "deformable-detr",
    "MAE": 22.423076923076923,
    "MAPE": 27.601738117153765,
    "RMSE": 30.423548571662508,
    "pred": [
        31,
        40,
        13,
        11,
        16,
        24,
        20,
        47,
        91,
        173,
        82,
        43,
        45,
        32,
        63,
        81,
        83,
        71,
        75,
        81,
        70,
        144,
        138,
        66,
        93,
        51,
        24,
        12,
        26,
        42,
        76,
        74,
        83,
        79,
        71,
        66,
        51,
        51,
        80,
        74,
        79,
        81,
        90,
        32,
        42,
        48,
        69,
        45,
        31,
        42,
        36,
        54,
        20,
        19,
        50,
        37,
        18,
        27,
        24,
        28,
        44,
        44,
        13,
        15,
        34,
        21,
        48,
        17,
        34,
        101,
        157,
        71,
        46,
        79,
        67,
        82,
        57,
        86,
        36,
        36,
        48,
        72,
        145,
        59,
        43,
        46,
        43,
        48,
        31,
        50,
        5,
        28,
        28,
        37,
        25,
        31,
        29,
        80,
        27,
        66,
        31,
        56,
        75,
        26,
        42,
        34,
        116,
        108,
        91,
        51,
        35,
        76,
        37,
        12,
        18,
        43,
        27,
        63,
        19,
        66,
        33,
        80,
        154,
        39,
        168,
        19,
        59,
        48,
        61,
        57
    ],
    "real": [
        47,
        43,
        17,
        12,
        18,
        32,
        21,
        62,
        147,
        290,
        115,
        60,
        92,
        52,
        71,
        97,
        100,
        83,
        106,
        95,
        83,
        167,
        167,
        75,
        111,
        64,
        30,
        18,
        35,
        64,
        99,
        96,
        113,
        121,
        93,
        91,
        93,
        96,
        120,
        123,
        122,
        127,
        125,
        49,
        56,
        58,
        124,
        75,
        44,
        61,
        40,
        73,
        19,
        29,
        71,
        48,
        26,
        32,
        32,
        37,
        65,
        69,
        30,
        30,
        41,
        26,
        79,
        26,
        49,
        117,
        185,
        95,
        57,
        95,
        100,
        102,
        102,
        136,
        43,
        49,
        76,
        83,
        240,
        76,
        58,
        58,
        47,
        61,
        47,
        72,
        18,
        35,
        31,
        55,
        38,
        51,
        36,
        98,
        48,
        84,
        46,
        76,
        96,
        46,
        54,
        58,
        173,
        202,
        131,
        74,
        56,
        110,
        43,
        16,
        23,
        48,
        50,
        81,
        39,
        68,
        46,
        119,
        268,
        54,
        263,
        29,
        77,
        70,
        92,
        68
    ],
    "save_path": "..\\..\\results\\params_comparison/run_2/train/deformable-detr_0.2g_0.5r_0.5c_alls.json",
    "args": {
        "model_name": "deformable-detr",
        "grid_scale": 0.2,
        "confiance": 0.5,
        "resize_scale": 0.5,
        "images_path": "..\\..\\data\\datasets\\full_yolo\\train_valid\\images",
        "annotations_path": "..\\..\\data\\datasets\\full_yolo\\train_valid\\labels",
        "random_seed": 1010,
        "data_augmentation": true,
        "samples": "all",
        "show_image": false,
        "verbose": false,
        "save_path": "..\\..\\results\\params_comparison/run_2/train"
    }
}