{
    "model_name": "deformable-detr",
    "MAE": 21.115384615384617,
    "MAPE": 29.349537251804293,
    "RMSE": 32.2439022261455,
    "pred": [
        47,
        46,
        11,
        11,
        13,
        29,
        16,
        59,
        187,
        267,
        113,
        53,
        95,
        107,
        181,
        150,
        168,
        141,
        151,
        156,
        120,
        248,
        228,
        113,
        171,
        73,
        23,
        12,
        20,
        68,
        79,
        100,
        133,
        118,
        117,
        93,
        115,
        97,
        130,
        132,
        165,
        160,
        165,
        209,
        59,
        72,
        177,
        63,
        38,
        43,
        41,
        71,
        16,
        35,
        53,
        46,
        21,
        33,
        22,
        23,
        61,
        76,
        21,
        25,
        25,
        28,
        104,
        18,
        51,
        163,
        220,
        103,
        82,
        145,
        104,
        154,
        110,
        159,
        39,
        51,
        77,
        137,
        267,
        104,
        70,
        72,
        46,
        66,
        32,
        71,
        2,
        36,
        22,
        99,
        51,
        75,
        55,
        158,
        38,
        84,
        30,
        72,
        99,
        31,
        81,
        74,
        211,
        214,
        200,
        67,
        50,
        154,
        46,
        14,
        28,
        65,
        55,
        99,
        39,
        104,
        74,
        124,
        294,
        94,
        254,
        18,
        106,
        124,
        167,
        76
    ],
    "real": [
        47,
        43,
        17,
        12,
        18,
        32,
        21,
        62,
        147,
        290,
        115,
        60,
        92,
        52,
        71,
        97,
        100,
        83,
        106,
        95,
        83,
        167,
        167,
        75,
        111,
        64,
        30,
        18,
        35,
        64,
        99,
        96,
        113,
        121,
        93,
        91,
        93,
        96,
        120,
        123,
        122,
        127,
        125,
        49,
        56,
        58,
        124,
        75,
        44,
        61,
        40,
        73,
        19,
        29,
        71,
        48,
        26,
        32,
        32,
        37,
        65,
        69,
        30,
        30,
        41,
        26,
        79,
        26,
        49,
        117,
        185,
        95,
        57,
        95,
        100,
        102,
        102,
        136,
        43,
        49,
        76,
        83,
        240,
        76,
        58,
        58,
        47,
        61,
        47,
        72,
        18,
        35,
        31,
        55,
        38,
        51,
        36,
        98,
        48,
        84,
        46,
        76,
        96,
        46,
        54,
        58,
        173,
        202,
        131,
        74,
        56,
        110,
        43,
        16,
        23,
        48,
        50,
        81,
        39,
        68,
        46,
        119,
        268,
        54,
        263,
        29,
        77,
        70,
        92,
        68
    ],
    "save_path": "..\\..\\results\\params_comparison/run_2/train/deformable-detr_0.5g_0.5r_0.2c_alls.json",
    "args": {
        "model_name": "deformable-detr",
        "grid_scale": 0.5,
        "confiance": 0.2,
        "resize_scale": 0.5,
        "images_path": "..\\..\\data\\datasets\\full_yolo\\train_valid\\images",
        "annotations_path": "..\\..\\data\\datasets\\full_yolo\\train_valid\\labels",
        "random_seed": 1010,
        "data_augmentation": true,
        "samples": "all",
        "show_image": false,
        "verbose": false,
        "save_path": "..\\..\\results\\params_comparison/run_2/train"
    }
}