{
    "model_name": "deformable-detr",
    "MAE": 35.43846153846154,
    "MAPE": 42.32464798730075,
    "RMSE": 47.809155865957145,
    "pred": [
        40,
        33,
        14,
        10,
        12,
        21,
        18,
        37,
        71,
        92,
        53,
        29,
        40,
        44,
        49,
        63,
        69,
        51,
        58,
        63,
        53,
        93,
        109,
        54,
        68,
        37,
        13,
        11,
        17,
        34,
        44,
        41,
        49,
        49,
        45,
        31,
        49,
        35,
        48,
        41,
        63,
        66,
        65,
        40,
        36,
        34,
        53,
        34,
        25,
        28,
        26,
        39,
        13,
        21,
        37,
        21,
        10,
        21,
        26,
        21,
        33,
        40,
        22,
        14,
        16,
        13,
        42,
        12,
        28,
        90,
        90,
        52,
        38,
        67,
        45,
        58,
        52,
        59,
        29,
        23,
        43,
        57,
        98,
        54,
        48,
        34,
        33,
        44,
        12,
        41,
        3,
        27,
        13,
        35,
        20,
        33,
        21,
        64,
        15,
        44,
        19,
        34,
        52,
        28,
        31,
        32,
        90,
        66,
        68,
        46,
        28,
        60,
        35,
        12,
        13,
        33,
        33,
        60,
        26,
        49,
        38,
        46,
        117,
        35,
        105,
        19,
        61,
        59,
        62,
        58
    ],
    "real": [
        47,
        43,
        17,
        12,
        18,
        32,
        21,
        62,
        147,
        290,
        115,
        60,
        92,
        52,
        71,
        97,
        100,
        83,
        106,
        95,
        83,
        167,
        167,
        75,
        111,
        64,
        30,
        18,
        35,
        64,
        99,
        96,
        113,
        121,
        93,
        91,
        93,
        96,
        120,
        123,
        122,
        127,
        125,
        49,
        56,
        58,
        124,
        75,
        44,
        61,
        40,
        73,
        19,
        29,
        71,
        48,
        26,
        32,
        32,
        37,
        65,
        69,
        30,
        30,
        41,
        26,
        79,
        26,
        49,
        117,
        185,
        95,
        57,
        95,
        100,
        102,
        102,
        136,
        43,
        49,
        76,
        83,
        240,
        76,
        58,
        58,
        47,
        61,
        47,
        72,
        18,
        35,
        31,
        55,
        38,
        51,
        36,
        98,
        48,
        84,
        46,
        76,
        96,
        46,
        54,
        58,
        173,
        202,
        131,
        74,
        56,
        110,
        43,
        16,
        23,
        48,
        50,
        81,
        39,
        68,
        46,
        119,
        268,
        54,
        263,
        29,
        77,
        70,
        92,
        68
    ],
    "save_path": "..\\..\\results\\params_comparison/run_2/train/deformable-detr_0.4g_0.5r_0.45c_alls.json",
    "args": {
        "model_name": "deformable-detr",
        "grid_scale": 0.4,
        "confiance": 0.45,
        "resize_scale": 0.5,
        "images_path": "..\\..\\data\\datasets\\full_yolo\\train_valid\\images",
        "annotations_path": "..\\..\\data\\datasets\\full_yolo\\train_valid\\labels",
        "random_seed": 1010,
        "data_augmentation": true,
        "samples": "all",
        "show_image": false,
        "verbose": false,
        "save_path": "..\\..\\results\\params_comparison/run_2/train"
    }
}