{
    "model_name": "deformable-detr",
    "MAE": 16.476923076923075,
    "MAPE": 23.546587824513715,
    "RMSE": 22.660368657466886,
    "pred": [
        46,
        41,
        9,
        12,
        19,
        24,
        20,
        53,
        161,
        227,
        79,
        44,
        50,
        109,
        152,
        141,
        130,
        118,
        122,
        119,
        91,
        213,
        193,
        96,
        150,
        51,
        20,
        10,
        21,
        62,
        70,
        70,
        78,
        114,
        94,
        71,
        99,
        72,
        104,
        115,
        123,
        136,
        138,
        145,
        50,
        58,
        139,
        54,
        27,
        36,
        39,
        71,
        14,
        25,
        49,
        42,
        20,
        26,
        18,
        30,
        56,
        58,
        25,
        27,
        29,
        20,
        73,
        17,
        44,
        125,
        194,
        98,
        63,
        115,
        79,
        133,
        94,
        98,
        32,
        38,
        56,
        101,
        214,
        87,
        69,
        45,
        42,
        54,
        18,
        49,
        1,
        33,
        18,
        57,
        42,
        55,
        33,
        123,
        28,
        64,
        29,
        54,
        111,
        35,
        50,
        66,
        210,
        141,
        166,
        48,
        39,
        125,
        39,
        11,
        26,
        61,
        57,
        91,
        37,
        93,
        54,
        104,
        249,
        69,
        237,
        23,
        98,
        96,
        122,
        79
    ],
    "real": [
        47,
        43,
        17,
        12,
        18,
        32,
        21,
        62,
        147,
        290,
        115,
        60,
        92,
        52,
        71,
        97,
        100,
        83,
        106,
        95,
        83,
        167,
        167,
        75,
        111,
        64,
        30,
        18,
        35,
        64,
        99,
        96,
        113,
        121,
        93,
        91,
        93,
        96,
        120,
        123,
        122,
        127,
        125,
        49,
        56,
        58,
        124,
        75,
        44,
        61,
        40,
        73,
        19,
        29,
        71,
        48,
        26,
        32,
        32,
        37,
        65,
        69,
        30,
        30,
        41,
        26,
        79,
        26,
        49,
        117,
        185,
        95,
        57,
        95,
        100,
        102,
        102,
        136,
        43,
        49,
        76,
        83,
        240,
        76,
        58,
        58,
        47,
        61,
        47,
        72,
        18,
        35,
        31,
        55,
        38,
        51,
        36,
        98,
        48,
        84,
        46,
        76,
        96,
        46,
        54,
        58,
        173,
        202,
        131,
        74,
        56,
        110,
        43,
        16,
        23,
        48,
        50,
        81,
        39,
        68,
        46,
        119,
        268,
        54,
        263,
        29,
        77,
        70,
        92,
        68
    ],
    "save_path": "..\\..\\results\\params_comparison/run_2/train/deformable-detr_0.5g_0.5r_0.25c_alls.json",
    "args": {
        "model_name": "deformable-detr",
        "grid_scale": 0.5,
        "confiance": 0.25,
        "resize_scale": 0.5,
        "images_path": "..\\..\\data\\datasets\\full_yolo\\train_valid\\images",
        "annotations_path": "..\\..\\data\\datasets\\full_yolo\\train_valid\\labels",
        "random_seed": 1010,
        "data_augmentation": true,
        "samples": "all",
        "show_image": false,
        "verbose": false,
        "save_path": "..\\..\\results\\params_comparison/run_2/train"
    }
}