{
    "model_name": "deformable-detr",
    "MAE": 36.01538461538462,
    "MAPE": 44.53569820836609,
    "RMSE": 47.99647422948417,
    "pred": [
        30,
        34,
        10,
        8,
        4,
        20,
        16,
        46,
        90,
        103,
        43,
        30,
        33,
        32,
        68,
        64,
        73,
        54,
        68,
        73,
        54,
        109,
        103,
        50,
        79,
        33,
        13,
        6,
        14,
        33,
        27,
        33,
        46,
        45,
        49,
        38,
        43,
        36,
        48,
        45,
        81,
        67,
        52,
        53,
        39,
        36,
        50,
        34,
        20,
        26,
        24,
        46,
        13,
        19,
        22,
        21,
        10,
        16,
        19,
        19,
        34,
        42,
        25,
        25,
        18,
        15,
        54,
        9,
        33,
        84,
        75,
        46,
        45,
        75,
        48,
        64,
        46,
        53,
        18,
        20,
        34,
        60,
        98,
        48,
        47,
        29,
        29,
        38,
        9,
        43,
        0,
        20,
        11,
        34,
        23,
        26,
        28,
        76,
        9,
        28,
        16,
        39,
        32,
        27,
        30,
        32,
        108,
        61,
        64,
        41,
        22,
        60,
        34,
        15,
        14,
        33,
        32,
        62,
        25,
        52,
        36,
        39,
        112,
        31,
        122,
        15,
        57,
        55,
        73,
        49
    ],
    "real": [
        47,
        43,
        17,
        12,
        18,
        32,
        21,
        62,
        147,
        290,
        115,
        60,
        92,
        52,
        71,
        97,
        100,
        83,
        106,
        95,
        83,
        167,
        167,
        75,
        111,
        64,
        30,
        18,
        35,
        64,
        99,
        96,
        113,
        121,
        93,
        91,
        93,
        96,
        120,
        123,
        122,
        127,
        125,
        49,
        56,
        58,
        124,
        75,
        44,
        61,
        40,
        73,
        19,
        29,
        71,
        48,
        26,
        32,
        32,
        37,
        65,
        69,
        30,
        30,
        41,
        26,
        79,
        26,
        49,
        117,
        185,
        95,
        57,
        95,
        100,
        102,
        102,
        136,
        43,
        49,
        76,
        83,
        240,
        76,
        58,
        58,
        47,
        61,
        47,
        72,
        18,
        35,
        31,
        55,
        38,
        51,
        36,
        98,
        48,
        84,
        46,
        76,
        96,
        46,
        54,
        58,
        173,
        202,
        131,
        74,
        56,
        110,
        43,
        16,
        23,
        48,
        50,
        81,
        39,
        68,
        46,
        119,
        268,
        54,
        263,
        29,
        77,
        70,
        92,
        68
    ],
    "save_path": "..\\..\\results\\params_comparison/run_2/train/deformable-detr_0.5g_0.5r_0.4c_alls.json",
    "args": {
        "model_name": "deformable-detr",
        "grid_scale": 0.5,
        "confiance": 0.4,
        "resize_scale": 0.5,
        "images_path": "..\\..\\data\\datasets\\full_yolo\\train_valid\\images",
        "annotations_path": "..\\..\\data\\datasets\\full_yolo\\train_valid\\labels",
        "random_seed": 1010,
        "data_augmentation": true,
        "samples": "all",
        "show_image": false,
        "verbose": false,
        "save_path": "..\\..\\results\\params_comparison/run_2/train"
    }
}