{
    "model_name": "deformable-detr",
    "MAE": 29.307692307692307,
    "MAPE": 34.77341118846782,
    "RMSE": 40.322164166583654,
    "pred": [
        37,
        34,
        14,
        11,
        14,
        22,
        15,
        40,
        80,
        125,
        59,
        30,
        47,
        31,
        56,
        60,
        64,
        56,
        70,
        69,
        60,
        118,
        105,
        51,
        76,
        38,
        22,
        10,
        17,
        40,
        49,
        55,
        62,
        66,
        61,
        49,
        62,
        47,
        74,
        70,
        82,
        82,
        75,
        33,
        36,
        39,
        64,
        43,
        31,
        37,
        29,
        53,
        15,
        24,
        44,
        27,
        17,
        24,
        17,
        31,
        35,
        48,
        19,
        22,
        22,
        15,
        60,
        13,
        31,
        93,
        104,
        60,
        42,
        73,
        51,
        69,
        64,
        73,
        39,
        32,
        49,
        59,
        118,
        61,
        46,
        45,
        36,
        44,
        27,
        48,
        6,
        20,
        20,
        36,
        17,
        35,
        21,
        79,
        30,
        53,
        29,
        48,
        60,
        36,
        40,
        34,
        93,
        84,
        60,
        46,
        36,
        67,
        34,
        13,
        14,
        34,
        37,
        64,
        29,
        57,
        35,
        60,
        118,
        45,
        129,
        18,
        63,
        54,
        67,
        53
    ],
    "real": [
        47,
        43,
        17,
        12,
        18,
        32,
        21,
        62,
        147,
        290,
        115,
        60,
        92,
        52,
        71,
        97,
        100,
        83,
        106,
        95,
        83,
        167,
        167,
        75,
        111,
        64,
        30,
        18,
        35,
        64,
        99,
        96,
        113,
        121,
        93,
        91,
        93,
        96,
        120,
        123,
        122,
        127,
        125,
        49,
        56,
        58,
        124,
        75,
        44,
        61,
        40,
        73,
        19,
        29,
        71,
        48,
        26,
        32,
        32,
        37,
        65,
        69,
        30,
        30,
        41,
        26,
        79,
        26,
        49,
        117,
        185,
        95,
        57,
        95,
        100,
        102,
        102,
        136,
        43,
        49,
        76,
        83,
        240,
        76,
        58,
        58,
        47,
        61,
        47,
        72,
        18,
        35,
        31,
        55,
        38,
        51,
        36,
        98,
        48,
        84,
        46,
        76,
        96,
        46,
        54,
        58,
        173,
        202,
        131,
        74,
        56,
        110,
        43,
        16,
        23,
        48,
        50,
        81,
        39,
        68,
        46,
        119,
        268,
        54,
        263,
        29,
        77,
        70,
        92,
        68
    ],
    "save_path": "..\\..\\results\\params_comparison/run_2/train/deformable-detr_0.3g_0.5r_0.5c_alls.json",
    "args": {
        "model_name": "deformable-detr",
        "grid_scale": 0.3,
        "confiance": 0.5,
        "resize_scale": 0.5,
        "images_path": "..\\..\\data\\datasets\\full_yolo\\train_valid\\images",
        "annotations_path": "..\\..\\data\\datasets\\full_yolo\\train_valid\\labels",
        "random_seed": 1010,
        "data_augmentation": true,
        "samples": "all",
        "show_image": false,
        "verbose": false,
        "save_path": "..\\..\\results\\params_comparison/run_2/train"
    }
}