{
    "model_name": "detr-resnet-50",
    "MAE": 10.561538461538461,
    "MAPE": 15.211922727261204,
    "RMSE": 15.024339227758711,
    "pred": [
        40,
        42,
        18,
        9,
        15,
        32,
        23,
        58,
        178,
        261,
        114,
        48,
        70,
        86,
        102,
        90,
        98,
        75,
        115,
        101,
        85,
        165,
        160,
        65,
        111,
        63,
        27,
        16,
        31,
        53,
        78,
        81,
        95,
        93,
        83,
        67,
        61,
        79,
        94,
        97,
        102,
        107,
        107,
        43,
        53,
        51,
        110,
        67,
        45,
        51,
        38,
        67,
        17,
        27,
        64,
        27,
        20,
        30,
        23,
        28,
        36,
        62,
        11,
        20,
        37,
        21,
        50,
        22,
        37,
        130,
        194,
        88,
        58,
        95,
        98,
        103,
        88,
        126,
        36,
        48,
        62,
        82,
        228,
        73,
        39,
        59,
        40,
        62,
        33,
        66,
        6,
        27,
        26,
        45,
        24,
        37,
        36,
        88,
        37,
        85,
        39,
        70,
        77,
        30,
        44,
        64,
        159,
        175,
        134,
        60,
        43,
        109,
        40,
        15,
        20,
        42,
        40,
        70,
        27,
        72,
        33,
        110,
        352,
        46,
        300,
        22,
        63,
        78,
        102,
        73
    ],
    "real": [
        47,
        43,
        17,
        12,
        18,
        32,
        21,
        62,
        147,
        290,
        115,
        60,
        92,
        52,
        71,
        97,
        100,
        83,
        106,
        95,
        83,
        167,
        167,
        75,
        111,
        64,
        30,
        18,
        35,
        64,
        99,
        96,
        113,
        121,
        93,
        91,
        93,
        96,
        120,
        123,
        122,
        127,
        125,
        49,
        56,
        58,
        124,
        75,
        44,
        61,
        40,
        73,
        19,
        29,
        71,
        48,
        26,
        32,
        32,
        37,
        65,
        69,
        30,
        30,
        41,
        26,
        79,
        26,
        49,
        117,
        185,
        95,
        57,
        95,
        100,
        102,
        102,
        136,
        43,
        49,
        76,
        83,
        240,
        76,
        58,
        58,
        47,
        61,
        47,
        72,
        18,
        35,
        31,
        55,
        38,
        51,
        36,
        98,
        48,
        84,
        46,
        76,
        96,
        46,
        54,
        58,
        173,
        202,
        131,
        74,
        56,
        110,
        43,
        16,
        23,
        48,
        50,
        81,
        39,
        68,
        46,
        119,
        268,
        54,
        263,
        29,
        77,
        70,
        92,
        68
    ],
    "save_path": "..\\..\\results\\params_comparison/run_2/train/detr-resnet-50_0.2g_0.5r_0.4c_alls.json",
    "args": {
        "model_name": "detr-resnet-50",
        "grid_scale": 0.2,
        "confiance": 0.4,
        "resize_scale": 0.5,
        "images_path": "..\\..\\data\\datasets\\full_yolo\\train_valid\\images",
        "annotations_path": "..\\..\\data\\datasets\\full_yolo\\train_valid\\labels",
        "random_seed": 1010,
        "data_augmentation": true,
        "samples": "all",
        "show_image": false,
        "verbose": false,
        "save_path": "..\\..\\results\\params_comparison/run_2/train"
    }
}