{
    "model_name": "detr-resnet-50",
    "MAE": 12.061538461538461,
    "MAPE": 17.319006402358536,
    "RMSE": 18.17860111398945,
    "pred": [
        45,
        41,
        15,
        9,
        14,
        30,
        20,
        58,
        169,
        295,
        121,
        60,
        75,
        102,
        146,
        127,
        116,
        117,
        121,
        127,
        99,
        192,
        180,
        85,
        134,
        41,
        31,
        13,
        26,
        59,
        70,
        81,
        72,
        76,
        76,
        59,
        103,
        53,
        97,
        111,
        117,
        112,
        121,
        51,
        59,
        62,
        123,
        65,
        43,
        53,
        39,
        72,
        18,
        34,
        58,
        34,
        19,
        27,
        31,
        27,
        54,
        62,
        24,
        25,
        34,
        26,
        60,
        15,
        36,
        116,
        208,
        120,
        51,
        89,
        98,
        155,
        96,
        120,
        39,
        50,
        69,
        105,
        227,
        78,
        47,
        49,
        40,
        61,
        19,
        61,
        0,
        31,
        24,
        53,
        32,
        42,
        35,
        112,
        30,
        71,
        35,
        68,
        87,
        30,
        40,
        73,
        186,
        193,
        215,
        74,
        51,
        110,
        42,
        14,
        30,
        55,
        46,
        83,
        40,
        75,
        53,
        109,
        271,
        64,
        272,
        29,
        82,
        88,
        119,
        78
    ],
    "real": [
        47,
        43,
        17,
        12,
        18,
        32,
        21,
        62,
        147,
        290,
        115,
        60,
        92,
        52,
        71,
        97,
        100,
        83,
        106,
        95,
        83,
        167,
        167,
        75,
        111,
        64,
        30,
        18,
        35,
        64,
        99,
        96,
        113,
        121,
        93,
        91,
        93,
        96,
        120,
        123,
        122,
        127,
        125,
        49,
        56,
        58,
        124,
        75,
        44,
        61,
        40,
        73,
        19,
        29,
        71,
        48,
        26,
        32,
        32,
        37,
        65,
        69,
        30,
        30,
        41,
        26,
        79,
        26,
        49,
        117,
        185,
        95,
        57,
        95,
        100,
        102,
        102,
        136,
        43,
        49,
        76,
        83,
        240,
        76,
        58,
        58,
        47,
        61,
        47,
        72,
        18,
        35,
        31,
        55,
        38,
        51,
        36,
        98,
        48,
        84,
        46,
        76,
        96,
        46,
        54,
        58,
        173,
        202,
        131,
        74,
        56,
        110,
        43,
        16,
        23,
        48,
        50,
        81,
        39,
        68,
        46,
        119,
        268,
        54,
        263,
        29,
        77,
        70,
        92,
        68
    ],
    "save_path": "..\\..\\results\\params_comparison/run_2/train/detr-resnet-50_0.4g_0.5r_0.4c_alls.json",
    "args": {
        "model_name": "detr-resnet-50",
        "grid_scale": 0.4,
        "confiance": 0.4,
        "resize_scale": 0.5,
        "images_path": "..\\..\\data\\datasets\\full_yolo\\train_valid\\images",
        "annotations_path": "..\\..\\data\\datasets\\full_yolo\\train_valid\\labels",
        "random_seed": 1010,
        "data_augmentation": true,
        "samples": "all",
        "show_image": false,
        "verbose": false,
        "save_path": "..\\..\\results\\params_comparison/run_2/train"
    }
}