{
    "model_name": "detr-resnet-50",
    "MAE": 18.46923076923077,
    "MAPE": 25.365059214300448,
    "RMSE": 26.27853760127337,
    "pred": [
        49,
        34,
        14,
        10,
        16,
        30,
        15,
        53,
        152,
        201,
        49,
        60,
        97,
        73,
        189,
        140,
        144,
        96,
        122,
        126,
        83,
        191,
        198,
        89,
        143,
        43,
        22,
        12,
        17,
        56,
        47,
        75,
        68,
        66,
        79,
        37,
        56,
        27,
        70,
        67,
        119,
        131,
        111,
        58,
        52,
        57,
        150,
        73,
        31,
        42,
        31,
        50,
        17,
        28,
        51,
        26,
        15,
        29,
        31,
        22,
        45,
        66,
        21,
        21,
        43,
        22,
        66,
        13,
        35,
        111,
        154,
        85,
        70,
        123,
        100,
        145,
        91,
        116,
        37,
        30,
        71,
        101,
        207,
        84,
        56,
        45,
        41,
        50,
        0,
        63,
        0,
        30,
        20,
        81,
        47,
        36,
        31,
        127,
        36,
        61,
        23,
        58,
        59,
        29,
        62,
        47,
        171,
        141,
        144,
        54,
        55,
        140,
        42,
        11,
        28,
        41,
        55,
        103,
        31,
        78,
        59,
        81,
        280,
        74,
        252,
        22,
        93,
        107,
        125,
        96
    ],
    "real": [
        47,
        43,
        17,
        12,
        18,
        32,
        21,
        62,
        147,
        290,
        115,
        60,
        92,
        52,
        71,
        97,
        100,
        83,
        106,
        95,
        83,
        167,
        167,
        75,
        111,
        64,
        30,
        18,
        35,
        64,
        99,
        96,
        113,
        121,
        93,
        91,
        93,
        96,
        120,
        123,
        122,
        127,
        125,
        49,
        56,
        58,
        124,
        75,
        44,
        61,
        40,
        73,
        19,
        29,
        71,
        48,
        26,
        32,
        32,
        37,
        65,
        69,
        30,
        30,
        41,
        26,
        79,
        26,
        49,
        117,
        185,
        95,
        57,
        95,
        100,
        102,
        102,
        136,
        43,
        49,
        76,
        83,
        240,
        76,
        58,
        58,
        47,
        61,
        47,
        72,
        18,
        35,
        31,
        55,
        38,
        51,
        36,
        98,
        48,
        84,
        46,
        76,
        96,
        46,
        54,
        58,
        173,
        202,
        131,
        74,
        56,
        110,
        43,
        16,
        23,
        48,
        50,
        81,
        39,
        68,
        46,
        119,
        268,
        54,
        263,
        29,
        77,
        70,
        92,
        68
    ],
    "save_path": "..\\..\\results\\params_comparison/run_2/train/detr-resnet-50_0.5g_0.5r_0.6c_alls.json",
    "args": {
        "model_name": "detr-resnet-50",
        "grid_scale": 0.5,
        "confiance": 0.6,
        "resize_scale": 0.5,
        "images_path": "..\\..\\data\\datasets\\full_yolo\\train_valid\\images",
        "annotations_path": "..\\..\\data\\datasets\\full_yolo\\train_valid\\labels",
        "random_seed": 1010,
        "data_augmentation": true,
        "samples": "all",
        "show_image": false,
        "verbose": false,
        "save_path": "..\\..\\results\\params_comparison/run_2/train"
    }
}