{
    "model_name": "detr-resnet-50",
    "MAE": 21.6,
    "MAPE": 29.068233721669618,
    "RMSE": 27.912776231021468,
    "pred": [
        41,
        32,
        15,
        10,
        14,
        20,
        15,
        50,
        115,
        201,
        80,
        40,
        69,
        51,
        103,
        71,
        83,
        78,
        87,
        96,
        83,
        140,
        148,
        63,
        87,
        32,
        26,
        10,
        21,
        47,
        62,
        61,
        34,
        49,
        61,
        36,
        55,
        49,
        66,
        84,
        84,
        81,
        101,
        42,
        38,
        47,
        78,
        51,
        27,
        33,
        18,
        59,
        12,
        26,
        47,
        28,
        9,
        22,
        22,
        24,
        46,
        55,
        28,
        25,
        24,
        13,
        34,
        10,
        24,
        103,
        117,
        79,
        50,
        71,
        64,
        80,
        69,
        103,
        38,
        28,
        55,
        74,
        150,
        70,
        50,
        47,
        32,
        47,
        18,
        49,
        0,
        25,
        23,
        36,
        23,
        34,
        33,
        79,
        29,
        56,
        18,
        56,
        68,
        30,
        42,
        42,
        105,
        140,
        151,
        57,
        35,
        89,
        30,
        8,
        19,
        33,
        35,
        67,
        33,
        69,
        39,
        77,
        215,
        43,
        242,
        21,
        71,
        59,
        79,
        53
    ],
    "real": [
        47,
        43,
        17,
        12,
        18,
        32,
        21,
        62,
        147,
        290,
        115,
        60,
        92,
        52,
        71,
        97,
        100,
        83,
        106,
        95,
        83,
        167,
        167,
        75,
        111,
        64,
        30,
        18,
        35,
        64,
        99,
        96,
        113,
        121,
        93,
        91,
        93,
        96,
        120,
        123,
        122,
        127,
        125,
        49,
        56,
        58,
        124,
        75,
        44,
        61,
        40,
        73,
        19,
        29,
        71,
        48,
        26,
        32,
        32,
        37,
        65,
        69,
        30,
        30,
        41,
        26,
        79,
        26,
        49,
        117,
        185,
        95,
        57,
        95,
        100,
        102,
        102,
        136,
        43,
        49,
        76,
        83,
        240,
        76,
        58,
        58,
        47,
        61,
        47,
        72,
        18,
        35,
        31,
        55,
        38,
        51,
        36,
        98,
        48,
        84,
        46,
        76,
        96,
        46,
        54,
        58,
        173,
        202,
        131,
        74,
        56,
        110,
        43,
        16,
        23,
        48,
        50,
        81,
        39,
        68,
        46,
        119,
        268,
        54,
        263,
        29,
        77,
        70,
        92,
        68
    ],
    "save_path": "..\\..\\results\\params_comparison/run_2/train/detr-resnet-50_0.4g_0.5r_0.8c_alls.json",
    "args": {
        "model_name": "detr-resnet-50",
        "grid_scale": 0.4,
        "confiance": 0.8,
        "resize_scale": 0.5,
        "images_path": "..\\..\\data\\datasets\\full_yolo\\train_valid\\images",
        "annotations_path": "..\\..\\data\\datasets\\full_yolo\\train_valid\\labels",
        "random_seed": 1010,
        "data_augmentation": true,
        "samples": "all",
        "show_image": false,
        "verbose": false,
        "save_path": "..\\..\\results\\params_comparison/run_2/train"
    }
}