{
    "model_name": "detr-resnet-50",
    "MAE": 22.092307692307692,
    "MAPE": 30.346026532049137,
    "RMSE": 30.912034002210955,
    "pred": [
        43,
        37,
        10,
        5,
        8,
        30,
        14,
        49,
        124,
        200,
        50,
        35,
        41,
        66,
        138,
        116,
        99,
        82,
        110,
        105,
        78,
        179,
        171,
        83,
        130,
        30,
        21,
        9,
        13,
        47,
        44,
        37,
        62,
        27,
        52,
        18,
        42,
        36,
        52,
        54,
        114,
        95,
        102,
        37,
        50,
        55,
        87,
        51,
        33,
        45,
        31,
        61,
        18,
        26,
        53,
        16,
        6,
        22,
        30,
        27,
        35,
        52,
        21,
        20,
        28,
        14,
        34,
        7,
        26,
        107,
        154,
        67,
        52,
        94,
        77,
        105,
        65,
        97,
        30,
        25,
        46,
        82,
        174,
        86,
        46,
        48,
        44,
        51,
        3,
        60,
        0,
        21,
        13,
        41,
        19,
        53,
        28,
        104,
        13,
        35,
        19,
        58,
        55,
        24,
        42,
        46,
        117,
        148,
        141,
        48,
        34,
        98,
        37,
        8,
        19,
        45,
        46,
        92,
        37,
        69,
        45,
        51,
        186,
        54,
        183,
        18,
        67,
        76,
        95,
        56
    ],
    "real": [
        47,
        43,
        17,
        12,
        18,
        32,
        21,
        62,
        147,
        290,
        115,
        60,
        92,
        52,
        71,
        97,
        100,
        83,
        106,
        95,
        83,
        167,
        167,
        75,
        111,
        64,
        30,
        18,
        35,
        64,
        99,
        96,
        113,
        121,
        93,
        91,
        93,
        96,
        120,
        123,
        122,
        127,
        125,
        49,
        56,
        58,
        124,
        75,
        44,
        61,
        40,
        73,
        19,
        29,
        71,
        48,
        26,
        32,
        32,
        37,
        65,
        69,
        30,
        30,
        41,
        26,
        79,
        26,
        49,
        117,
        185,
        95,
        57,
        95,
        100,
        102,
        102,
        136,
        43,
        49,
        76,
        83,
        240,
        76,
        58,
        58,
        47,
        61,
        47,
        72,
        18,
        35,
        31,
        55,
        38,
        51,
        36,
        98,
        48,
        84,
        46,
        76,
        96,
        46,
        54,
        58,
        173,
        202,
        131,
        74,
        56,
        110,
        43,
        16,
        23,
        48,
        50,
        81,
        39,
        68,
        46,
        119,
        268,
        54,
        263,
        29,
        77,
        70,
        92,
        68
    ],
    "save_path": "..\\..\\results\\params_comparison/run_2/train/detr-resnet-50_0.5g_0.5r_0.8c_alls.json",
    "args": {
        "model_name": "detr-resnet-50",
        "grid_scale": 0.5,
        "confiance": 0.8,
        "resize_scale": 0.5,
        "images_path": "..\\..\\data\\datasets\\full_yolo\\train_valid\\images",
        "annotations_path": "..\\..\\data\\datasets\\full_yolo\\train_valid\\labels",
        "random_seed": 1010,
        "data_augmentation": true,
        "samples": "all",
        "show_image": false,
        "verbose": false,
        "save_path": "..\\..\\results\\params_comparison/run_2/train"
    }
}