{
    "model_name": "detr-resnet-50",
    "MAE": 11.276923076923078,
    "MAPE": 16.926365603785893,
    "RMSE": 14.440860830935998,
    "pred": [
        40,
        40,
        16,
        10,
        13,
        28,
        24,
        54,
        175,
        290,
        99,
        48,
        81,
        59,
        79,
        114,
        110,
        85,
        102,
        93,
        76,
        161,
        177,
        68,
        127,
        60,
        24,
        15,
        30,
        54,
        89,
        74,
        86,
        96,
        81,
        74,
        54,
        68,
        90,
        93,
        94,
        88,
        116,
        45,
        41,
        60,
        107,
        56,
        37,
        53,
        35,
        60,
        21,
        21,
        64,
        26,
        23,
        26,
        28,
        23,
        47,
        45,
        9,
        15,
        31,
        22,
        63,
        18,
        32,
        126,
        182,
        82,
        52,
        84,
        89,
        104,
        81,
        126,
        45,
        48,
        75,
        97,
        217,
        64,
        41,
        47,
        40,
        57,
        41,
        60,
        2,
        32,
        25,
        50,
        23,
        34,
        27,
        95,
        37,
        75,
        35,
        67,
        87,
        35,
        35,
        49,
        141,
        173,
        121,
        62,
        45,
        109,
        43,
        12,
        20,
        43,
        33,
        74,
        33,
        74,
        42,
        99,
        323,
        47,
        274,
        21,
        68,
        61,
        83,
        73
    ],
    "real": [
        47,
        43,
        17,
        12,
        18,
        32,
        21,
        62,
        147,
        290,
        115,
        60,
        92,
        52,
        71,
        97,
        100,
        83,
        106,
        95,
        83,
        167,
        167,
        75,
        111,
        64,
        30,
        18,
        35,
        64,
        99,
        96,
        113,
        121,
        93,
        91,
        93,
        96,
        120,
        123,
        122,
        127,
        125,
        49,
        56,
        58,
        124,
        75,
        44,
        61,
        40,
        73,
        19,
        29,
        71,
        48,
        26,
        32,
        32,
        37,
        65,
        69,
        30,
        30,
        41,
        26,
        79,
        26,
        49,
        117,
        185,
        95,
        57,
        95,
        100,
        102,
        102,
        136,
        43,
        49,
        76,
        83,
        240,
        76,
        58,
        58,
        47,
        61,
        47,
        72,
        18,
        35,
        31,
        55,
        38,
        51,
        36,
        98,
        48,
        84,
        46,
        76,
        96,
        46,
        54,
        58,
        173,
        202,
        131,
        74,
        56,
        110,
        43,
        16,
        23,
        48,
        50,
        81,
        39,
        68,
        46,
        119,
        268,
        54,
        263,
        29,
        77,
        70,
        92,
        68
    ],
    "save_path": "..\\..\\results\\params_comparison/run_2/train/detr-resnet-50_0.2g_0.5r_0.5c_alls.json",
    "args": {
        "model_name": "detr-resnet-50",
        "grid_scale": 0.2,
        "confiance": 0.5,
        "resize_scale": 0.5,
        "images_path": "..\\..\\data\\datasets\\full_yolo\\train_valid\\images",
        "annotations_path": "..\\..\\data\\datasets\\full_yolo\\train_valid\\labels",
        "random_seed": 1010,
        "data_augmentation": true,
        "samples": "all",
        "show_image": false,
        "verbose": false,
        "save_path": "..\\..\\results\\params_comparison/run_2/train"
    }
}