{
    "model_name": "detr-resnet-50",
    "MAE": 19.49230769230769,
    "MAPE": 27.28307851355679,
    "RMSE": 23.432390468685075,
    "pred": [
        37,
        37,
        11,
        10,
        10,
        27,
        20,
        47,
        128,
        221,
        83,
        37,
        68,
        46,
        70,
        83,
        88,
        75,
        83,
        87,
        65,
        138,
        133,
        60,
        90,
        50,
        20,
        14,
        24,
        42,
        75,
        77,
        80,
        81,
        72,
        60,
        44,
        57,
        76,
        80,
        88,
        89,
        90,
        36,
        38,
        48,
        92,
        56,
        31,
        45,
        34,
        54,
        17,
        18,
        57,
        23,
        17,
        23,
        21,
        22,
        31,
        47,
        4,
        17,
        30,
        19,
        44,
        21,
        25,
        98,
        154,
        77,
        45,
        83,
        76,
        91,
        68,
        105,
        33,
        37,
        63,
        71,
        174,
        59,
        38,
        57,
        35,
        46,
        29,
        48,
        3,
        25,
        21,
        32,
        25,
        26,
        25,
        83,
        30,
        59,
        32,
        55,
        63,
        28,
        39,
        31,
        121,
        127,
        102,
        56,
        46,
        92,
        35,
        10,
        18,
        37,
        34,
        67,
        24,
        50,
        36,
        97,
        249,
        34,
        220,
        18,
        55,
        55,
        74,
        53
    ],
    "real": [
        47,
        43,
        17,
        12,
        18,
        32,
        21,
        62,
        147,
        290,
        115,
        60,
        92,
        52,
        71,
        97,
        100,
        83,
        106,
        95,
        83,
        167,
        167,
        75,
        111,
        64,
        30,
        18,
        35,
        64,
        99,
        96,
        113,
        121,
        93,
        91,
        93,
        96,
        120,
        123,
        122,
        127,
        125,
        49,
        56,
        58,
        124,
        75,
        44,
        61,
        40,
        73,
        19,
        29,
        71,
        48,
        26,
        32,
        32,
        37,
        65,
        69,
        30,
        30,
        41,
        26,
        79,
        26,
        49,
        117,
        185,
        95,
        57,
        95,
        100,
        102,
        102,
        136,
        43,
        49,
        76,
        83,
        240,
        76,
        58,
        58,
        47,
        61,
        47,
        72,
        18,
        35,
        31,
        55,
        38,
        51,
        36,
        98,
        48,
        84,
        46,
        76,
        96,
        46,
        54,
        58,
        173,
        202,
        131,
        74,
        56,
        110,
        43,
        16,
        23,
        48,
        50,
        81,
        39,
        68,
        46,
        119,
        268,
        54,
        263,
        29,
        77,
        70,
        92,
        68
    ],
    "save_path": "..\\..\\results\\params_comparison/run_2/train/detr-resnet-50_0.2g_0.5r_0.8c_alls.json",
    "args": {
        "model_name": "detr-resnet-50",
        "grid_scale": 0.2,
        "confiance": 0.8,
        "resize_scale": 0.5,
        "images_path": "..\\..\\data\\datasets\\full_yolo\\train_valid\\images",
        "annotations_path": "..\\..\\data\\datasets\\full_yolo\\train_valid\\labels",
        "random_seed": 1010,
        "data_augmentation": true,
        "samples": "all",
        "show_image": false,
        "verbose": false,
        "save_path": "..\\..\\results\\params_comparison/run_2/train"
    }
}