{
    "model_name": "detr-resnet-50",
    "MAE": 14.438461538461539,
    "MAPE": 20.989286458144413,
    "RMSE": 19.870929675127083,
    "pred": [
        45,
        39,
        11,
        12,
        14,
        30,
        18,
        48,
        140,
        243,
        82,
        45,
        65,
        87,
        101,
        112,
        104,
        85,
        122,
        107,
        79,
        158,
        168,
        81,
        103,
        46,
        16,
        11,
        23,
        43,
        93,
        70,
        52,
        64,
        75,
        51,
        74,
        68,
        74,
        81,
        118,
        105,
        107,
        38,
        45,
        54,
        98,
        62,
        38,
        52,
        34,
        59,
        21,
        28,
        56,
        27,
        14,
        22,
        29,
        25,
        42,
        63,
        20,
        22,
        28,
        23,
        56,
        8,
        30,
        120,
        195,
        91,
        51,
        84,
        78,
        113,
        85,
        112,
        37,
        40,
        55,
        99,
        205,
        79,
        43,
        43,
        36,
        47,
        11,
        65,
        0,
        26,
        24,
        46,
        20,
        44,
        36,
        89,
        35,
        73,
        31,
        65,
        90,
        33,
        37,
        54,
        145,
        143,
        220,
        60,
        45,
        97,
        36,
        12,
        17,
        51,
        44,
        82,
        29,
        63,
        53,
        91,
        252,
        53,
        246,
        25,
        75,
        66,
        97,
        58
    ],
    "real": [
        47,
        43,
        17,
        12,
        18,
        32,
        21,
        62,
        147,
        290,
        115,
        60,
        92,
        52,
        71,
        97,
        100,
        83,
        106,
        95,
        83,
        167,
        167,
        75,
        111,
        64,
        30,
        18,
        35,
        64,
        99,
        96,
        113,
        121,
        93,
        91,
        93,
        96,
        120,
        123,
        122,
        127,
        125,
        49,
        56,
        58,
        124,
        75,
        44,
        61,
        40,
        73,
        19,
        29,
        71,
        48,
        26,
        32,
        32,
        37,
        65,
        69,
        30,
        30,
        41,
        26,
        79,
        26,
        49,
        117,
        185,
        95,
        57,
        95,
        100,
        102,
        102,
        136,
        43,
        49,
        76,
        83,
        240,
        76,
        58,
        58,
        47,
        61,
        47,
        72,
        18,
        35,
        31,
        55,
        38,
        51,
        36,
        98,
        48,
        84,
        46,
        76,
        96,
        46,
        54,
        58,
        173,
        202,
        131,
        74,
        56,
        110,
        43,
        16,
        23,
        48,
        50,
        81,
        39,
        68,
        46,
        119,
        268,
        54,
        263,
        29,
        77,
        70,
        92,
        68
    ],
    "save_path": "..\\..\\results\\params_comparison/run_2/train/detr-resnet-50_0.4g_0.5r_0.6c_alls.json",
    "args": {
        "model_name": "detr-resnet-50",
        "grid_scale": 0.4,
        "confiance": 0.6,
        "resize_scale": 0.5,
        "images_path": "..\\..\\data\\datasets\\full_yolo\\train_valid\\images",
        "annotations_path": "..\\..\\data\\datasets\\full_yolo\\train_valid\\labels",
        "random_seed": 1010,
        "data_augmentation": true,
        "samples": "all",
        "show_image": false,
        "verbose": false,
        "save_path": "..\\..\\results\\params_comparison/run_2/train"
    }
}