{
    "model_name": "detr-resnet-50",
    "MAE": 10.823076923076924,
    "MAPE": 15.754603542665953,
    "RMSE": 13.962311909069852,
    "pred": [
        43,
        41,
        14,
        14,
        13,
        31,
        21,
        53,
        132,
        268,
        94,
        49,
        76,
        74,
        98,
        98,
        99,
        84,
        100,
        89,
        81,
        156,
        140,
        72,
        114,
        51,
        33,
        12,
        28,
        57,
        78,
        84,
        84,
        90,
        69,
        69,
        84,
        70,
        97,
        98,
        105,
        101,
        113,
        41,
        49,
        53,
        101,
        63,
        41,
        59,
        31,
        68,
        22,
        27,
        60,
        35,
        18,
        27,
        24,
        31,
        43,
        61,
        22,
        28,
        34,
        15,
        48,
        16,
        38,
        120,
        156,
        81,
        56,
        92,
        75,
        107,
        90,
        123,
        32,
        43,
        63,
        82,
        221,
        72,
        49,
        52,
        37,
        55,
        33,
        49,
        1,
        30,
        26,
        42,
        23,
        39,
        37,
        95,
        33,
        68,
        37,
        73,
        89,
        41,
        38,
        50,
        135,
        164,
        141,
        61,
        46,
        95,
        41,
        13,
        18,
        47,
        45,
        75,
        38,
        66,
        41,
        104,
        278,
        46,
        298,
        24,
        76,
        73,
        115,
        70
    ],
    "real": [
        47,
        43,
        17,
        12,
        18,
        32,
        21,
        62,
        147,
        290,
        115,
        60,
        92,
        52,
        71,
        97,
        100,
        83,
        106,
        95,
        83,
        167,
        167,
        75,
        111,
        64,
        30,
        18,
        35,
        64,
        99,
        96,
        113,
        121,
        93,
        91,
        93,
        96,
        120,
        123,
        122,
        127,
        125,
        49,
        56,
        58,
        124,
        75,
        44,
        61,
        40,
        73,
        19,
        29,
        71,
        48,
        26,
        32,
        32,
        37,
        65,
        69,
        30,
        30,
        41,
        26,
        79,
        26,
        49,
        117,
        185,
        95,
        57,
        95,
        100,
        102,
        102,
        136,
        43,
        49,
        76,
        83,
        240,
        76,
        58,
        58,
        47,
        61,
        47,
        72,
        18,
        35,
        31,
        55,
        38,
        51,
        36,
        98,
        48,
        84,
        46,
        76,
        96,
        46,
        54,
        58,
        173,
        202,
        131,
        74,
        56,
        110,
        43,
        16,
        23,
        48,
        50,
        81,
        39,
        68,
        46,
        119,
        268,
        54,
        263,
        29,
        77,
        70,
        92,
        68
    ],
    "save_path": "..\\..\\results\\params_comparison/run_2/train/detr-resnet-50_0.3g_0.5r_0.6c_alls.json",
    "args": {
        "model_name": "detr-resnet-50",
        "grid_scale": 0.3,
        "confiance": 0.6,
        "resize_scale": 0.5,
        "images_path": "..\\..\\data\\datasets\\full_yolo\\train_valid\\images",
        "annotations_path": "..\\..\\data\\datasets\\full_yolo\\train_valid\\labels",
        "random_seed": 1010,
        "data_augmentation": true,
        "samples": "all",
        "show_image": false,
        "verbose": false,
        "save_path": "..\\..\\results\\params_comparison/run_2/train"
    }
}