{
    "model_name": "detr-resnet-50",
    "MAE": 19.723076923076924,
    "MAPE": 28.95037650211879,
    "RMSE": 28.087774509972785,
    "pred": [
        37,
        36,
        7,
        7,
        8,
        22,
        13,
        52,
        138,
        189,
        57,
        47,
        54,
        102,
        175,
        132,
        111,
        86,
        119,
        105,
        82,
        187,
        181,
        77,
        133,
        30,
        18,
        10,
        18,
        51,
        46,
        48,
        41,
        39,
        55,
        13,
        72,
        36,
        58,
        108,
        111,
        100,
        108,
        43,
        59,
        49,
        90,
        56,
        21,
        44,
        33,
        62,
        18,
        27,
        49,
        31,
        8,
        25,
        15,
        14,
        45,
        54,
        21,
        30,
        26,
        22,
        57,
        5,
        17,
        104,
        183,
        56,
        62,
        105,
        74,
        112,
        80,
        112,
        26,
        28,
        60,
        94,
        209,
        89,
        60,
        54,
        36,
        52,
        0,
        60,
        0,
        24,
        31,
        68,
        26,
        54,
        42,
        113,
        14,
        58,
        20,
        52,
        85,
        35,
        48,
        50,
        130,
        167,
        174,
        64,
        41,
        114,
        35,
        11,
        12,
        48,
        45,
        97,
        25,
        68,
        45,
        33,
        258,
        59,
        259,
        14,
        86,
        81,
        118,
        71
    ],
    "real": [
        47,
        43,
        17,
        12,
        18,
        32,
        21,
        62,
        147,
        290,
        115,
        60,
        92,
        52,
        71,
        97,
        100,
        83,
        106,
        95,
        83,
        167,
        167,
        75,
        111,
        64,
        30,
        18,
        35,
        64,
        99,
        96,
        113,
        121,
        93,
        91,
        93,
        96,
        120,
        123,
        122,
        127,
        125,
        49,
        56,
        58,
        124,
        75,
        44,
        61,
        40,
        73,
        19,
        29,
        71,
        48,
        26,
        32,
        32,
        37,
        65,
        69,
        30,
        30,
        41,
        26,
        79,
        26,
        49,
        117,
        185,
        95,
        57,
        95,
        100,
        102,
        102,
        136,
        43,
        49,
        76,
        83,
        240,
        76,
        58,
        58,
        47,
        61,
        47,
        72,
        18,
        35,
        31,
        55,
        38,
        51,
        36,
        98,
        48,
        84,
        46,
        76,
        96,
        46,
        54,
        58,
        173,
        202,
        131,
        74,
        56,
        110,
        43,
        16,
        23,
        48,
        50,
        81,
        39,
        68,
        46,
        119,
        268,
        54,
        263,
        29,
        77,
        70,
        92,
        68
    ],
    "save_path": "..\\..\\results\\params_comparison/run_2/train/detr-resnet-50_0.5g_0.5r_0.7c_alls.json",
    "args": {
        "model_name": "detr-resnet-50",
        "grid_scale": 0.5,
        "confiance": 0.7,
        "resize_scale": 0.5,
        "images_path": "..\\..\\data\\datasets\\full_yolo\\train_valid\\images",
        "annotations_path": "..\\..\\data\\datasets\\full_yolo\\train_valid\\labels",
        "random_seed": 1010,
        "data_augmentation": true,
        "samples": "all",
        "show_image": false,
        "verbose": false,
        "save_path": "..\\..\\results\\params_comparison/run_2/train"
    }
}