{
    "model_name": "detr-resnet-50",
    "MAE": 18.7,
    "MAPE": 25.376542203274628,
    "RMSE": 27.257320823249273,
    "pred": [
        50,
        50,
        13,
        10,
        14,
        31,
        20,
        58,
        195,
        231,
        98,
        75,
        87,
        151,
        143,
        146,
        161,
        123,
        117,
        122,
        112,
        202,
        246,
        121,
        181,
        52,
        18,
        14,
        14,
        57,
        57,
        70,
        99,
        89,
        99,
        44,
        93,
        81,
        110,
        116,
        191,
        147,
        137,
        72,
        61,
        58,
        130,
        75,
        41,
        57,
        40,
        68,
        22,
        29,
        60,
        38,
        21,
        30,
        31,
        23,
        53,
        64,
        28,
        23,
        39,
        24,
        88,
        15,
        38,
        132,
        170,
        100,
        70,
        132,
        116,
        129,
        117,
        151,
        47,
        51,
        68,
        120,
        259,
        121,
        75,
        73,
        41,
        60,
        1,
        79,
        0,
        32,
        31,
        82,
        31,
        72,
        52,
        139,
        40,
        68,
        26,
        73,
        122,
        27,
        58,
        86,
        168,
        212,
        168,
        68,
        60,
        164,
        38,
        14,
        20,
        54,
        58,
        88,
        25,
        87,
        58,
        88,
        258,
        76,
        317,
        23,
        109,
        98,
        169,
        128
    ],
    "real": [
        47,
        43,
        17,
        12,
        18,
        32,
        21,
        62,
        147,
        290,
        115,
        60,
        92,
        52,
        71,
        97,
        100,
        83,
        106,
        95,
        83,
        167,
        167,
        75,
        111,
        64,
        30,
        18,
        35,
        64,
        99,
        96,
        113,
        121,
        93,
        91,
        93,
        96,
        120,
        123,
        122,
        127,
        125,
        49,
        56,
        58,
        124,
        75,
        44,
        61,
        40,
        73,
        19,
        29,
        71,
        48,
        26,
        32,
        32,
        37,
        65,
        69,
        30,
        30,
        41,
        26,
        79,
        26,
        49,
        117,
        185,
        95,
        57,
        95,
        100,
        102,
        102,
        136,
        43,
        49,
        76,
        83,
        240,
        76,
        58,
        58,
        47,
        61,
        47,
        72,
        18,
        35,
        31,
        55,
        38,
        51,
        36,
        98,
        48,
        84,
        46,
        76,
        96,
        46,
        54,
        58,
        173,
        202,
        131,
        74,
        56,
        110,
        43,
        16,
        23,
        48,
        50,
        81,
        39,
        68,
        46,
        119,
        268,
        54,
        263,
        29,
        77,
        70,
        92,
        68
    ],
    "save_path": "..\\..\\results\\params_comparison/run_2/train/detr-resnet-50_0.5g_0.5r_0.4c_alls.json",
    "args": {
        "model_name": "detr-resnet-50",
        "grid_scale": 0.5,
        "confiance": 0.4,
        "resize_scale": 0.5,
        "images_path": "..\\..\\data\\datasets\\full_yolo\\train_valid\\images",
        "annotations_path": "..\\..\\data\\datasets\\full_yolo\\train_valid\\labels",
        "random_seed": 1010,
        "data_augmentation": true,
        "samples": "all",
        "show_image": false,
        "verbose": false,
        "save_path": "..\\..\\results\\params_comparison/run_2/train"
    }
}