{
    "model_name": "rtdetr-l",
    "MAE": 4.1923076923076925,
    "MAPE": 6.518234717422041,
    "RMSE": 5.671114393268616,
    "pred": [
        50,
        47,
        17,
        12,
        17,
        35,
        20,
        64,
        147,
        306,
        122,
        62,
        96,
        44,
        67,
        95,
        101,
        84,
        108,
        101,
        84,
        171,
        175,
        83,
        121,
        65,
        36,
        19,
        33,
        77,
        104,
        102,
        122,
        127,
        99,
        99,
        104,
        101,
        130,
        127,
        128,
        122,
        127,
        53,
        62,
        67,
        132,
        77,
        45,
        64,
        43,
        81,
        21,
        35,
        76,
        52,
        28,
        35,
        30,
        40,
        71,
        72,
        30,
        32,
        47,
        25,
        84,
        22,
        57,
        125,
        185,
        94,
        55,
        100,
        100,
        104,
        108,
        140,
        46,
        51,
        79,
        82,
        240,
        76,
        55,
        62,
        47,
        68,
        46,
        79,
        8,
        39,
        32,
        51,
        28,
        52,
        33,
        99,
        47,
        80,
        49,
        80,
        99,
        48,
        49,
        57,
        148,
        192,
        112,
        81,
        59,
        102,
        47,
        15,
        26,
        48,
        55,
        81,
        40,
        69,
        41,
        122,
        266,
        58,
        259,
        29,
        77,
        68,
        95,
        77
    ],
    "real": [
        47,
        43,
        17,
        12,
        18,
        32,
        21,
        62,
        147,
        290,
        115,
        60,
        92,
        52,
        71,
        97,
        100,
        83,
        106,
        95,
        83,
        167,
        167,
        75,
        111,
        64,
        30,
        18,
        35,
        64,
        99,
        96,
        113,
        121,
        93,
        91,
        93,
        96,
        120,
        123,
        122,
        127,
        125,
        49,
        56,
        58,
        124,
        75,
        44,
        61,
        40,
        73,
        19,
        29,
        71,
        48,
        26,
        32,
        32,
        37,
        65,
        69,
        30,
        30,
        41,
        26,
        79,
        26,
        49,
        117,
        185,
        95,
        57,
        95,
        100,
        102,
        102,
        136,
        43,
        49,
        76,
        83,
        240,
        76,
        58,
        58,
        47,
        61,
        47,
        72,
        18,
        35,
        31,
        55,
        38,
        51,
        36,
        98,
        48,
        84,
        46,
        76,
        96,
        46,
        54,
        58,
        173,
        202,
        131,
        74,
        56,
        110,
        43,
        16,
        23,
        48,
        50,
        81,
        39,
        68,
        46,
        119,
        268,
        54,
        263,
        29,
        77,
        70,
        92,
        68
    ],
    "save_path": "..\\..\\results\\params_comparison/run_2/train/rtdetr-l_0.3g_0.5r_0.6c_alls.json",
    "args": {
        "model_name": "rtdetr-l",
        "grid_scale": 0.3,
        "confiance": 0.6,
        "resize_scale": 0.5,
        "images_path": "..\\..\\data\\datasets\\full_yolo\\train_valid\\images",
        "annotations_path": "..\\..\\data\\datasets\\full_yolo\\train_valid\\labels",
        "random_seed": 1010,
        "data_augmentation": true,
        "samples": "all",
        "show_image": false,
        "verbose": false,
        "save_path": "..\\..\\results\\params_comparison/run_2/train"
    }
}