{
    "model_name": "rtdetr-l",
    "MAE": 14.761538461538462,
    "MAPE": 20.492934341948583,
    "RMSE": 18.258190996414143,
    "pred": [
        57,
        55,
        21,
        15,
        20,
        41,
        30,
        78,
        176,
        362,
        133,
        74,
        111,
        53,
        86,
        116,
        116,
        98,
        120,
        112,
        94,
        188,
        198,
        84,
        135,
        76,
        30,
        18,
        39,
        93,
        110,
        114,
        140,
        143,
        114,
        106,
        118,
        113,
        137,
        142,
        142,
        148,
        145,
        61,
        74,
        83,
        154,
        96,
        55,
        79,
        50,
        86,
        24,
        42,
        81,
        53,
        32,
        36,
        35,
        41,
        75,
        85,
        35,
        41,
        54,
        39,
        91,
        33,
        64,
        149,
        210,
        104,
        65,
        110,
        120,
        119,
        129,
        145,
        47,
        70,
        94,
        98,
        287,
        92,
        63,
        70,
        54,
        73,
        55,
        84,
        13,
        51,
        37,
        54,
        30,
        59,
        38,
        111,
        54,
        93,
        59,
        89,
        108,
        65,
        56,
        67,
        173,
        228,
        144,
        97,
        69,
        107,
        53,
        19,
        24,
        61,
        59,
        136,
        49,
        98,
        53,
        141,
        308,
        66,
        286,
        33,
        85,
        103,
        126,
        96
    ],
    "real": [
        47,
        43,
        17,
        12,
        18,
        32,
        21,
        62,
        147,
        290,
        115,
        60,
        92,
        52,
        71,
        97,
        100,
        83,
        106,
        95,
        83,
        167,
        167,
        75,
        111,
        64,
        30,
        18,
        35,
        64,
        99,
        96,
        113,
        121,
        93,
        91,
        93,
        96,
        120,
        123,
        122,
        127,
        125,
        49,
        56,
        58,
        124,
        75,
        44,
        61,
        40,
        73,
        19,
        29,
        71,
        48,
        26,
        32,
        32,
        37,
        65,
        69,
        30,
        30,
        41,
        26,
        79,
        26,
        49,
        117,
        185,
        95,
        57,
        95,
        100,
        102,
        102,
        136,
        43,
        49,
        76,
        83,
        240,
        76,
        58,
        58,
        47,
        61,
        47,
        72,
        18,
        35,
        31,
        55,
        38,
        51,
        36,
        98,
        48,
        84,
        46,
        76,
        96,
        46,
        54,
        58,
        173,
        202,
        131,
        74,
        56,
        110,
        43,
        16,
        23,
        48,
        50,
        81,
        39,
        68,
        46,
        119,
        268,
        54,
        263,
        29,
        77,
        70,
        92,
        68
    ],
    "save_path": "..\\..\\results\\params_comparison/run_2/train/rtdetr-l_0.2g_0.5r_0.4c_alls.json",
    "args": {
        "model_name": "rtdetr-l",
        "grid_scale": 0.2,
        "confiance": 0.4,
        "resize_scale": 0.5,
        "images_path": "..\\..\\data\\datasets\\full_yolo\\train_valid\\images",
        "annotations_path": "..\\..\\data\\datasets\\full_yolo\\train_valid\\labels",
        "random_seed": 1010,
        "data_augmentation": true,
        "samples": "all",
        "show_image": false,
        "verbose": false,
        "save_path": "..\\..\\results\\params_comparison/run_2/train"
    }
}