{
    "model_name": "rtdetr-l",
    "MAE": 6.561538461538461,
    "MAPE": 9.856001145800631,
    "RMSE": 7.94161386427411,
    "pred": [
        57,
        50,
        19,
        12,
        20,
        38,
        26,
        68,
        156,
        320,
        121,
        70,
        96,
        51,
        73,
        104,
        105,
        81,
        114,
        99,
        88,
        178,
        173,
        84,
        122,
        70,
        39,
        18,
        35,
        82,
        103,
        110,
        124,
        126,
        105,
        101,
        102,
        107,
        129,
        138,
        129,
        135,
        135,
        54,
        65,
        71,
        137,
        84,
        50,
        70,
        44,
        83,
        23,
        34,
        78,
        54,
        28,
        37,
        31,
        41,
        67,
        78,
        32,
        33,
        48,
        27,
        89,
        31,
        49,
        127,
        196,
        98,
        66,
        105,
        109,
        104,
        110,
        150,
        48,
        56,
        81,
        87,
        252,
        78,
        61,
        64,
        47,
        72,
        51,
        77,
        10,
        38,
        36,
        51,
        26,
        57,
        36,
        106,
        55,
        84,
        52,
        78,
        97,
        60,
        51,
        61,
        167,
        211,
        123,
        81,
        62,
        103,
        54,
        17,
        23,
        54,
        57,
        94,
        36,
        75,
        46,
        134,
        278,
        59,
        269,
        30,
        80,
        70,
        103,
        80
    ],
    "real": [
        47,
        43,
        17,
        12,
        18,
        32,
        21,
        62,
        147,
        290,
        115,
        60,
        92,
        52,
        71,
        97,
        100,
        83,
        106,
        95,
        83,
        167,
        167,
        75,
        111,
        64,
        30,
        18,
        35,
        64,
        99,
        96,
        113,
        121,
        93,
        91,
        93,
        96,
        120,
        123,
        122,
        127,
        125,
        49,
        56,
        58,
        124,
        75,
        44,
        61,
        40,
        73,
        19,
        29,
        71,
        48,
        26,
        32,
        32,
        37,
        65,
        69,
        30,
        30,
        41,
        26,
        79,
        26,
        49,
        117,
        185,
        95,
        57,
        95,
        100,
        102,
        102,
        136,
        43,
        49,
        76,
        83,
        240,
        76,
        58,
        58,
        47,
        61,
        47,
        72,
        18,
        35,
        31,
        55,
        38,
        51,
        36,
        98,
        48,
        84,
        46,
        76,
        96,
        46,
        54,
        58,
        173,
        202,
        131,
        74,
        56,
        110,
        43,
        16,
        23,
        48,
        50,
        81,
        39,
        68,
        46,
        119,
        268,
        54,
        263,
        29,
        77,
        70,
        92,
        68
    ],
    "save_path": "..\\..\\results\\params_comparison/run_2/train/rtdetr-l_0.3g_0.5r_0.5c_alls.json",
    "args": {
        "model_name": "rtdetr-l",
        "grid_scale": 0.3,
        "confiance": 0.5,
        "resize_scale": 0.5,
        "images_path": "..\\..\\data\\datasets\\full_yolo\\train_valid\\images",
        "annotations_path": "..\\..\\data\\datasets\\full_yolo\\train_valid\\labels",
        "random_seed": 1010,
        "data_augmentation": true,
        "samples": "all",
        "show_image": false,
        "verbose": false,
        "save_path": "..\\..\\results\\params_comparison/run_2/train"
    }
}