{
    "model_name": "rtdetr-x",
    "MAE": 4.546153846153846,
    "MAPE": 6.054751065422804,
    "RMSE": 8.636683836537475,
    "pred": [
        50,
        45,
        17,
        13,
        18,
        33,
        26,
        61,
        133,
        244,
        106,
        60,
        88,
        53,
        67,
        93,
        101,
        75,
        108,
        95,
        82,
        166,
        163,
        78,
        113,
        60,
        27,
        15,
        31,
        69,
        99,
        95,
        114,
        117,
        90,
        92,
        90,
        89,
        117,
        113,
        116,
        125,
        122,
        50,
        57,
        65,
        125,
        79,
        46,
        61,
        42,
        77,
        21,
        33,
        72,
        50,
        26,
        33,
        35,
        38,
        59,
        69,
        30,
        32,
        41,
        24,
        78,
        26,
        56,
        115,
        173,
        94,
        55,
        99,
        100,
        101,
        95,
        129,
        46,
        45,
        76,
        84,
        223,
        78,
        54,
        60,
        47,
        63,
        44,
        74,
        1,
        36,
        31,
        47,
        26,
        50,
        34,
        96,
        44,
        80,
        47,
        78,
        91,
        43,
        49,
        56,
        150,
        172,
        112,
        72,
        52,
        93,
        46,
        18,
        21,
        49,
        49,
        79,
        37,
        70,
        43,
        115,
        223,
        55,
        230,
        26,
        75,
        77,
        93,
        71
    ],
    "real": [
        47,
        43,
        17,
        12,
        18,
        32,
        21,
        62,
        147,
        290,
        115,
        60,
        92,
        52,
        71,
        97,
        100,
        83,
        106,
        95,
        83,
        167,
        167,
        75,
        111,
        64,
        30,
        18,
        35,
        64,
        99,
        96,
        113,
        121,
        93,
        91,
        93,
        96,
        120,
        123,
        122,
        127,
        125,
        49,
        56,
        58,
        124,
        75,
        44,
        61,
        40,
        73,
        19,
        29,
        71,
        48,
        26,
        32,
        32,
        37,
        65,
        69,
        30,
        30,
        41,
        26,
        79,
        26,
        49,
        117,
        185,
        95,
        57,
        95,
        100,
        102,
        102,
        136,
        43,
        49,
        76,
        83,
        240,
        76,
        58,
        58,
        47,
        61,
        47,
        72,
        18,
        35,
        31,
        55,
        38,
        51,
        36,
        98,
        48,
        84,
        46,
        76,
        96,
        46,
        54,
        58,
        173,
        202,
        131,
        74,
        56,
        110,
        43,
        16,
        23,
        48,
        50,
        81,
        39,
        68,
        46,
        119,
        268,
        54,
        263,
        29,
        77,
        70,
        92,
        68
    ],
    "save_path": "..\\..\\results\\params_comparison/run_2/train/rtdetr-x_0.5g_0.5r_0.6c_alls.json",
    "args": {
        "model_name": "rtdetr-x",
        "grid_scale": 0.5,
        "confiance": 0.6,
        "resize_scale": 0.5,
        "images_path": "..\\..\\data\\datasets\\full_yolo\\train_valid\\images",
        "annotations_path": "..\\..\\data\\datasets\\full_yolo\\train_valid\\labels",
        "random_seed": 1010,
        "data_augmentation": true,
        "samples": "all",
        "show_image": false,
        "verbose": false,
        "save_path": "..\\..\\results\\params_comparison/run_2/train"
    }
}