{
    "model_name": "rtdetr-x",
    "MAE": 6.938461538461539,
    "MAPE": 10.583580920499992,
    "RMSE": 8.45531239472012,
    "pred": [
        52,
        47,
        21,
        13,
        19,
        38,
        29,
        75,
        153,
        312,
        117,
        71,
        94,
        55,
        83,
        105,
        111,
        87,
        106,
        101,
        84,
        178,
        182,
        78,
        121,
        69,
        31,
        19,
        41,
        78,
        102,
        105,
        127,
        134,
        104,
        97,
        105,
        99,
        125,
        127,
        135,
        136,
        134,
        55,
        63,
        74,
        140,
        84,
        52,
        72,
        44,
        87,
        25,
        37,
        81,
        59,
        28,
        39,
        29,
        41,
        77,
        80,
        35,
        33,
        46,
        32,
        92,
        33,
        62,
        139,
        203,
        102,
        61,
        102,
        104,
        119,
        108,
        142,
        45,
        54,
        83,
        89,
        265,
        79,
        63,
        66,
        54,
        69,
        47,
        77,
        13,
        37,
        32,
        51,
        29,
        52,
        37,
        101,
        49,
        86,
        55,
        80,
        100,
        49,
        53,
        59,
        167,
        207,
        126,
        82,
        63,
        100,
        52,
        18,
        22,
        53,
        54,
        94,
        39,
        82,
        43,
        129,
        275,
        61,
        275,
        30,
        83,
        76,
        99,
        75
    ],
    "real": [
        47,
        43,
        17,
        12,
        18,
        32,
        21,
        62,
        147,
        290,
        115,
        60,
        92,
        52,
        71,
        97,
        100,
        83,
        106,
        95,
        83,
        167,
        167,
        75,
        111,
        64,
        30,
        18,
        35,
        64,
        99,
        96,
        113,
        121,
        93,
        91,
        93,
        96,
        120,
        123,
        122,
        127,
        125,
        49,
        56,
        58,
        124,
        75,
        44,
        61,
        40,
        73,
        19,
        29,
        71,
        48,
        26,
        32,
        32,
        37,
        65,
        69,
        30,
        30,
        41,
        26,
        79,
        26,
        49,
        117,
        185,
        95,
        57,
        95,
        100,
        102,
        102,
        136,
        43,
        49,
        76,
        83,
        240,
        76,
        58,
        58,
        47,
        61,
        47,
        72,
        18,
        35,
        31,
        55,
        38,
        51,
        36,
        98,
        48,
        84,
        46,
        76,
        96,
        46,
        54,
        58,
        173,
        202,
        131,
        74,
        56,
        110,
        43,
        16,
        23,
        48,
        50,
        81,
        39,
        68,
        46,
        119,
        268,
        54,
        263,
        29,
        77,
        70,
        92,
        68
    ],
    "save_path": "..\\..\\results\\params_comparison/run_2/train/rtdetr-x_0.3g_0.5r_0.5c_alls.json",
    "args": {
        "model_name": "rtdetr-x",
        "grid_scale": 0.3,
        "confiance": 0.5,
        "resize_scale": 0.5,
        "images_path": "..\\..\\data\\datasets\\full_yolo\\train_valid\\images",
        "annotations_path": "..\\..\\data\\datasets\\full_yolo\\train_valid\\labels",
        "random_seed": 1010,
        "data_augmentation": true,
        "samples": "all",
        "show_image": false,
        "verbose": false,
        "save_path": "..\\..\\results\\params_comparison/run_2/train"
    }
}