{
    "model_name": "rtdetr-l",
    "MAE": 6.723076923076923,
    "MAPE": 10.898019665982764,
    "RMSE": 8.685088901719384,
    "pred": [
        54,
        51,
        19,
        13,
        19,
        38,
        27,
        70,
        162,
        335,
        125,
        71,
        92,
        51,
        79,
        107,
        112,
        84,
        113,
        106,
        86,
        180,
        174,
        79,
        126,
        68,
        33,
        20,
        39,
        89,
        105,
        100,
        122,
        127,
        104,
        101,
        105,
        101,
        128,
        124,
        130,
        135,
        135,
        56,
        70,
        75,
        138,
        85,
        49,
        70,
        50,
        81,
        23,
        34,
        79,
        62,
        27,
        35,
        40,
        41,
        73,
        80,
        34,
        33,
        47,
        28,
        90,
        31,
        61,
        132,
        190,
        99,
        55,
        101,
        108,
        113,
        103,
        141,
        47,
        54,
        82,
        87,
        249,
        80,
        60,
        62,
        47,
        70,
        54,
        81,
        4,
        46,
        32,
        52,
        32,
        52,
        36,
        103,
        50,
        86,
        52,
        86,
        95,
        56,
        50,
        65,
        158,
        208,
        127,
        84,
        60,
        109,
        51,
        23,
        24,
        49,
        62,
        86,
        38,
        74,
        44,
        125,
        268,
        62,
        264,
        32,
        80,
        76,
        94,
        76
    ],
    "real": [
        47,
        43,
        17,
        12,
        18,
        32,
        21,
        62,
        147,
        290,
        115,
        60,
        92,
        52,
        71,
        97,
        100,
        83,
        106,
        95,
        83,
        167,
        167,
        75,
        111,
        64,
        30,
        18,
        35,
        64,
        99,
        96,
        113,
        121,
        93,
        91,
        93,
        96,
        120,
        123,
        122,
        127,
        125,
        49,
        56,
        58,
        124,
        75,
        44,
        61,
        40,
        73,
        19,
        29,
        71,
        48,
        26,
        32,
        32,
        37,
        65,
        69,
        30,
        30,
        41,
        26,
        79,
        26,
        49,
        117,
        185,
        95,
        57,
        95,
        100,
        102,
        102,
        136,
        43,
        49,
        76,
        83,
        240,
        76,
        58,
        58,
        47,
        61,
        47,
        72,
        18,
        35,
        31,
        55,
        38,
        51,
        36,
        98,
        48,
        84,
        46,
        76,
        96,
        46,
        54,
        58,
        173,
        202,
        131,
        74,
        56,
        110,
        43,
        16,
        23,
        48,
        50,
        81,
        39,
        68,
        46,
        119,
        268,
        54,
        263,
        29,
        77,
        70,
        92,
        68
    ],
    "save_path": "..\\..\\results\\params_comparison/run_2/train/rtdetr-l_0.4g_0.5r_0.4c_alls.json",
    "args": {
        "model_name": "rtdetr-l",
        "grid_scale": 0.4,
        "confiance": 0.4,
        "resize_scale": 0.5,
        "images_path": "..\\..\\data\\datasets\\full_yolo\\train_valid\\images",
        "annotations_path": "..\\..\\data\\datasets\\full_yolo\\train_valid\\labels",
        "random_seed": 1010,
        "data_augmentation": true,
        "samples": "all",
        "show_image": false,
        "verbose": false,
        "save_path": "..\\..\\results\\params_comparison/run_2/train"
    }
}