{
    "model_name": "rtdetr-l",
    "MAE": 18.361538461538462,
    "MAPE": 19.637037979312733,
    "RMSE": 32.45173931571903,
    "pred": [
        43,
        43,
        17,
        12,
        17,
        29,
        21,
        58,
        89,
        131,
        89,
        45,
        71,
        24,
        41,
        68,
        79,
        58,
        79,
        81,
        67,
        126,
        136,
        70,
        85,
        43,
        24,
        11,
        16,
        65,
        81,
        80,
        87,
        107,
        77,
        72,
        75,
        85,
        104,
        100,
        92,
        102,
        107,
        45,
        52,
        62,
        92,
        67,
        44,
        60,
        39,
        70,
        20,
        30,
        65,
        46,
        22,
        32,
        33,
        32,
        61,
        67,
        30,
        30,
        34,
        20,
        64,
        19,
        38,
        98,
        89,
        60,
        48,
        87,
        82,
        77,
        86,
        109,
        43,
        42,
        67,
        63,
        164,
        71,
        48,
        52,
        44,
        56,
        31,
        69,
        0,
        31,
        27,
        43,
        22,
        45,
        26,
        88,
        28,
        67,
        39,
        66,
        64,
        42,
        35,
        40,
        102,
        115,
        60,
        71,
        50,
        76,
        42,
        9,
        16,
        44,
        46,
        62,
        28,
        57,
        37,
        92,
        100,
        48,
        130,
        19,
        70,
        55,
        60,
        61
    ],
    "real": [
        47,
        43,
        17,
        12,
        18,
        32,
        21,
        62,
        147,
        290,
        115,
        60,
        92,
        52,
        71,
        97,
        100,
        83,
        106,
        95,
        83,
        167,
        167,
        75,
        111,
        64,
        30,
        18,
        35,
        64,
        99,
        96,
        113,
        121,
        93,
        91,
        93,
        96,
        120,
        123,
        122,
        127,
        125,
        49,
        56,
        58,
        124,
        75,
        44,
        61,
        40,
        73,
        19,
        29,
        71,
        48,
        26,
        32,
        32,
        37,
        65,
        69,
        30,
        30,
        41,
        26,
        79,
        26,
        49,
        117,
        185,
        95,
        57,
        95,
        100,
        102,
        102,
        136,
        43,
        49,
        76,
        83,
        240,
        76,
        58,
        58,
        47,
        61,
        47,
        72,
        18,
        35,
        31,
        55,
        38,
        51,
        36,
        98,
        48,
        84,
        46,
        76,
        96,
        46,
        54,
        58,
        173,
        202,
        131,
        74,
        56,
        110,
        43,
        16,
        23,
        48,
        50,
        81,
        39,
        68,
        46,
        119,
        268,
        54,
        263,
        29,
        77,
        70,
        92,
        68
    ],
    "save_path": "..\\..\\results\\params_comparison/run_2/train/rtdetr-l_0.5g_0.5r_0.7c_alls.json",
    "args": {
        "model_name": "rtdetr-l",
        "grid_scale": 0.5,
        "confiance": 0.7,
        "resize_scale": 0.5,
        "images_path": "..\\..\\data\\datasets\\full_yolo\\train_valid\\images",
        "annotations_path": "..\\..\\data\\datasets\\full_yolo\\train_valid\\labels",
        "random_seed": 1010,
        "data_augmentation": true,
        "samples": "all",
        "show_image": false,
        "verbose": false,
        "save_path": "..\\..\\results\\params_comparison/run_2/train"
    }
}