{
    "model_name": "rtdetr-x",
    "MAE": 3.8923076923076922,
    "MAPE": 5.575731219937366,
    "RMSE": 6.478366365777005,
    "pred": [
        49,
        46,
        16,
        11,
        17,
        34,
        26,
        61,
        135,
        281,
        110,
        57,
        85,
        41,
        64,
        95,
        93,
        75,
        103,
        93,
        81,
        171,
        163,
        75,
        110,
        61,
        31,
        17,
        31,
        72,
        100,
        98,
        114,
        120,
        93,
        96,
        89,
        97,
        118,
        121,
        119,
        123,
        128,
        52,
        61,
        64,
        123,
        74,
        45,
        61,
        42,
        75,
        20,
        31,
        72,
        49,
        29,
        32,
        34,
        36,
        64,
        72,
        29,
        29,
        41,
        24,
        78,
        29,
        53,
        119,
        172,
        93,
        53,
        93,
        98,
        98,
        98,
        134,
        44,
        46,
        77,
        85,
        228,
        73,
        55,
        60,
        45,
        60,
        45,
        74,
        10,
        34,
        30,
        46,
        26,
        49,
        31,
        95,
        49,
        82,
        48,
        76,
        94,
        48,
        48,
        54,
        138,
        182,
        110,
        76,
        56,
        90,
        43,
        17,
        22,
        48,
        48,
        75,
        37,
        66,
        41,
        119,
        239,
        55,
        254,
        24,
        75,
        66,
        83,
        64
    ],
    "real": [
        47,
        43,
        17,
        12,
        18,
        32,
        21,
        62,
        147,
        290,
        115,
        60,
        92,
        52,
        71,
        97,
        100,
        83,
        106,
        95,
        83,
        167,
        167,
        75,
        111,
        64,
        30,
        18,
        35,
        64,
        99,
        96,
        113,
        121,
        93,
        91,
        93,
        96,
        120,
        123,
        122,
        127,
        125,
        49,
        56,
        58,
        124,
        75,
        44,
        61,
        40,
        73,
        19,
        29,
        71,
        48,
        26,
        32,
        32,
        37,
        65,
        69,
        30,
        30,
        41,
        26,
        79,
        26,
        49,
        117,
        185,
        95,
        57,
        95,
        100,
        102,
        102,
        136,
        43,
        49,
        76,
        83,
        240,
        76,
        58,
        58,
        47,
        61,
        47,
        72,
        18,
        35,
        31,
        55,
        38,
        51,
        36,
        98,
        48,
        84,
        46,
        76,
        96,
        46,
        54,
        58,
        173,
        202,
        131,
        74,
        56,
        110,
        43,
        16,
        23,
        48,
        50,
        81,
        39,
        68,
        46,
        119,
        268,
        54,
        263,
        29,
        77,
        70,
        92,
        68
    ],
    "save_path": "..\\..\\results\\params_comparison/run_2/train/rtdetr-x_0.3g_0.5r_0.7c_alls.json",
    "args": {
        "model_name": "rtdetr-x",
        "grid_scale": 0.3,
        "confiance": 0.7,
        "resize_scale": 0.5,
        "images_path": "..\\..\\data\\datasets\\full_yolo\\train_valid\\images",
        "annotations_path": "..\\..\\data\\datasets\\full_yolo\\train_valid\\labels",
        "random_seed": 1010,
        "data_augmentation": true,
        "samples": "all",
        "show_image": false,
        "verbose": false,
        "save_path": "..\\..\\results\\params_comparison/run_2/train"
    }
}