{
    "model_name": "rtdetr-x",
    "MAE": 4.553846153846154,
    "MAPE": 7.5229810570414815,
    "RMSE": 5.624123863391455,
    "pred": [
        53,
        47,
        18,
        13,
        18,
        37,
        27,
        66,
        152,
        291,
        117,
        62,
        89,
        55,
        78,
        98,
        106,
        87,
        110,
        99,
        83,
        171,
        177,
        78,
        116,
        70,
        31,
        21,
        30,
        80,
        101,
        100,
        124,
        125,
        99,
        99,
        94,
        102,
        131,
        125,
        133,
        130,
        135,
        53,
        61,
        66,
        129,
        80,
        49,
        68,
        48,
        82,
        20,
        33,
        76,
        54,
        29,
        37,
        36,
        39,
        61,
        74,
        36,
        34,
        46,
        31,
        88,
        28,
        55,
        128,
        189,
        102,
        55,
        100,
        106,
        108,
        102,
        144,
        47,
        50,
        77,
        86,
        252,
        79,
        58,
        62,
        55,
        68,
        48,
        76,
        10,
        39,
        32,
        50,
        28,
        55,
        34,
        106,
        49,
        83,
        47,
        81,
        97,
        54,
        52,
        61,
        157,
        203,
        132,
        76,
        59,
        95,
        49,
        17,
        23,
        54,
        49,
        82,
        39,
        73,
        49,
        119,
        262,
        59,
        266,
        30,
        78,
        77,
        100,
        74
    ],
    "real": [
        47,
        43,
        17,
        12,
        18,
        32,
        21,
        62,
        147,
        290,
        115,
        60,
        92,
        52,
        71,
        97,
        100,
        83,
        106,
        95,
        83,
        167,
        167,
        75,
        111,
        64,
        30,
        18,
        35,
        64,
        99,
        96,
        113,
        121,
        93,
        91,
        93,
        96,
        120,
        123,
        122,
        127,
        125,
        49,
        56,
        58,
        124,
        75,
        44,
        61,
        40,
        73,
        19,
        29,
        71,
        48,
        26,
        32,
        32,
        37,
        65,
        69,
        30,
        30,
        41,
        26,
        79,
        26,
        49,
        117,
        185,
        95,
        57,
        95,
        100,
        102,
        102,
        136,
        43,
        49,
        76,
        83,
        240,
        76,
        58,
        58,
        47,
        61,
        47,
        72,
        18,
        35,
        31,
        55,
        38,
        51,
        36,
        98,
        48,
        84,
        46,
        76,
        96,
        46,
        54,
        58,
        173,
        202,
        131,
        74,
        56,
        110,
        43,
        16,
        23,
        48,
        50,
        81,
        39,
        68,
        46,
        119,
        268,
        54,
        263,
        29,
        77,
        70,
        92,
        68
    ],
    "save_path": "..\\..\\results\\params_comparison/run_2/train/rtdetr-x_0.4g_0.5r_0.5c_alls.json",
    "args": {
        "model_name": "rtdetr-x",
        "grid_scale": 0.4,
        "confiance": 0.5,
        "resize_scale": 0.5,
        "images_path": "..\\..\\data\\datasets\\full_yolo\\train_valid\\images",
        "annotations_path": "..\\..\\data\\datasets\\full_yolo\\train_valid\\labels",
        "random_seed": 1010,
        "data_augmentation": true,
        "samples": "all",
        "show_image": false,
        "verbose": false,
        "save_path": "..\\..\\results\\params_comparison/run_2/train"
    }
}