{
    "model_name": "rtdetr-l",
    "MAE": 7.153846153846154,
    "MAPE": 8.461955798943336,
    "RMSE": 14.215376290373852,
    "pred": [
        46,
        44,
        17,
        12,
        22,
        32,
        23,
        63,
        127,
        216,
        111,
        60,
        82,
        41,
        58,
        85,
        96,
        66,
        99,
        95,
        79,
        151,
        160,
        75,
        106,
        54,
        27,
        15,
        31,
        71,
        97,
        96,
        110,
        115,
        91,
        89,
        93,
        90,
        117,
        119,
        113,
        122,
        125,
        50,
        59,
        63,
        115,
        73,
        44,
        63,
        42,
        76,
        21,
        31,
        67,
        48,
        27,
        34,
        26,
        36,
        61,
        70,
        35,
        29,
        38,
        24,
        75,
        21,
        45,
        113,
        150,
        82,
        51,
        91,
        96,
        95,
        96,
        126,
        47,
        46,
        72,
        79,
        211,
        76,
        54,
        57,
        45,
        62,
        41,
        75,
        0,
        35,
        28,
        46,
        26,
        49,
        32,
        94,
        39,
        78,
        47,
        72,
        83,
        46,
        49,
        53,
        130,
        170,
        97,
        73,
        55,
        87,
        43,
        15,
        23,
        45,
        50,
        76,
        39,
        66,
        39,
        112,
        185,
        50,
        208,
        20,
        73,
        67,
        83,
        65
    ],
    "real": [
        47,
        43,
        17,
        12,
        18,
        32,
        21,
        62,
        147,
        290,
        115,
        60,
        92,
        52,
        71,
        97,
        100,
        83,
        106,
        95,
        83,
        167,
        167,
        75,
        111,
        64,
        30,
        18,
        35,
        64,
        99,
        96,
        113,
        121,
        93,
        91,
        93,
        96,
        120,
        123,
        122,
        127,
        125,
        49,
        56,
        58,
        124,
        75,
        44,
        61,
        40,
        73,
        19,
        29,
        71,
        48,
        26,
        32,
        32,
        37,
        65,
        69,
        30,
        30,
        41,
        26,
        79,
        26,
        49,
        117,
        185,
        95,
        57,
        95,
        100,
        102,
        102,
        136,
        43,
        49,
        76,
        83,
        240,
        76,
        58,
        58,
        47,
        61,
        47,
        72,
        18,
        35,
        31,
        55,
        38,
        51,
        36,
        98,
        48,
        84,
        46,
        76,
        96,
        46,
        54,
        58,
        173,
        202,
        131,
        74,
        56,
        110,
        43,
        16,
        23,
        48,
        50,
        81,
        39,
        68,
        46,
        119,
        268,
        54,
        263,
        29,
        77,
        70,
        92,
        68
    ],
    "save_path": "..\\..\\results\\params_comparison/run_2/train/rtdetr-l_0.5g_0.5r_0.6c_alls.json",
    "args": {
        "model_name": "rtdetr-l",
        "grid_scale": 0.5,
        "confiance": 0.6,
        "resize_scale": 0.5,
        "images_path": "..\\..\\data\\datasets\\full_yolo\\train_valid\\images",
        "annotations_path": "..\\..\\data\\datasets\\full_yolo\\train_valid\\labels",
        "random_seed": 1010,
        "data_augmentation": true,
        "samples": "all",
        "show_image": false,
        "verbose": false,
        "save_path": "..\\..\\results\\params_comparison/run_2/train"
    }
}