{
    "model_name": "rtdetr-x",
    "MAE": 7.092307692307692,
    "MAPE": 10.859435278627087,
    "RMSE": 8.605901374146606,
    "pred": [
        52,
        52,
        17,
        14,
        20,
        35,
        25,
        70,
        154,
        309,
        119,
        68,
        94,
        56,
        85,
        106,
        115,
        84,
        118,
        108,
        88,
        176,
        180,
        79,
        122,
        74,
        31,
        18,
        37,
        80,
        110,
        102,
        130,
        127,
        104,
        103,
        101,
        106,
        124,
        131,
        138,
        136,
        142,
        58,
        65,
        70,
        134,
        86,
        46,
        69,
        47,
        81,
        21,
        33,
        74,
        56,
        29,
        37,
        34,
        39,
        75,
        77,
        36,
        34,
        48,
        29,
        96,
        31,
        57,
        138,
        198,
        109,
        66,
        104,
        106,
        118,
        106,
        137,
        47,
        54,
        78,
        90,
        255,
        82,
        62,
        65,
        54,
        70,
        48,
        82,
        11,
        39,
        32,
        51,
        30,
        57,
        39,
        106,
        48,
        87,
        56,
        78,
        101,
        50,
        56,
        61,
        158,
        200,
        134,
        77,
        59,
        108,
        49,
        27,
        24,
        56,
        59,
        92,
        35,
        87,
        48,
        125,
        269,
        56,
        267,
        30,
        81,
        85,
        112,
        78
    ],
    "real": [
        47,
        43,
        17,
        12,
        18,
        32,
        21,
        62,
        147,
        290,
        115,
        60,
        92,
        52,
        71,
        97,
        100,
        83,
        106,
        95,
        83,
        167,
        167,
        75,
        111,
        64,
        30,
        18,
        35,
        64,
        99,
        96,
        113,
        121,
        93,
        91,
        93,
        96,
        120,
        123,
        122,
        127,
        125,
        49,
        56,
        58,
        124,
        75,
        44,
        61,
        40,
        73,
        19,
        29,
        71,
        48,
        26,
        32,
        32,
        37,
        65,
        69,
        30,
        30,
        41,
        26,
        79,
        26,
        49,
        117,
        185,
        95,
        57,
        95,
        100,
        102,
        102,
        136,
        43,
        49,
        76,
        83,
        240,
        76,
        58,
        58,
        47,
        61,
        47,
        72,
        18,
        35,
        31,
        55,
        38,
        51,
        36,
        98,
        48,
        84,
        46,
        76,
        96,
        46,
        54,
        58,
        173,
        202,
        131,
        74,
        56,
        110,
        43,
        16,
        23,
        48,
        50,
        81,
        39,
        68,
        46,
        119,
        268,
        54,
        263,
        29,
        77,
        70,
        92,
        68
    ],
    "save_path": "..\\..\\results\\params_comparison/run_2/train/rtdetr-x_0.4g_0.5r_0.4c_alls.json",
    "args": {
        "model_name": "rtdetr-x",
        "grid_scale": 0.4,
        "confiance": 0.4,
        "resize_scale": 0.5,
        "images_path": "..\\..\\data\\datasets\\full_yolo\\train_valid\\images",
        "annotations_path": "..\\..\\data\\datasets\\full_yolo\\train_valid\\labels",
        "random_seed": 1010,
        "data_augmentation": true,
        "samples": "all",
        "show_image": false,
        "verbose": false,
        "save_path": "..\\..\\results\\params_comparison/run_2/train"
    }
}