{
    "model_name": "rtdetr-l",
    "MAE": 6.315384615384615,
    "MAPE": 9.441078350114209,
    "RMSE": 8.201782170310961,
    "pred": [
        55,
        49,
        17,
        15,
        17,
        39,
        25,
        72,
        157,
        330,
        117,
        67,
        90,
        45,
        77,
        103,
        111,
        86,
        113,
        98,
        95,
        187,
        182,
        79,
        115,
        63,
        33,
        17,
        34,
        76,
        107,
        101,
        124,
        134,
        101,
        103,
        102,
        105,
        124,
        132,
        137,
        138,
        136,
        56,
        61,
        70,
        135,
        84,
        48,
        67,
        44,
        83,
        23,
        37,
        77,
        51,
        25,
        32,
        33,
        40,
        66,
        74,
        35,
        34,
        48,
        29,
        86,
        27,
        58,
        130,
        192,
        101,
        61,
        103,
        112,
        107,
        111,
        141,
        48,
        50,
        78,
        89,
        259,
        83,
        61,
        61,
        53,
        68,
        46,
        78,
        7,
        38,
        33,
        48,
        25,
        55,
        37,
        100,
        50,
        87,
        51,
        79,
        96,
        49,
        52,
        57,
        165,
        202,
        133,
        84,
        60,
        100,
        48,
        19,
        24,
        46,
        56,
        100,
        37,
        84,
        51,
        128,
        275,
        59,
        264,
        30,
        76,
        80,
        98,
        82
    ],
    "real": [
        47,
        43,
        17,
        12,
        18,
        32,
        21,
        62,
        147,
        290,
        115,
        60,
        92,
        52,
        71,
        97,
        100,
        83,
        106,
        95,
        83,
        167,
        167,
        75,
        111,
        64,
        30,
        18,
        35,
        64,
        99,
        96,
        113,
        121,
        93,
        91,
        93,
        96,
        120,
        123,
        122,
        127,
        125,
        49,
        56,
        58,
        124,
        75,
        44,
        61,
        40,
        73,
        19,
        29,
        71,
        48,
        26,
        32,
        32,
        37,
        65,
        69,
        30,
        30,
        41,
        26,
        79,
        26,
        49,
        117,
        185,
        95,
        57,
        95,
        100,
        102,
        102,
        136,
        43,
        49,
        76,
        83,
        240,
        76,
        58,
        58,
        47,
        61,
        47,
        72,
        18,
        35,
        31,
        55,
        38,
        51,
        36,
        98,
        48,
        84,
        46,
        76,
        96,
        46,
        54,
        58,
        173,
        202,
        131,
        74,
        56,
        110,
        43,
        16,
        23,
        48,
        50,
        81,
        39,
        68,
        46,
        119,
        268,
        54,
        263,
        29,
        77,
        70,
        92,
        68
    ],
    "save_path": "..\\..\\results\\params_comparison/run_2/train/rtdetr-l_0.2g_0.5r_0.6c_alls.json",
    "args": {
        "model_name": "rtdetr-l",
        "grid_scale": 0.2,
        "confiance": 0.6,
        "resize_scale": 0.5,
        "images_path": "..\\..\\data\\datasets\\full_yolo\\train_valid\\images",
        "annotations_path": "..\\..\\data\\datasets\\full_yolo\\train_valid\\labels",
        "random_seed": 1010,
        "data_augmentation": true,
        "samples": "all",
        "show_image": false,
        "verbose": false,
        "save_path": "..\\..\\results\\params_comparison/run_2/train"
    }
}