{
    "model_name": "rtdetr-l",
    "MAE": 5.369230769230769,
    "MAPE": 7.435619162828599,
    "RMSE": 9.727834765803191,
    "pred": [
        47,
        43,
        15,
        11,
        17,
        35,
        19,
        61,
        125,
        270,
        114,
        62,
        87,
        45,
        59,
        91,
        98,
        73,
        98,
        93,
        81,
        167,
        164,
        74,
        109,
        59,
        26,
        14,
        29,
        72,
        98,
        93,
        112,
        121,
        92,
        92,
        95,
        96,
        119,
        121,
        122,
        123,
        124,
        49,
        59,
        64,
        120,
        72,
        44,
        60,
        39,
        74,
        22,
        31,
        70,
        45,
        26,
        32,
        32,
        36,
        64,
        73,
        29,
        29,
        43,
        23,
        74,
        21,
        47,
        114,
        157,
        83,
        52,
        92,
        103,
        96,
        100,
        127,
        44,
        47,
        75,
        80,
        224,
        74,
        54,
        54,
        45,
        65,
        43,
        81,
        1,
        36,
        29,
        48,
        20,
        50,
        31,
        95,
        41,
        74,
        45,
        73,
        83,
        46,
        48,
        53,
        138,
        181,
        89,
        75,
        56,
        94,
        44,
        13,
        19,
        49,
        53,
        72,
        37,
        68,
        41,
        115,
        215,
        52,
        231,
        26,
        76,
        59,
        81,
        64
    ],
    "real": [
        47,
        43,
        17,
        12,
        18,
        32,
        21,
        62,
        147,
        290,
        115,
        60,
        92,
        52,
        71,
        97,
        100,
        83,
        106,
        95,
        83,
        167,
        167,
        75,
        111,
        64,
        30,
        18,
        35,
        64,
        99,
        96,
        113,
        121,
        93,
        91,
        93,
        96,
        120,
        123,
        122,
        127,
        125,
        49,
        56,
        58,
        124,
        75,
        44,
        61,
        40,
        73,
        19,
        29,
        71,
        48,
        26,
        32,
        32,
        37,
        65,
        69,
        30,
        30,
        41,
        26,
        79,
        26,
        49,
        117,
        185,
        95,
        57,
        95,
        100,
        102,
        102,
        136,
        43,
        49,
        76,
        83,
        240,
        76,
        58,
        58,
        47,
        61,
        47,
        72,
        18,
        35,
        31,
        55,
        38,
        51,
        36,
        98,
        48,
        84,
        46,
        76,
        96,
        46,
        54,
        58,
        173,
        202,
        131,
        74,
        56,
        110,
        43,
        16,
        23,
        48,
        50,
        81,
        39,
        68,
        46,
        119,
        268,
        54,
        263,
        29,
        77,
        70,
        92,
        68
    ],
    "save_path": "..\\..\\results\\params_comparison/run_2/train/rtdetr-l_0.3g_0.5r_0.7c_alls.json",
    "args": {
        "model_name": "rtdetr-l",
        "grid_scale": 0.3,
        "confiance": 0.7,
        "resize_scale": 0.5,
        "images_path": "..\\..\\data\\datasets\\full_yolo\\train_valid\\images",
        "annotations_path": "..\\..\\data\\datasets\\full_yolo\\train_valid\\labels",
        "random_seed": 1010,
        "data_augmentation": true,
        "samples": "all",
        "show_image": false,
        "verbose": false,
        "save_path": "..\\..\\results\\params_comparison/run_2/train"
    }
}