{
    "model_name": "rtdetr-l",
    "MAE": 4.507692307692308,
    "MAPE": 7.445468941007525,
    "RMSE": 6.4223168596818585,
    "pred": [
        53,
        46,
        18,
        12,
        19,
        34,
        27,
        66,
        142,
        288,
        113,
        61,
        86,
        49,
        71,
        101,
        103,
        86,
        110,
        102,
        88,
        172,
        171,
        76,
        117,
        62,
        30,
        17,
        34,
        81,
        100,
        101,
        118,
        118,
        98,
        97,
        98,
        99,
        124,
        126,
        123,
        123,
        125,
        53,
        63,
        64,
        129,
        75,
        50,
        66,
        44,
        88,
        21,
        33,
        79,
        55,
        26,
        33,
        33,
        38,
        69,
        72,
        34,
        34,
        45,
        29,
        78,
        26,
        57,
        128,
        182,
        95,
        52,
        99,
        99,
        105,
        103,
        141,
        46,
        56,
        81,
        89,
        242,
        77,
        61,
        61,
        58,
        69,
        45,
        77,
        0,
        36,
        31,
        47,
        24,
        52,
        34,
        97,
        42,
        83,
        53,
        78,
        100,
        55,
        51,
        58,
        149,
        187,
        118,
        80,
        60,
        96,
        47,
        19,
        21,
        49,
        53,
        82,
        34,
        75,
        46,
        118,
        239,
        53,
        250,
        24,
        77,
        72,
        96,
        74
    ],
    "real": [
        47,
        43,
        17,
        12,
        18,
        32,
        21,
        62,
        147,
        290,
        115,
        60,
        92,
        52,
        71,
        97,
        100,
        83,
        106,
        95,
        83,
        167,
        167,
        75,
        111,
        64,
        30,
        18,
        35,
        64,
        99,
        96,
        113,
        121,
        93,
        91,
        93,
        96,
        120,
        123,
        122,
        127,
        125,
        49,
        56,
        58,
        124,
        75,
        44,
        61,
        40,
        73,
        19,
        29,
        71,
        48,
        26,
        32,
        32,
        37,
        65,
        69,
        30,
        30,
        41,
        26,
        79,
        26,
        49,
        117,
        185,
        95,
        57,
        95,
        100,
        102,
        102,
        136,
        43,
        49,
        76,
        83,
        240,
        76,
        58,
        58,
        47,
        61,
        47,
        72,
        18,
        35,
        31,
        55,
        38,
        51,
        36,
        98,
        48,
        84,
        46,
        76,
        96,
        46,
        54,
        58,
        173,
        202,
        131,
        74,
        56,
        110,
        43,
        16,
        23,
        48,
        50,
        81,
        39,
        68,
        46,
        119,
        268,
        54,
        263,
        29,
        77,
        70,
        92,
        68
    ],
    "save_path": "..\\..\\results\\params_comparison/run_2/train/rtdetr-l_0.5g_0.5r_0.4c_alls.json",
    "args": {
        "model_name": "rtdetr-l",
        "grid_scale": 0.5,
        "confiance": 0.4,
        "resize_scale": 0.5,
        "images_path": "..\\..\\data\\datasets\\full_yolo\\train_valid\\images",
        "annotations_path": "..\\..\\data\\datasets\\full_yolo\\train_valid\\labels",
        "random_seed": 1010,
        "data_augmentation": true,
        "samples": "all",
        "show_image": false,
        "verbose": false,
        "save_path": "..\\..\\results\\params_comparison/run_2/train"
    }
}