{
    "model_name": "yolov8l",
    "MAE": 5.7615384615384615,
    "MAPE": 7.981898320617158,
    "RMSE": 9.305498787937577,
    "pred": [
        49,
        44,
        17,
        11,
        18,
        34,
        25,
        66,
        137,
        271,
        103,
        59,
        85,
        36,
        66,
        93,
        95,
        73,
        96,
        91,
        78,
        162,
        160,
        73,
        105,
        59,
        26,
        13,
        30,
        69,
        87,
        89,
        110,
        118,
        90,
        91,
        89,
        90,
        118,
        113,
        117,
        115,
        119,
        54,
        59,
        65,
        114,
        73,
        47,
        63,
        41,
        77,
        22,
        31,
        67,
        48,
        28,
        32,
        33,
        38,
        64,
        70,
        32,
        30,
        38,
        25,
        77,
        21,
        49,
        120,
        154,
        70,
        53,
        96,
        95,
        99,
        102,
        129,
        42,
        49,
        76,
        80,
        233,
        72,
        56,
        61,
        46,
        64,
        38,
        77,
        0,
        33,
        30,
        48,
        23,
        49,
        35,
        96,
        41,
        81,
        47,
        74,
        78,
        42,
        49,
        47,
        145,
        179,
        101,
        75,
        54,
        88,
        45,
        11,
        19,
        49,
        50,
        83,
        38,
        70,
        42,
        113,
        222,
        50,
        236,
        28,
        77,
        59,
        86,
        69
    ],
    "real": [
        47,
        43,
        17,
        12,
        18,
        32,
        21,
        62,
        147,
        290,
        115,
        60,
        92,
        52,
        71,
        97,
        100,
        83,
        106,
        95,
        83,
        167,
        167,
        75,
        111,
        64,
        30,
        18,
        35,
        64,
        99,
        96,
        113,
        121,
        93,
        91,
        93,
        96,
        120,
        123,
        122,
        127,
        125,
        49,
        56,
        58,
        124,
        75,
        44,
        61,
        40,
        73,
        19,
        29,
        71,
        48,
        26,
        32,
        32,
        37,
        65,
        69,
        30,
        30,
        41,
        26,
        79,
        26,
        49,
        117,
        185,
        95,
        57,
        95,
        100,
        102,
        102,
        136,
        43,
        49,
        76,
        83,
        240,
        76,
        58,
        58,
        47,
        61,
        47,
        72,
        18,
        35,
        31,
        55,
        38,
        51,
        36,
        98,
        48,
        84,
        46,
        76,
        96,
        46,
        54,
        58,
        173,
        202,
        131,
        74,
        56,
        110,
        43,
        16,
        23,
        48,
        50,
        81,
        39,
        68,
        46,
        119,
        268,
        54,
        263,
        29,
        77,
        70,
        92,
        68
    ],
    "save_path": "..\\..\\results\\params_comparison/run_2/train/yolov8l_0.5g_0.5r_0.45c_alls.json",
    "args": {
        "model_name": "yolov8l",
        "grid_scale": 0.5,
        "confiance": 0.45,
        "resize_scale": 0.5,
        "images_path": "..\\..\\data\\datasets\\full_yolo\\train_valid\\images",
        "annotations_path": "..\\..\\data\\datasets\\full_yolo\\train_valid\\labels",
        "random_seed": 1010,
        "data_augmentation": true,
        "samples": "all",
        "show_image": false,
        "verbose": false,
        "save_path": "..\\..\\results\\params_comparison/run_2/train"
    }
}