{
    "model_name": "yolov8m",
    "MAE": 6.3307692307692305,
    "MAPE": 8.869681490074239,
    "RMSE": 9.515574278316251,
    "pred": [
        48,
        43,
        16,
        12,
        17,
        35,
        22,
        58,
        129,
        275,
        104,
        53,
        82,
        26,
        65,
        95,
        103,
        81,
        97,
        93,
        80,
        162,
        161,
        75,
        108,
        58,
        28,
        14,
        29,
        69,
        96,
        93,
        108,
        117,
        88,
        86,
        84,
        91,
        111,
        119,
        115,
        119,
        122,
        48,
        55,
        62,
        104,
        69,
        42,
        59,
        43,
        72,
        22,
        32,
        70,
        46,
        26,
        31,
        32,
        35,
        63,
        65,
        30,
        29,
        37,
        22,
        78,
        22,
        44,
        110,
        160,
        79,
        55,
        95,
        90,
        97,
        94,
        126,
        42,
        45,
        74,
        78,
        222,
        75,
        54,
        55,
        42,
        60,
        36,
        71,
        1,
        34,
        31,
        45,
        23,
        40,
        30,
        97,
        41,
        76,
        49,
        72,
        83,
        43,
        46,
        45,
        140,
        178,
        98,
        74,
        53,
        89,
        44,
        13,
        20,
        49,
        45,
        78,
        35,
        62,
        43,
        112,
        228,
        42,
        242,
        23,
        73,
        60,
        83,
        65
    ],
    "real": [
        47,
        43,
        17,
        12,
        18,
        32,
        21,
        62,
        147,
        290,
        115,
        60,
        92,
        52,
        71,
        97,
        100,
        83,
        106,
        95,
        83,
        167,
        167,
        75,
        111,
        64,
        30,
        18,
        35,
        64,
        99,
        96,
        113,
        121,
        93,
        91,
        93,
        96,
        120,
        123,
        122,
        127,
        125,
        49,
        56,
        58,
        124,
        75,
        44,
        61,
        40,
        73,
        19,
        29,
        71,
        48,
        26,
        32,
        32,
        37,
        65,
        69,
        30,
        30,
        41,
        26,
        79,
        26,
        49,
        117,
        185,
        95,
        57,
        95,
        100,
        102,
        102,
        136,
        43,
        49,
        76,
        83,
        240,
        76,
        58,
        58,
        47,
        61,
        47,
        72,
        18,
        35,
        31,
        55,
        38,
        51,
        36,
        98,
        48,
        84,
        46,
        76,
        96,
        46,
        54,
        58,
        173,
        202,
        131,
        74,
        56,
        110,
        43,
        16,
        23,
        48,
        50,
        81,
        39,
        68,
        46,
        119,
        268,
        54,
        263,
        29,
        77,
        70,
        92,
        68
    ],
    "save_path": "..\\..\\results\\params_comparison/run_2/train/yolov8m_0.4g_0.5r_0.55c_alls.json",
    "args": {
        "model_name": "yolov8m",
        "grid_scale": 0.4,
        "confiance": 0.55,
        "resize_scale": 0.5,
        "images_path": "..\\..\\data\\datasets\\full_yolo\\train_valid\\images",
        "annotations_path": "..\\..\\data\\datasets\\full_yolo\\train_valid\\labels",
        "random_seed": 1010,
        "data_augmentation": true,
        "samples": "all",
        "show_image": false,
        "verbose": false,
        "save_path": "..\\..\\results\\params_comparison/run_2/train"
    }
}