{
    "model_name": "yolov8s",
    "MAE": 8.907692307692308,
    "MAPE": 11.922232491012714,
    "RMSE": 13.424432375910149,
    "pred": [
        46,
        44,
        17,
        12,
        17,
        34,
        23,
        62,
        124,
        256,
        104,
        51,
        80,
        29,
        49,
        81,
        98,
        70,
        97,
        90,
        83,
        159,
        158,
        72,
        107,
        52,
        26,
        11,
        28,
        66,
        87,
        90,
        104,
        109,
        87,
        80,
        83,
        86,
        110,
        113,
        110,
        115,
        121,
        47,
        54,
        59,
        111,
        72,
        45,
        59,
        43,
        76,
        20,
        33,
        64,
        47,
        22,
        32,
        25,
        34,
        65,
        66,
        28,
        30,
        42,
        23,
        77,
        21,
        45,
        113,
        163,
        77,
        50,
        91,
        90,
        88,
        96,
        124,
        41,
        45,
        67,
        76,
        214,
        74,
        52,
        56,
        44,
        57,
        34,
        73,
        0,
        33,
        27,
        47,
        19,
        37,
        25,
        92,
        38,
        77,
        45,
        72,
        80,
        37,
        48,
        36,
        120,
        162,
        87,
        71,
        54,
        79,
        40,
        13,
        16,
        44,
        45,
        75,
        34,
        68,
        38,
        102,
        211,
        47,
        230,
        22,
        76,
        54,
        68,
        62
    ],
    "real": [
        47,
        43,
        17,
        12,
        18,
        32,
        21,
        62,
        147,
        290,
        115,
        60,
        92,
        52,
        71,
        97,
        100,
        83,
        106,
        95,
        83,
        167,
        167,
        75,
        111,
        64,
        30,
        18,
        35,
        64,
        99,
        96,
        113,
        121,
        93,
        91,
        93,
        96,
        120,
        123,
        122,
        127,
        125,
        49,
        56,
        58,
        124,
        75,
        44,
        61,
        40,
        73,
        19,
        29,
        71,
        48,
        26,
        32,
        32,
        37,
        65,
        69,
        30,
        30,
        41,
        26,
        79,
        26,
        49,
        117,
        185,
        95,
        57,
        95,
        100,
        102,
        102,
        136,
        43,
        49,
        76,
        83,
        240,
        76,
        58,
        58,
        47,
        61,
        47,
        72,
        18,
        35,
        31,
        55,
        38,
        51,
        36,
        98,
        48,
        84,
        46,
        76,
        96,
        46,
        54,
        58,
        173,
        202,
        131,
        74,
        56,
        110,
        43,
        16,
        23,
        48,
        50,
        81,
        39,
        68,
        46,
        119,
        268,
        54,
        263,
        29,
        77,
        70,
        92,
        68
    ],
    "save_path": "..\\..\\results\\params_comparison/run_2/train/yolov8s_0.5g_0.5r_0.55c_alls.json",
    "args": {
        "model_name": "yolov8s",
        "grid_scale": 0.5,
        "confiance": 0.55,
        "resize_scale": 0.5,
        "images_path": "..\\..\\data\\datasets\\full_yolo\\train_valid\\images",
        "annotations_path": "..\\..\\data\\datasets\\full_yolo\\train_valid\\labels",
        "random_seed": 1010,
        "data_augmentation": true,
        "samples": "all",
        "show_image": false,
        "verbose": false,
        "save_path": "..\\..\\results\\params_comparison/run_2/train"
    }
}