{
    "model_name": "yolov8l",
    "MAE": 3.976923076923077,
    "MAPE": 6.699055165339919,
    "RMSE": 5.571217240286142,
    "pred": [
        53,
        48,
        17,
        13,
        18,
        36,
        27,
        67,
        145,
        310,
        115,
        63,
        87,
        48,
        70,
        99,
        103,
        79,
        105,
        98,
        83,
        171,
        166,
        72,
        113,
        62,
        32,
        15,
        34,
        76,
        99,
        99,
        118,
        121,
        98,
        95,
        93,
        98,
        117,
        117,
        116,
        125,
        126,
        56,
        65,
        64,
        129,
        79,
        46,
        65,
        42,
        79,
        20,
        34,
        73,
        52,
        29,
        34,
        34,
        43,
        70,
        74,
        32,
        30,
        41,
        26,
        80,
        26,
        55,
        129,
        182,
        86,
        58,
        98,
        99,
        104,
        103,
        139,
        45,
        51,
        81,
        84,
        242,
        74,
        55,
        62,
        48,
        72,
        40,
        74,
        1,
        37,
        29,
        46,
        26,
        49,
        35,
        100,
        43,
        83,
        51,
        82,
        88,
        47,
        55,
        52,
        159,
        191,
        108,
        75,
        58,
        100,
        48,
        18,
        21,
        52,
        50,
        86,
        32,
        75,
        46,
        120,
        257,
        58,
        270,
        30,
        71,
        70,
        96,
        70
    ],
    "real": [
        47,
        43,
        17,
        12,
        18,
        32,
        21,
        62,
        147,
        290,
        115,
        60,
        92,
        52,
        71,
        97,
        100,
        83,
        106,
        95,
        83,
        167,
        167,
        75,
        111,
        64,
        30,
        18,
        35,
        64,
        99,
        96,
        113,
        121,
        93,
        91,
        93,
        96,
        120,
        123,
        122,
        127,
        125,
        49,
        56,
        58,
        124,
        75,
        44,
        61,
        40,
        73,
        19,
        29,
        71,
        48,
        26,
        32,
        32,
        37,
        65,
        69,
        30,
        30,
        41,
        26,
        79,
        26,
        49,
        117,
        185,
        95,
        57,
        95,
        100,
        102,
        102,
        136,
        43,
        49,
        76,
        83,
        240,
        76,
        58,
        58,
        47,
        61,
        47,
        72,
        18,
        35,
        31,
        55,
        38,
        51,
        36,
        98,
        48,
        84,
        46,
        76,
        96,
        46,
        54,
        58,
        173,
        202,
        131,
        74,
        56,
        110,
        43,
        16,
        23,
        48,
        50,
        81,
        39,
        68,
        46,
        119,
        268,
        54,
        263,
        29,
        77,
        70,
        92,
        68
    ],
    "save_path": "..\\..\\results\\params_comparison/run_2/train/yolov8l_0.4g_0.5r_0.4c_alls.json",
    "args": {
        "model_name": "yolov8l",
        "grid_scale": 0.4,
        "confiance": 0.4,
        "resize_scale": 0.5,
        "images_path": "..\\..\\data\\datasets\\full_yolo\\train_valid\\images",
        "annotations_path": "..\\..\\data\\datasets\\full_yolo\\train_valid\\labels",
        "random_seed": 1010,
        "data_augmentation": true,
        "samples": "all",
        "show_image": false,
        "verbose": false,
        "save_path": "..\\..\\results\\params_comparison/run_2/train"
    }
}