{
    "model_name": "yolov8n",
    "MAE": 18.884615384615383,
    "MAPE": 22.56664906974706,
    "RMSE": 26.68376054687714,
    "pred": [
        45,
        42,
        14,
        12,
        15,
        29,
        18,
        50,
        85,
        212,
        86,
        43,
        67,
        19,
        48,
        63,
        82,
        60,
        79,
        85,
        75,
        137,
        143,
        69,
        93,
        43,
        24,
        13,
        19,
        54,
        66,
        73,
        83,
        96,
        75,
        78,
        73,
        78,
        95,
        93,
        102,
        107,
        108,
        37,
        52,
        56,
        89,
        60,
        39,
        48,
        37,
        64,
        19,
        28,
        59,
        43,
        22,
        30,
        24,
        31,
        54,
        57,
        29,
        28,
        33,
        21,
        65,
        22,
        34,
        91,
        110,
        48,
        42,
        85,
        78,
        75,
        76,
        110,
        42,
        34,
        63,
        70,
        170,
        64,
        47,
        49,
        40,
        46,
        26,
        64,
        0,
        30,
        24,
        42,
        17,
        39,
        30,
        84,
        26,
        65,
        36,
        60,
        58,
        31,
        42,
        41,
        81,
        138,
        67,
        58,
        48,
        78,
        37,
        12,
        17,
        38,
        38,
        61,
        32,
        57,
        34,
        78,
        155,
        42,
        191,
        24,
        67,
        46,
        61,
        49
    ],
    "real": [
        47,
        43,
        17,
        12,
        18,
        32,
        21,
        62,
        147,
        290,
        115,
        60,
        92,
        52,
        71,
        97,
        100,
        83,
        106,
        95,
        83,
        167,
        167,
        75,
        111,
        64,
        30,
        18,
        35,
        64,
        99,
        96,
        113,
        121,
        93,
        91,
        93,
        96,
        120,
        123,
        122,
        127,
        125,
        49,
        56,
        58,
        124,
        75,
        44,
        61,
        40,
        73,
        19,
        29,
        71,
        48,
        26,
        32,
        32,
        37,
        65,
        69,
        30,
        30,
        41,
        26,
        79,
        26,
        49,
        117,
        185,
        95,
        57,
        95,
        100,
        102,
        102,
        136,
        43,
        49,
        76,
        83,
        240,
        76,
        58,
        58,
        47,
        61,
        47,
        72,
        18,
        35,
        31,
        55,
        38,
        51,
        36,
        98,
        48,
        84,
        46,
        76,
        96,
        46,
        54,
        58,
        173,
        202,
        131,
        74,
        56,
        110,
        43,
        16,
        23,
        48,
        50,
        81,
        39,
        68,
        46,
        119,
        268,
        54,
        263,
        29,
        77,
        70,
        92,
        68
    ],
    "save_path": "..\\..\\results\\params_comparison/run_2/train/yolov8n_0.5g_0.5r_0.6c_alls.json",
    "args": {
        "model_name": "yolov8n",
        "grid_scale": 0.5,
        "confiance": 0.6,
        "resize_scale": 0.5,
        "images_path": "..\\..\\data\\datasets\\full_yolo\\train_valid\\images",
        "annotations_path": "..\\..\\data\\datasets\\full_yolo\\train_valid\\labels",
        "random_seed": 1010,
        "data_augmentation": true,
        "samples": "all",
        "show_image": false,
        "verbose": false,
        "save_path": "..\\..\\results\\params_comparison/run_2/train"
    }
}