{
    "model_name": "yolov8x",
    "MAE": 3.976923076923077,
    "MAPE": 6.228752619277309,
    "RMSE": 6.520382244576204,
    "pred": [
        51,
        46,
        16,
        11,
        18,
        32,
        26,
        65,
        142,
        300,
        110,
        56,
        89,
        38,
        67,
        99,
        101,
        77,
        107,
        95,
        79,
        171,
        165,
        73,
        117,
        62,
        25,
        15,
        33,
        71,
        94,
        96,
        112,
        121,
        93,
        96,
        92,
        96,
        120,
        117,
        119,
        123,
        125,
        52,
        55,
        65,
        123,
        73,
        47,
        66,
        43,
        78,
        21,
        33,
        68,
        51,
        26,
        32,
        26,
        37,
        65,
        73,
        30,
        30,
        40,
        25,
        79,
        28,
        53,
        127,
        165,
        83,
        57,
        96,
        97,
        105,
        99,
        133,
        43,
        51,
        75,
        83,
        236,
        73,
        54,
        58,
        49,
        63,
        44,
        76,
        2,
        38,
        28,
        50,
        26,
        52,
        35,
        96,
        44,
        82,
        46,
        76,
        83,
        45,
        47,
        53,
        145,
        191,
        104,
        74,
        55,
        96,
        45,
        14,
        18,
        48,
        49,
        80,
        35,
        71,
        43,
        120,
        238,
        51,
        251,
        26,
        73,
        64,
        89,
        72
    ],
    "real": [
        47,
        43,
        17,
        12,
        18,
        32,
        21,
        62,
        147,
        290,
        115,
        60,
        92,
        52,
        71,
        97,
        100,
        83,
        106,
        95,
        83,
        167,
        167,
        75,
        111,
        64,
        30,
        18,
        35,
        64,
        99,
        96,
        113,
        121,
        93,
        91,
        93,
        96,
        120,
        123,
        122,
        127,
        125,
        49,
        56,
        58,
        124,
        75,
        44,
        61,
        40,
        73,
        19,
        29,
        71,
        48,
        26,
        32,
        32,
        37,
        65,
        69,
        30,
        30,
        41,
        26,
        79,
        26,
        49,
        117,
        185,
        95,
        57,
        95,
        100,
        102,
        102,
        136,
        43,
        49,
        76,
        83,
        240,
        76,
        58,
        58,
        47,
        61,
        47,
        72,
        18,
        35,
        31,
        55,
        38,
        51,
        36,
        98,
        48,
        84,
        46,
        76,
        96,
        46,
        54,
        58,
        173,
        202,
        131,
        74,
        56,
        110,
        43,
        16,
        23,
        48,
        50,
        81,
        39,
        68,
        46,
        119,
        268,
        54,
        263,
        29,
        77,
        70,
        92,
        68
    ],
    "save_path": "..\\..\\results\\params_comparison/run_2/train/yolov8x_0.4g_0.5r_0.45c_alls.json",
    "args": {
        "model_name": "yolov8x",
        "grid_scale": 0.4,
        "confiance": 0.45,
        "resize_scale": 0.5,
        "images_path": "..\\..\\data\\datasets\\full_yolo\\train_valid\\images",
        "annotations_path": "..\\..\\data\\datasets\\full_yolo\\train_valid\\labels",
        "random_seed": 1010,
        "data_augmentation": true,
        "samples": "all",
        "show_image": false,
        "verbose": false,
        "save_path": "..\\..\\results\\params_comparison/run_2/train"
    }
}