{
    "model_name": "yolov8x",
    "MAE": 7.792307692307692,
    "MAPE": 9.472571740805437,
    "RMSE": 13.662694857502702,
    "pred": [
        47,
        43,
        16,
        11,
        18,
        33,
        26,
        62,
        130,
        270,
        101,
        55,
        83,
        37,
        59,
        90,
        99,
        69,
        97,
        90,
        79,
        153,
        158,
        72,
        105,
        57,
        28,
        16,
        28,
        69,
        89,
        89,
        103,
        111,
        91,
        90,
        91,
        88,
        112,
        106,
        113,
        112,
        118,
        48,
        55,
        63,
        114,
        72,
        42,
        61,
        40,
        76,
        21,
        32,
        68,
        48,
        26,
        32,
        26,
        33,
        64,
        69,
        30,
        30,
        37,
        21,
        74,
        24,
        49,
        113,
        131,
        59,
        51,
        93,
        94,
        93,
        94,
        128,
        42,
        48,
        75,
        78,
        222,
        77,
        54,
        56,
        43,
        63,
        41,
        72,
        0,
        34,
        30,
        46,
        23,
        42,
        32,
        91,
        41,
        78,
        47,
        75,
        68,
        45,
        45,
        48,
        135,
        168,
        86,
        70,
        53,
        91,
        45,
        14,
        17,
        45,
        49,
        76,
        34,
        69,
        44,
        105,
        193,
        49,
        212,
        27,
        73,
        59,
        80,
        65
    ],
    "real": [
        47,
        43,
        17,
        12,
        18,
        32,
        21,
        62,
        147,
        290,
        115,
        60,
        92,
        52,
        71,
        97,
        100,
        83,
        106,
        95,
        83,
        167,
        167,
        75,
        111,
        64,
        30,
        18,
        35,
        64,
        99,
        96,
        113,
        121,
        93,
        91,
        93,
        96,
        120,
        123,
        122,
        127,
        125,
        49,
        56,
        58,
        124,
        75,
        44,
        61,
        40,
        73,
        19,
        29,
        71,
        48,
        26,
        32,
        32,
        37,
        65,
        69,
        30,
        30,
        41,
        26,
        79,
        26,
        49,
        117,
        185,
        95,
        57,
        95,
        100,
        102,
        102,
        136,
        43,
        49,
        76,
        83,
        240,
        76,
        58,
        58,
        47,
        61,
        47,
        72,
        18,
        35,
        31,
        55,
        38,
        51,
        36,
        98,
        48,
        84,
        46,
        76,
        96,
        46,
        54,
        58,
        173,
        202,
        131,
        74,
        56,
        110,
        43,
        16,
        23,
        48,
        50,
        81,
        39,
        68,
        46,
        119,
        268,
        54,
        263,
        29,
        77,
        70,
        92,
        68
    ],
    "save_path": "..\\..\\results\\params_comparison/run_2/train/yolov8x_0.5g_0.5r_0.5c_alls.json",
    "args": {
        "model_name": "yolov8x",
        "grid_scale": 0.5,
        "confiance": 0.5,
        "resize_scale": 0.5,
        "images_path": "..\\..\\data\\datasets\\full_yolo\\train_valid\\images",
        "annotations_path": "..\\..\\data\\datasets\\full_yolo\\train_valid\\labels",
        "random_seed": 1010,
        "data_augmentation": true,
        "samples": "all",
        "show_image": false,
        "verbose": false,
        "save_path": "..\\..\\results\\params_comparison/run_2/train"
    }
}