{
    "model_name": "yolov8s",
    "MAE": 4.438461538461539,
    "MAPE": 6.814755246034249,
    "RMSE": 7.6716260436654595,
    "pred": [
        51,
        44,
        17,
        13,
        19,
        35,
        25,
        63,
        141,
        293,
        104,
        59,
        87,
        34,
        60,
        92,
        100,
        78,
        105,
        94,
        80,
        170,
        162,
        72,
        116,
        61,
        29,
        15,
        30,
        68,
        97,
        95,
        117,
        118,
        96,
        93,
        92,
        95,
        114,
        119,
        118,
        120,
        126,
        49,
        59,
        67,
        115,
        78,
        46,
        61,
        41,
        75,
        21,
        30,
        72,
        50,
        26,
        34,
        35,
        37,
        62,
        71,
        28,
        30,
        45,
        24,
        77,
        24,
        52,
        115,
        184,
        87,
        60,
        95,
        98,
        98,
        98,
        132,
        43,
        49,
        75,
        81,
        234,
        76,
        57,
        59,
        44,
        63,
        41,
        74,
        2,
        35,
        28,
        44,
        21,
        43,
        32,
        95,
        44,
        80,
        46,
        74,
        87,
        44,
        48,
        45,
        123,
        181,
        101,
        72,
        55,
        92,
        45,
        14,
        19,
        47,
        52,
        85,
        35,
        71,
        41,
        115,
        248,
        54,
        247,
        24,
        76,
        64,
        86,
        68
    ],
    "real": [
        47,
        43,
        17,
        12,
        18,
        32,
        21,
        62,
        147,
        290,
        115,
        60,
        92,
        52,
        71,
        97,
        100,
        83,
        106,
        95,
        83,
        167,
        167,
        75,
        111,
        64,
        30,
        18,
        35,
        64,
        99,
        96,
        113,
        121,
        93,
        91,
        93,
        96,
        120,
        123,
        122,
        127,
        125,
        49,
        56,
        58,
        124,
        75,
        44,
        61,
        40,
        73,
        19,
        29,
        71,
        48,
        26,
        32,
        32,
        37,
        65,
        69,
        30,
        30,
        41,
        26,
        79,
        26,
        49,
        117,
        185,
        95,
        57,
        95,
        100,
        102,
        102,
        136,
        43,
        49,
        76,
        83,
        240,
        76,
        58,
        58,
        47,
        61,
        47,
        72,
        18,
        35,
        31,
        55,
        38,
        51,
        36,
        98,
        48,
        84,
        46,
        76,
        96,
        46,
        54,
        58,
        173,
        202,
        131,
        74,
        56,
        110,
        43,
        16,
        23,
        48,
        50,
        81,
        39,
        68,
        46,
        119,
        268,
        54,
        263,
        29,
        77,
        70,
        92,
        68
    ],
    "save_path": "..\\..\\results\\params_comparison/run_2/train/yolov8s_0.4g_0.5r_0.5c_alls.json",
    "args": {
        "model_name": "yolov8s",
        "grid_scale": 0.4,
        "confiance": 0.5,
        "resize_scale": 0.5,
        "images_path": "..\\..\\data\\datasets\\full_yolo\\train_valid\\images",
        "annotations_path": "..\\..\\data\\datasets\\full_yolo\\train_valid\\labels",
        "random_seed": 1010,
        "data_augmentation": true,
        "samples": "all",
        "show_image": false,
        "verbose": false,
        "save_path": "..\\..\\results\\params_comparison/run_2/train"
    }
}