{
    "model_name": "yolov8s",
    "MAE": 4.1461538461538465,
    "MAPE": 5.968773590547919,
    "RMSE": 6.293464253310121,
    "pred": [
        51,
        47,
        17,
        13,
        18,
        33,
        24,
        60,
        155,
        298,
        112,
        59,
        90,
        51,
        68,
        100,
        108,
        89,
        112,
        95,
        85,
        172,
        172,
        79,
        118,
        64,
        31,
        18,
        36,
        74,
        98,
        102,
        119,
        123,
        97,
        96,
        95,
        99,
        123,
        127,
        125,
        134,
        125,
        55,
        63,
        65,
        124,
        77,
        46,
        63,
        43,
        75,
        21,
        32,
        74,
        47,
        25,
        32,
        31,
        36,
        55,
        68,
        29,
        32,
        47,
        27,
        85,
        30,
        54,
        135,
        166,
        82,
        58,
        97,
        98,
        105,
        101,
        138,
        46,
        49,
        79,
        84,
        232,
        79,
        53,
        59,
        47,
        61,
        46,
        76,
        5,
        36,
        33,
        48,
        27,
        51,
        33,
        102,
        45,
        83,
        51,
        78,
        79,
        44,
        51,
        53,
        142,
        186,
        112,
        73,
        58,
        99,
        47,
        16,
        23,
        48,
        52,
        86,
        29,
        73,
        44,
        119,
        254,
        57,
        256,
        30,
        77,
        70,
        86,
        75
    ],
    "real": [
        47,
        43,
        17,
        12,
        18,
        32,
        21,
        62,
        147,
        290,
        115,
        60,
        92,
        52,
        71,
        97,
        100,
        83,
        106,
        95,
        83,
        167,
        167,
        75,
        111,
        64,
        30,
        18,
        35,
        64,
        99,
        96,
        113,
        121,
        93,
        91,
        93,
        96,
        120,
        123,
        122,
        127,
        125,
        49,
        56,
        58,
        124,
        75,
        44,
        61,
        40,
        73,
        19,
        29,
        71,
        48,
        26,
        32,
        32,
        37,
        65,
        69,
        30,
        30,
        41,
        26,
        79,
        26,
        49,
        117,
        185,
        95,
        57,
        95,
        100,
        102,
        102,
        136,
        43,
        49,
        76,
        83,
        240,
        76,
        58,
        58,
        47,
        61,
        47,
        72,
        18,
        35,
        31,
        55,
        38,
        51,
        36,
        98,
        48,
        84,
        46,
        76,
        96,
        46,
        54,
        58,
        173,
        202,
        131,
        74,
        56,
        110,
        43,
        16,
        23,
        48,
        50,
        81,
        39,
        68,
        46,
        119,
        268,
        54,
        263,
        29,
        77,
        70,
        92,
        68
    ],
    "save_path": "..\\..\\results\\params_comparison/run_2/train/yolov8s_0.2g_0.5r_0.55c_alls.json",
    "args": {
        "model_name": "yolov8s",
        "grid_scale": 0.2,
        "confiance": 0.55,
        "resize_scale": 0.5,
        "images_path": "..\\..\\data\\datasets\\full_yolo\\train_valid\\images",
        "annotations_path": "..\\..\\data\\datasets\\full_yolo\\train_valid\\labels",
        "random_seed": 1010,
        "data_augmentation": true,
        "samples": "all",
        "show_image": false,
        "verbose": false,
        "save_path": "..\\..\\results\\params_comparison/run_2/train"
    }
}