{
    "model_name": "yolov8x",
    "MAE": 10.446153846153846,
    "MAPE": 13.658341389486994,
    "RMSE": 15.892426836994744,
    "pred": [
        41,
        41,
        19,
        9,
        17,
        32,
        24,
        60,
        124,
        263,
        96,
        52,
        77,
        31,
        53,
        90,
        92,
        65,
        96,
        90,
        76,
        155,
        155,
        71,
        106,
        46,
        25,
        11,
        26,
        65,
        80,
        83,
        100,
        112,
        88,
        90,
        85,
        88,
        112,
        100,
        110,
        110,
        116,
        51,
        56,
        62,
        113,
        67,
        44,
        58,
        36,
        73,
        19,
        31,
        67,
        43,
        25,
        31,
        32,
        33,
        55,
        66,
        28,
        28,
        35,
        22,
        73,
        26,
        45,
        111,
        134,
        73,
        52,
        90,
        91,
        91,
        90,
        124,
        41,
        47,
        70,
        75,
        225,
        66,
        51,
        55,
        43,
        60,
        35,
        71,
        0,
        28,
        25,
        42,
        22,
        40,
        31,
        86,
        39,
        78,
        42,
        68,
        68,
        32,
        47,
        43,
        112,
        162,
        88,
        71,
        54,
        86,
        41,
        10,
        16,
        44,
        43,
        69,
        24,
        64,
        40,
        106,
        195,
        46,
        200,
        25,
        67,
        52,
        65,
        54
    ],
    "real": [
        47,
        43,
        17,
        12,
        18,
        32,
        21,
        62,
        147,
        290,
        115,
        60,
        92,
        52,
        71,
        97,
        100,
        83,
        106,
        95,
        83,
        167,
        167,
        75,
        111,
        64,
        30,
        18,
        35,
        64,
        99,
        96,
        113,
        121,
        93,
        91,
        93,
        96,
        120,
        123,
        122,
        127,
        125,
        49,
        56,
        58,
        124,
        75,
        44,
        61,
        40,
        73,
        19,
        29,
        71,
        48,
        26,
        32,
        32,
        37,
        65,
        69,
        30,
        30,
        41,
        26,
        79,
        26,
        49,
        117,
        185,
        95,
        57,
        95,
        100,
        102,
        102,
        136,
        43,
        49,
        76,
        83,
        240,
        76,
        58,
        58,
        47,
        61,
        47,
        72,
        18,
        35,
        31,
        55,
        38,
        51,
        36,
        98,
        48,
        84,
        46,
        76,
        96,
        46,
        54,
        58,
        173,
        202,
        131,
        74,
        56,
        110,
        43,
        16,
        23,
        48,
        50,
        81,
        39,
        68,
        46,
        119,
        268,
        54,
        263,
        29,
        77,
        70,
        92,
        68
    ],
    "save_path": "..\\..\\results\\params_comparison/run_2/train/yolov8x_0.4g_0.5r_0.6c_alls.json",
    "args": {
        "model_name": "yolov8x",
        "grid_scale": 0.4,
        "confiance": 0.6,
        "resize_scale": 0.5,
        "images_path": "..\\..\\data\\datasets\\full_yolo\\train_valid\\images",
        "annotations_path": "..\\..\\data\\datasets\\full_yolo\\train_valid\\labels",
        "random_seed": 1010,
        "data_augmentation": true,
        "samples": "all",
        "show_image": false,
        "verbose": false,
        "save_path": "..\\..\\results\\params_comparison/run_2/train"
    }
}