{
    "model_name": "yolov8m",
    "MAE": 4.407692307692308,
    "MAPE": 7.474651563261904,
    "RMSE": 5.8474188914689265,
    "pred": [
        54,
        50,
        17,
        12,
        21,
        40,
        29,
        72,
        153,
        303,
        112,
        64,
        93,
        42,
        76,
        103,
        108,
        85,
        112,
        98,
        86,
        179,
        172,
        79,
        121,
        66,
        30,
        18,
        36,
        73,
        100,
        101,
        123,
        125,
        97,
        97,
        92,
        99,
        121,
        124,
        125,
        127,
        135,
        56,
        60,
        67,
        131,
        76,
        46,
        67,
        43,
        81,
        22,
        32,
        77,
        48,
        29,
        34,
        28,
        37,
        65,
        71,
        33,
        30,
        42,
        26,
        83,
        27,
        50,
        136,
        179,
        86,
        59,
        101,
        100,
        105,
        106,
        138,
        45,
        51,
        82,
        86,
        248,
        80,
        63,
        62,
        48,
        67,
        45,
        79,
        3,
        37,
        32,
        46,
        26,
        49,
        34,
        97,
        48,
        86,
        50,
        82,
        92,
        48,
        54,
        58,
        167,
        195,
        115,
        79,
        59,
        96,
        48,
        30,
        21,
        50,
        52,
        86,
        39,
        73,
        46,
        122,
        269,
        55,
        273,
        27,
        81,
        69,
        102,
        75
    ],
    "real": [
        47,
        43,
        17,
        12,
        18,
        32,
        21,
        62,
        147,
        290,
        115,
        60,
        92,
        52,
        71,
        97,
        100,
        83,
        106,
        95,
        83,
        167,
        167,
        75,
        111,
        64,
        30,
        18,
        35,
        64,
        99,
        96,
        113,
        121,
        93,
        91,
        93,
        96,
        120,
        123,
        122,
        127,
        125,
        49,
        56,
        58,
        124,
        75,
        44,
        61,
        40,
        73,
        19,
        29,
        71,
        48,
        26,
        32,
        32,
        37,
        65,
        69,
        30,
        30,
        41,
        26,
        79,
        26,
        49,
        117,
        185,
        95,
        57,
        95,
        100,
        102,
        102,
        136,
        43,
        49,
        76,
        83,
        240,
        76,
        58,
        58,
        47,
        61,
        47,
        72,
        18,
        35,
        31,
        55,
        38,
        51,
        36,
        98,
        48,
        84,
        46,
        76,
        96,
        46,
        54,
        58,
        173,
        202,
        131,
        74,
        56,
        110,
        43,
        16,
        23,
        48,
        50,
        81,
        39,
        68,
        46,
        119,
        268,
        54,
        263,
        29,
        77,
        70,
        92,
        68
    ],
    "save_path": "..\\..\\results\\params_comparison/run_2/train/yolov8m_0.3g_0.5r_0.4c_alls.json",
    "args": {
        "model_name": "yolov8m",
        "grid_scale": 0.3,
        "confiance": 0.4,
        "resize_scale": 0.5,
        "images_path": "..\\..\\data\\datasets\\full_yolo\\train_valid\\images",
        "annotations_path": "..\\..\\data\\datasets\\full_yolo\\train_valid\\labels",
        "random_seed": 1010,
        "data_augmentation": true,
        "samples": "all",
        "show_image": false,
        "verbose": false,
        "save_path": "..\\..\\results\\params_comparison/run_2/train"
    }
}