{
    "model_name": "yolov8n",
    "MAE": 4.223076923076923,
    "MAPE": 6.660325626138086,
    "RMSE": 5.811791726905144,
    "pred": [
        51,
        49,
        17,
        13,
        19,
        35,
        28,
        66,
        153,
        304,
        117,
        63,
        93,
        54,
        81,
        103,
        107,
        88,
        107,
        99,
        85,
        174,
        175,
        81,
        116,
        67,
        29,
        18,
        35,
        79,
        96,
        101,
        124,
        127,
        99,
        101,
        96,
        102,
        124,
        119,
        127,
        126,
        129,
        52,
        60,
        67,
        123,
        80,
        46,
        74,
        42,
        77,
        22,
        31,
        75,
        51,
        26,
        35,
        33,
        38,
        65,
        74,
        30,
        33,
        44,
        30,
        85,
        29,
        56,
        130,
        186,
        96,
        59,
        102,
        105,
        111,
        105,
        139,
        46,
        54,
        79,
        86,
        249,
        78,
        58,
        63,
        50,
        71,
        47,
        74,
        0,
        37,
        32,
        49,
        30,
        51,
        36,
        103,
        50,
        90,
        50,
        80,
        91,
        45,
        54,
        58,
        144,
        199,
        123,
        77,
        55,
        103,
        46,
        16,
        21,
        50,
        51,
        85,
        35,
        74,
        45,
        122,
        275,
        58,
        267,
        30,
        80,
        69,
        92,
        76
    ],
    "real": [
        47,
        43,
        17,
        12,
        18,
        32,
        21,
        62,
        147,
        290,
        115,
        60,
        92,
        52,
        71,
        97,
        100,
        83,
        106,
        95,
        83,
        167,
        167,
        75,
        111,
        64,
        30,
        18,
        35,
        64,
        99,
        96,
        113,
        121,
        93,
        91,
        93,
        96,
        120,
        123,
        122,
        127,
        125,
        49,
        56,
        58,
        124,
        75,
        44,
        61,
        40,
        73,
        19,
        29,
        71,
        48,
        26,
        32,
        32,
        37,
        65,
        69,
        30,
        30,
        41,
        26,
        79,
        26,
        49,
        117,
        185,
        95,
        57,
        95,
        100,
        102,
        102,
        136,
        43,
        49,
        76,
        83,
        240,
        76,
        58,
        58,
        47,
        61,
        47,
        72,
        18,
        35,
        31,
        55,
        38,
        51,
        36,
        98,
        48,
        84,
        46,
        76,
        96,
        46,
        54,
        58,
        173,
        202,
        131,
        74,
        56,
        110,
        43,
        16,
        23,
        48,
        50,
        81,
        39,
        68,
        46,
        119,
        268,
        54,
        263,
        29,
        77,
        70,
        92,
        68
    ],
    "save_path": "..\\..\\results\\params_comparison/run_2/train/yolov8n_0.4g_0.5r_0.4c_alls.json",
    "args": {
        "model_name": "yolov8n",
        "grid_scale": 0.4,
        "confiance": 0.4,
        "resize_scale": 0.5,
        "images_path": "..\\..\\data\\datasets\\full_yolo\\train_valid\\images",
        "annotations_path": "..\\..\\data\\datasets\\full_yolo\\train_valid\\labels",
        "random_seed": 1010,
        "data_augmentation": true,
        "samples": "all",
        "show_image": false,
        "verbose": false,
        "save_path": "..\\..\\results\\params_comparison/run_2/train"
    }
}