{
    "model_name": "yolov8l",
    "MAE": 4.538461538461538,
    "MAPE": 7.075554676471665,
    "RMSE": 6.852287658428107,
    "pred": [
        47,
        43,
        16,
        12,
        19,
        33,
        24,
        63,
        134,
        292,
        104,
        54,
        82,
        38,
        64,
        92,
        105,
        83,
        105,
        97,
        82,
        166,
        172,
        72,
        108,
        58,
        30,
        15,
        29,
        69,
        95,
        96,
        113,
        121,
        91,
        90,
        85,
        95,
        117,
        124,
        118,
        115,
        126,
        50,
        56,
        62,
        123,
        74,
        43,
        65,
        44,
        79,
        19,
        33,
        70,
        47,
        24,
        32,
        31,
        36,
        55,
        69,
        29,
        30,
        45,
        20,
        75,
        21,
        49,
        114,
        172,
        80,
        57,
        100,
        97,
        99,
        93,
        138,
        44,
        51,
        70,
        83,
        235,
        72,
        55,
        55,
        46,
        58,
        37,
        72,
        3,
        32,
        29,
        45,
        26,
        48,
        30,
        95,
        43,
        76,
        45,
        70,
        76,
        41,
        46,
        52,
        146,
        189,
        103,
        71,
        57,
        95,
        44,
        14,
        18,
        47,
        47,
        77,
        33,
        70,
        43,
        123,
        246,
        52,
        258,
        26,
        72,
        68,
        81,
        65
    ],
    "real": [
        47,
        43,
        17,
        12,
        18,
        32,
        21,
        62,
        147,
        290,
        115,
        60,
        92,
        52,
        71,
        97,
        100,
        83,
        106,
        95,
        83,
        167,
        167,
        75,
        111,
        64,
        30,
        18,
        35,
        64,
        99,
        96,
        113,
        121,
        93,
        91,
        93,
        96,
        120,
        123,
        122,
        127,
        125,
        49,
        56,
        58,
        124,
        75,
        44,
        61,
        40,
        73,
        19,
        29,
        71,
        48,
        26,
        32,
        32,
        37,
        65,
        69,
        30,
        30,
        41,
        26,
        79,
        26,
        49,
        117,
        185,
        95,
        57,
        95,
        100,
        102,
        102,
        136,
        43,
        49,
        76,
        83,
        240,
        76,
        58,
        58,
        47,
        61,
        47,
        72,
        18,
        35,
        31,
        55,
        38,
        51,
        36,
        98,
        48,
        84,
        46,
        76,
        96,
        46,
        54,
        58,
        173,
        202,
        131,
        74,
        56,
        110,
        43,
        16,
        23,
        48,
        50,
        81,
        39,
        68,
        46,
        119,
        268,
        54,
        263,
        29,
        77,
        70,
        92,
        68
    ],
    "save_path": "..\\..\\results\\params_comparison/run_2/train/yolov8l_0.3g_0.5r_0.55c_alls.json",
    "args": {
        "model_name": "yolov8l",
        "grid_scale": 0.3,
        "confiance": 0.55,
        "resize_scale": 0.5,
        "images_path": "..\\..\\data\\datasets\\full_yolo\\train_valid\\images",
        "annotations_path": "..\\..\\data\\datasets\\full_yolo\\train_valid\\labels",
        "random_seed": 1010,
        "data_augmentation": true,
        "samples": "all",
        "show_image": false,
        "verbose": false,
        "save_path": "..\\..\\results\\params_comparison/run_2/train"
    }
}