{
    "model_name": "yolov8x",
    "MAE": 4.161538461538462,
    "MAPE": 6.417254742822125,
    "RMSE": 6.0108875576547955,
    "pred": [
        49,
        49,
        17,
        15,
        16,
        36,
        25,
        66,
        155,
        321,
        110,
        62,
        94,
        50,
        73,
        103,
        101,
        86,
        113,
        101,
        83,
        168,
        167,
        78,
        116,
        67,
        27,
        17,
        33,
        78,
        98,
        101,
        124,
        126,
        102,
        97,
        95,
        100,
        123,
        122,
        125,
        132,
        128,
        55,
        59,
        66,
        133,
        76,
        44,
        68,
        47,
        80,
        21,
        32,
        73,
        55,
        27,
        32,
        30,
        40,
        71,
        73,
        30,
        31,
        43,
        27,
        84,
        28,
        57,
        130,
        170,
        84,
        58,
        98,
        100,
        100,
        107,
        139,
        46,
        50,
        79,
        87,
        247,
        78,
        54,
        59,
        48,
        68,
        47,
        78,
        4,
        36,
        33,
        49,
        29,
        50,
        36,
        96,
        46,
        81,
        49,
        75,
        90,
        46,
        50,
        53,
        154,
        196,
        114,
        72,
        59,
        100,
        47,
        15,
        23,
        48,
        51,
        86,
        31,
        71,
        44,
        121,
        276,
        55,
        263,
        29,
        74,
        68,
        92,
        74
    ],
    "real": [
        47,
        43,
        17,
        12,
        18,
        32,
        21,
        62,
        147,
        290,
        115,
        60,
        92,
        52,
        71,
        97,
        100,
        83,
        106,
        95,
        83,
        167,
        167,
        75,
        111,
        64,
        30,
        18,
        35,
        64,
        99,
        96,
        113,
        121,
        93,
        91,
        93,
        96,
        120,
        123,
        122,
        127,
        125,
        49,
        56,
        58,
        124,
        75,
        44,
        61,
        40,
        73,
        19,
        29,
        71,
        48,
        26,
        32,
        32,
        37,
        65,
        69,
        30,
        30,
        41,
        26,
        79,
        26,
        49,
        117,
        185,
        95,
        57,
        95,
        100,
        102,
        102,
        136,
        43,
        49,
        76,
        83,
        240,
        76,
        58,
        58,
        47,
        61,
        47,
        72,
        18,
        35,
        31,
        55,
        38,
        51,
        36,
        98,
        48,
        84,
        46,
        76,
        96,
        46,
        54,
        58,
        173,
        202,
        131,
        74,
        56,
        110,
        43,
        16,
        23,
        48,
        50,
        81,
        39,
        68,
        46,
        119,
        268,
        54,
        263,
        29,
        77,
        70,
        92,
        68
    ],
    "save_path": "..\\..\\results\\params_comparison/run_2/train/yolov8x_0.3g_0.5r_0.4c_alls.json",
    "args": {
        "model_name": "yolov8x",
        "grid_scale": 0.3,
        "confiance": 0.4,
        "resize_scale": 0.5,
        "images_path": "..\\..\\data\\datasets\\full_yolo\\train_valid\\images",
        "annotations_path": "..\\..\\data\\datasets\\full_yolo\\train_valid\\labels",
        "random_seed": 1010,
        "data_augmentation": true,
        "samples": "all",
        "show_image": false,
        "verbose": false,
        "save_path": "..\\..\\results\\params_comparison/run_2/train"
    }
}