{
    "model_name": "yolov8n",
    "MAE": 4.361538461538461,
    "MAPE": 6.262651451701922,
    "RMSE": 7.5747556447005655,
    "pred": [
        51,
        46,
        17,
        13,
        18,
        31,
        24,
        64,
        131,
        279,
        106,
        57,
        81,
        32,
        68,
        96,
        101,
        80,
        101,
        94,
        81,
        168,
        168,
        75,
        115,
        64,
        26,
        18,
        30,
        70,
        94,
        91,
        116,
        118,
        92,
        95,
        90,
        94,
        120,
        117,
        113,
        120,
        124,
        49,
        55,
        62,
        119,
        71,
        44,
        60,
        41,
        75,
        21,
        32,
        65,
        45,
        25,
        32,
        33,
        35,
        64,
        68,
        29,
        29,
        44,
        24,
        78,
        22,
        48,
        115,
        175,
        88,
        54,
        96,
        98,
        105,
        97,
        130,
        44,
        48,
        73,
        82,
        224,
        76,
        53,
        58,
        45,
        61,
        43,
        73,
        0,
        35,
        30,
        46,
        25,
        48,
        35,
        99,
        45,
        79,
        44,
        74,
        89,
        44,
        48,
        51,
        122,
        184,
        105,
        71,
        55,
        93,
        45,
        16,
        24,
        49,
        48,
        83,
        32,
        69,
        44,
        112,
        255,
        55,
        249,
        25,
        78,
        60,
        87,
        64
    ],
    "real": [
        47,
        43,
        17,
        12,
        18,
        32,
        21,
        62,
        147,
        290,
        115,
        60,
        92,
        52,
        71,
        97,
        100,
        83,
        106,
        95,
        83,
        167,
        167,
        75,
        111,
        64,
        30,
        18,
        35,
        64,
        99,
        96,
        113,
        121,
        93,
        91,
        93,
        96,
        120,
        123,
        122,
        127,
        125,
        49,
        56,
        58,
        124,
        75,
        44,
        61,
        40,
        73,
        19,
        29,
        71,
        48,
        26,
        32,
        32,
        37,
        65,
        69,
        30,
        30,
        41,
        26,
        79,
        26,
        49,
        117,
        185,
        95,
        57,
        95,
        100,
        102,
        102,
        136,
        43,
        49,
        76,
        83,
        240,
        76,
        58,
        58,
        47,
        61,
        47,
        72,
        18,
        35,
        31,
        55,
        38,
        51,
        36,
        98,
        48,
        84,
        46,
        76,
        96,
        46,
        54,
        58,
        173,
        202,
        131,
        74,
        56,
        110,
        43,
        16,
        23,
        48,
        50,
        81,
        39,
        68,
        46,
        119,
        268,
        54,
        263,
        29,
        77,
        70,
        92,
        68
    ],
    "save_path": "..\\..\\results\\params_comparison/run_2/train/yolov8n_0.4g_0.5r_0.5c_alls.json",
    "args": {
        "model_name": "yolov8n",
        "grid_scale": 0.4,
        "confiance": 0.5,
        "resize_scale": 0.5,
        "images_path": "..\\..\\data\\datasets\\full_yolo\\train_valid\\images",
        "annotations_path": "..\\..\\data\\datasets\\full_yolo\\train_valid\\labels",
        "random_seed": 1010,
        "data_augmentation": true,
        "samples": "all",
        "show_image": false,
        "verbose": false,
        "save_path": "..\\..\\results\\params_comparison/run_2/train"
    }
}