{
    "model_name": "yolov8x",
    "MAE": 11.2,
    "MAPE": 13.52015648229382,
    "RMSE": 18.246601369528012,
    "pred": [
        47,
        43,
        15,
        10,
        17,
        32,
        24,
        61,
        113,
        243,
        93,
        53,
        73,
        24,
        52,
        80,
        81,
        68,
        82,
        91,
        73,
        149,
        155,
        72,
        102,
        50,
        25,
        12,
        28,
        66,
        81,
        85,
        92,
        104,
        85,
        83,
        79,
        87,
        107,
        105,
        112,
        110,
        116,
        50,
        55,
        64,
        114,
        71,
        43,
        61,
        38,
        73,
        21,
        30,
        66,
        48,
        25,
        32,
        26,
        33,
        63,
        68,
        29,
        29,
        35,
        23,
        75,
        23,
        46,
        116,
        116,
        56,
        51,
        89,
        93,
        92,
        91,
        126,
        42,
        46,
        67,
        75,
        212,
        75,
        52,
        55,
        43,
        56,
        33,
        72,
        0,
        31,
        27,
        42,
        19,
        43,
        32,
        89,
        40,
        78,
        43,
        67,
        60,
        34,
        47,
        45,
        127,
        158,
        76,
        68,
        49,
        87,
        43,
        14,
        16,
        44,
        48,
        80,
        34,
        62,
        40,
        100,
        172,
        44,
        203,
        22,
        66,
        57,
        79,
        60
    ],
    "real": [
        47,
        43,
        17,
        12,
        18,
        32,
        21,
        62,
        147,
        290,
        115,
        60,
        92,
        52,
        71,
        97,
        100,
        83,
        106,
        95,
        83,
        167,
        167,
        75,
        111,
        64,
        30,
        18,
        35,
        64,
        99,
        96,
        113,
        121,
        93,
        91,
        93,
        96,
        120,
        123,
        122,
        127,
        125,
        49,
        56,
        58,
        124,
        75,
        44,
        61,
        40,
        73,
        19,
        29,
        71,
        48,
        26,
        32,
        32,
        37,
        65,
        69,
        30,
        30,
        41,
        26,
        79,
        26,
        49,
        117,
        185,
        95,
        57,
        95,
        100,
        102,
        102,
        136,
        43,
        49,
        76,
        83,
        240,
        76,
        58,
        58,
        47,
        61,
        47,
        72,
        18,
        35,
        31,
        55,
        38,
        51,
        36,
        98,
        48,
        84,
        46,
        76,
        96,
        46,
        54,
        58,
        173,
        202,
        131,
        74,
        56,
        110,
        43,
        16,
        23,
        48,
        50,
        81,
        39,
        68,
        46,
        119,
        268,
        54,
        263,
        29,
        77,
        70,
        92,
        68
    ],
    "save_path": "..\\..\\results\\params_comparison/run_2/train/yolov8x_0.5g_0.5r_0.55c_alls.json",
    "args": {
        "model_name": "yolov8x",
        "grid_scale": 0.5,
        "confiance": 0.55,
        "resize_scale": 0.5,
        "images_path": "..\\..\\data\\datasets\\full_yolo\\train_valid\\images",
        "annotations_path": "..\\..\\data\\datasets\\full_yolo\\train_valid\\labels",
        "random_seed": 1010,
        "data_augmentation": true,
        "samples": "all",
        "show_image": false,
        "verbose": false,
        "save_path": "..\\..\\results\\params_comparison/run_2/train"
    }
}