{
    "model_name": "yolov8n",
    "MAE": 4.553846153846154,
    "MAPE": 6.84605435523322,
    "RMSE": 7.133884474275407,
    "pred": [
        50,
        47,
        19,
        13,
        18,
        34,
        28,
        66,
        137,
        278,
        108,
        55,
        83,
        36,
        64,
        92,
        104,
        79,
        101,
        99,
        87,
        161,
        169,
        74,
        116,
        58,
        28,
        16,
        32,
        74,
        94,
        94,
        116,
        122,
        96,
        95,
        91,
        97,
        116,
        116,
        119,
        120,
        123,
        49,
        59,
        63,
        119,
        75,
        46,
        63,
        43,
        76,
        23,
        31,
        69,
        47,
        27,
        32,
        25,
        36,
        63,
        70,
        32,
        29,
        36,
        23,
        86,
        29,
        54,
        129,
        167,
        86,
        59,
        94,
        96,
        102,
        98,
        133,
        45,
        50,
        75,
        84,
        219,
        76,
        56,
        56,
        46,
        65,
        42,
        74,
        1,
        35,
        30,
        47,
        27,
        53,
        32,
        98,
        44,
        80,
        45,
        75,
        91,
        46,
        50,
        51,
        134,
        184,
        105,
        73,
        54,
        93,
        44,
        15,
        21,
        47,
        48,
        84,
        35,
        71,
        45,
        114,
        251,
        57,
        254,
        28,
        75,
        67,
        93,
        68
    ],
    "real": [
        47,
        43,
        17,
        12,
        18,
        32,
        21,
        62,
        147,
        290,
        115,
        60,
        92,
        52,
        71,
        97,
        100,
        83,
        106,
        95,
        83,
        167,
        167,
        75,
        111,
        64,
        30,
        18,
        35,
        64,
        99,
        96,
        113,
        121,
        93,
        91,
        93,
        96,
        120,
        123,
        122,
        127,
        125,
        49,
        56,
        58,
        124,
        75,
        44,
        61,
        40,
        73,
        19,
        29,
        71,
        48,
        26,
        32,
        32,
        37,
        65,
        69,
        30,
        30,
        41,
        26,
        79,
        26,
        49,
        117,
        185,
        95,
        57,
        95,
        100,
        102,
        102,
        136,
        43,
        49,
        76,
        83,
        240,
        76,
        58,
        58,
        47,
        61,
        47,
        72,
        18,
        35,
        31,
        55,
        38,
        51,
        36,
        98,
        48,
        84,
        46,
        76,
        96,
        46,
        54,
        58,
        173,
        202,
        131,
        74,
        56,
        110,
        43,
        16,
        23,
        48,
        50,
        81,
        39,
        68,
        46,
        119,
        268,
        54,
        263,
        29,
        77,
        70,
        92,
        68
    ],
    "save_path": "..\\..\\results\\params_comparison/run_2/train/yolov8n_0.3g_0.5r_0.5c_alls.json",
    "args": {
        "model_name": "yolov8n",
        "grid_scale": 0.3,
        "confiance": 0.5,
        "resize_scale": 0.5,
        "images_path": "..\\..\\data\\datasets\\full_yolo\\train_valid\\images",
        "annotations_path": "..\\..\\data\\datasets\\full_yolo\\train_valid\\labels",
        "random_seed": 1010,
        "data_augmentation": true,
        "samples": "all",
        "show_image": false,
        "verbose": false,
        "save_path": "..\\..\\results\\params_comparison/run_2/train"
    }
}