{
    "model_name": "yolov8m",
    "MAE": 4.953846153846154,
    "MAPE": 7.13790771005327,
    "RMSE": 7.632924633555507,
    "pred": [
        50,
        48,
        17,
        15,
        19,
        33,
        28,
        66,
        137,
        281,
        104,
        55,
        88,
        39,
        62,
        94,
        107,
        83,
        108,
        93,
        82,
        169,
        173,
        73,
        116,
        58,
        28,
        15,
        34,
        71,
        89,
        91,
        107,
        117,
        91,
        89,
        81,
        94,
        114,
        112,
        116,
        119,
        123,
        46,
        57,
        62,
        116,
        74,
        43,
        58,
        38,
        74,
        19,
        31,
        69,
        47,
        24,
        31,
        26,
        34,
        66,
        69,
        29,
        31,
        41,
        22,
        76,
        26,
        48,
        128,
        156,
        79,
        56,
        97,
        95,
        98,
        97,
        130,
        42,
        48,
        75,
        83,
        226,
        74,
        54,
        55,
        49,
        65,
        41,
        71,
        1,
        32,
        30,
        49,
        25,
        47,
        36,
        101,
        43,
        80,
        46,
        73,
        72,
        37,
        52,
        55,
        145,
        183,
        109,
        74,
        55,
        93,
        46,
        16,
        23,
        51,
        44,
        80,
        37,
        73,
        42,
        115,
        239,
        51,
        256,
        24,
        72,
        71,
        92,
        70
    ],
    "real": [
        47,
        43,
        17,
        12,
        18,
        32,
        21,
        62,
        147,
        290,
        115,
        60,
        92,
        52,
        71,
        97,
        100,
        83,
        106,
        95,
        83,
        167,
        167,
        75,
        111,
        64,
        30,
        18,
        35,
        64,
        99,
        96,
        113,
        121,
        93,
        91,
        93,
        96,
        120,
        123,
        122,
        127,
        125,
        49,
        56,
        58,
        124,
        75,
        44,
        61,
        40,
        73,
        19,
        29,
        71,
        48,
        26,
        32,
        32,
        37,
        65,
        69,
        30,
        30,
        41,
        26,
        79,
        26,
        49,
        117,
        185,
        95,
        57,
        95,
        100,
        102,
        102,
        136,
        43,
        49,
        76,
        83,
        240,
        76,
        58,
        58,
        47,
        61,
        47,
        72,
        18,
        35,
        31,
        55,
        38,
        51,
        36,
        98,
        48,
        84,
        46,
        76,
        96,
        46,
        54,
        58,
        173,
        202,
        131,
        74,
        56,
        110,
        43,
        16,
        23,
        48,
        50,
        81,
        39,
        68,
        46,
        119,
        268,
        54,
        263,
        29,
        77,
        70,
        92,
        68
    ],
    "save_path": "..\\..\\results\\params_comparison/run_2/train/yolov8m_0.2g_0.5r_0.55c_alls.json",
    "args": {
        "model_name": "yolov8m",
        "grid_scale": 0.2,
        "confiance": 0.55,
        "resize_scale": 0.5,
        "images_path": "..\\..\\data\\datasets\\full_yolo\\train_valid\\images",
        "annotations_path": "..\\..\\data\\datasets\\full_yolo\\train_valid\\labels",
        "random_seed": 1010,
        "data_augmentation": true,
        "samples": "all",
        "show_image": false,
        "verbose": false,
        "save_path": "..\\..\\results\\params_comparison/run_2/train"
    }
}