{
    "model_name": "yolov8l",
    "MAE": 4.584615384615384,
    "MAPE": 6.985551353798774,
    "RMSE": 7.45860370516957,
    "pred": [
        50,
        46,
        18,
        11,
        18,
        36,
        27,
        69,
        145,
        280,
        108,
        57,
        84,
        38,
        73,
        91,
        102,
        78,
        103,
        92,
        82,
        164,
        169,
        72,
        112,
        61,
        25,
        15,
        30,
        72,
        90,
        94,
        115,
        120,
        91,
        95,
        91,
        96,
        120,
        117,
        115,
        118,
        127,
        53,
        58,
        63,
        121,
        77,
        44,
        67,
        41,
        75,
        21,
        31,
        69,
        51,
        29,
        33,
        32,
        40,
        67,
        70,
        34,
        32,
        43,
        27,
        80,
        23,
        52,
        118,
        149,
        85,
        53,
        93,
        99,
        100,
        97,
        134,
        46,
        49,
        75,
        81,
        234,
        75,
        53,
        57,
        45,
        63,
        40,
        76,
        0,
        37,
        31,
        49,
        25,
        49,
        34,
        94,
        44,
        81,
        47,
        74,
        80,
        45,
        50,
        50,
        152,
        185,
        98,
        75,
        55,
        94,
        44,
        14,
        21,
        49,
        50,
        80,
        34,
        68,
        41,
        113,
        242,
        54,
        242,
        27,
        72,
        60,
        87,
        70
    ],
    "real": [
        47,
        43,
        17,
        12,
        18,
        32,
        21,
        62,
        147,
        290,
        115,
        60,
        92,
        52,
        71,
        97,
        100,
        83,
        106,
        95,
        83,
        167,
        167,
        75,
        111,
        64,
        30,
        18,
        35,
        64,
        99,
        96,
        113,
        121,
        93,
        91,
        93,
        96,
        120,
        123,
        122,
        127,
        125,
        49,
        56,
        58,
        124,
        75,
        44,
        61,
        40,
        73,
        19,
        29,
        71,
        48,
        26,
        32,
        32,
        37,
        65,
        69,
        30,
        30,
        41,
        26,
        79,
        26,
        49,
        117,
        185,
        95,
        57,
        95,
        100,
        102,
        102,
        136,
        43,
        49,
        76,
        83,
        240,
        76,
        58,
        58,
        47,
        61,
        47,
        72,
        18,
        35,
        31,
        55,
        38,
        51,
        36,
        98,
        48,
        84,
        46,
        76,
        96,
        46,
        54,
        58,
        173,
        202,
        131,
        74,
        56,
        110,
        43,
        16,
        23,
        48,
        50,
        81,
        39,
        68,
        46,
        119,
        268,
        54,
        263,
        29,
        77,
        70,
        92,
        68
    ],
    "save_path": "..\\..\\results\\params_comparison/run_2/train/yolov8l_0.5g_0.5r_0.4c_alls.json",
    "args": {
        "model_name": "yolov8l",
        "grid_scale": 0.5,
        "confiance": 0.4,
        "resize_scale": 0.5,
        "images_path": "..\\..\\data\\datasets\\full_yolo\\train_valid\\images",
        "annotations_path": "..\\..\\data\\datasets\\full_yolo\\train_valid\\labels",
        "random_seed": 1010,
        "data_augmentation": true,
        "samples": "all",
        "show_image": false,
        "verbose": false,
        "save_path": "..\\..\\results\\params_comparison/run_2/train"
    }
}