{
    "model_name": "yolov8s",
    "MAE": 4.1923076923076925,
    "MAPE": 6.631485472785256,
    "RMSE": 7.1527294413768,
    "pred": [
        47,
        46,
        16,
        12,
        18,
        32,
        25,
        63,
        145,
        297,
        107,
        58,
        84,
        38,
        72,
        91,
        102,
        79,
        102,
        96,
        85,
        165,
        167,
        77,
        114,
        61,
        27,
        14,
        29,
        74,
        96,
        99,
        112,
        116,
        92,
        92,
        94,
        96,
        116,
        116,
        121,
        123,
        124,
        48,
        59,
        66,
        122,
        74,
        46,
        61,
        39,
        77,
        22,
        31,
        72,
        48,
        25,
        33,
        34,
        34,
        65,
        70,
        29,
        28,
        41,
        22,
        80,
        22,
        49,
        116,
        169,
        87,
        55,
        94,
        102,
        103,
        98,
        132,
        42,
        50,
        76,
        85,
        234,
        78,
        53,
        59,
        43,
        65,
        41,
        73,
        0,
        38,
        31,
        48,
        21,
        45,
        33,
        96,
        43,
        81,
        47,
        76,
        91,
        46,
        49,
        51,
        132,
        182,
        107,
        73,
        53,
        91,
        46,
        14,
        19,
        48,
        50,
        78,
        37,
        71,
        43,
        120,
        245,
        48,
        245,
        23,
        78,
        61,
        77,
        67
    ],
    "real": [
        47,
        43,
        17,
        12,
        18,
        32,
        21,
        62,
        147,
        290,
        115,
        60,
        92,
        52,
        71,
        97,
        100,
        83,
        106,
        95,
        83,
        167,
        167,
        75,
        111,
        64,
        30,
        18,
        35,
        64,
        99,
        96,
        113,
        121,
        93,
        91,
        93,
        96,
        120,
        123,
        122,
        127,
        125,
        49,
        56,
        58,
        124,
        75,
        44,
        61,
        40,
        73,
        19,
        29,
        71,
        48,
        26,
        32,
        32,
        37,
        65,
        69,
        30,
        30,
        41,
        26,
        79,
        26,
        49,
        117,
        185,
        95,
        57,
        95,
        100,
        102,
        102,
        136,
        43,
        49,
        76,
        83,
        240,
        76,
        58,
        58,
        47,
        61,
        47,
        72,
        18,
        35,
        31,
        55,
        38,
        51,
        36,
        98,
        48,
        84,
        46,
        76,
        96,
        46,
        54,
        58,
        173,
        202,
        131,
        74,
        56,
        110,
        43,
        16,
        23,
        48,
        50,
        81,
        39,
        68,
        46,
        119,
        268,
        54,
        263,
        29,
        77,
        70,
        92,
        68
    ],
    "save_path": "..\\..\\results\\params_comparison/run_2/train/yolov8s_0.5g_0.5r_0.45c_alls.json",
    "args": {
        "model_name": "yolov8s",
        "grid_scale": 0.5,
        "confiance": 0.45,
        "resize_scale": 0.5,
        "images_path": "..\\..\\data\\datasets\\full_yolo\\train_valid\\images",
        "annotations_path": "..\\..\\data\\datasets\\full_yolo\\train_valid\\labels",
        "random_seed": 1010,
        "data_augmentation": true,
        "samples": "all",
        "show_image": false,
        "verbose": false,
        "save_path": "..\\..\\results\\params_comparison/run_2/train"
    }
}