{
    "model_name": "yolov8x",
    "MAE": 11.115384615384615,
    "MAPE": 14.887017321072996,
    "RMSE": 14.301425426535959,
    "pred": [
        46,
        38,
        15,
        10,
        14,
        29,
        24,
        55,
        125,
        269,
        94,
        38,
        76,
        34,
        53,
        88,
        90,
        76,
        91,
        88,
        71,
        144,
        154,
        65,
        106,
        48,
        27,
        13,
        27,
        66,
        86,
        85,
        105,
        115,
        85,
        81,
        76,
        80,
        106,
        104,
        105,
        112,
        107,
        43,
        53,
        62,
        107,
        67,
        39,
        54,
        35,
        74,
        18,
        29,
        65,
        41,
        22,
        29,
        28,
        33,
        58,
        63,
        25,
        24,
        37,
        21,
        69,
        25,
        43,
        104,
        136,
        71,
        50,
        90,
        89,
        96,
        90,
        119,
        40,
        44,
        66,
        66,
        202,
        65,
        49,
        55,
        39,
        51,
        35,
        69,
        3,
        31,
        30,
        40,
        21,
        42,
        29,
        84,
        28,
        73,
        45,
        68,
        66,
        40,
        45,
        48,
        143,
        158,
        97,
        67,
        51,
        88,
        35,
        14,
        20,
        44,
        43,
        65,
        27,
        54,
        40,
        99,
        232,
        47,
        229,
        26,
        60,
        53,
        68,
        62
    ],
    "real": [
        47,
        43,
        17,
        12,
        18,
        32,
        21,
        62,
        147,
        290,
        115,
        60,
        92,
        52,
        71,
        97,
        100,
        83,
        106,
        95,
        83,
        167,
        167,
        75,
        111,
        64,
        30,
        18,
        35,
        64,
        99,
        96,
        113,
        121,
        93,
        91,
        93,
        96,
        120,
        123,
        122,
        127,
        125,
        49,
        56,
        58,
        124,
        75,
        44,
        61,
        40,
        73,
        19,
        29,
        71,
        48,
        26,
        32,
        32,
        37,
        65,
        69,
        30,
        30,
        41,
        26,
        79,
        26,
        49,
        117,
        185,
        95,
        57,
        95,
        100,
        102,
        102,
        136,
        43,
        49,
        76,
        83,
        240,
        76,
        58,
        58,
        47,
        61,
        47,
        72,
        18,
        35,
        31,
        55,
        38,
        51,
        36,
        98,
        48,
        84,
        46,
        76,
        96,
        46,
        54,
        58,
        173,
        202,
        131,
        74,
        56,
        110,
        43,
        16,
        23,
        48,
        50,
        81,
        39,
        68,
        46,
        119,
        268,
        54,
        263,
        29,
        77,
        70,
        92,
        68
    ],
    "save_path": "..\\..\\results\\params_comparison/run_2/train/yolov8x_0.2g_0.5r_0.6c_alls.json",
    "args": {
        "model_name": "yolov8x",
        "grid_scale": 0.2,
        "confiance": 0.6,
        "resize_scale": 0.5,
        "images_path": "..\\..\\data\\datasets\\full_yolo\\train_valid\\images",
        "annotations_path": "..\\..\\data\\datasets\\full_yolo\\train_valid\\labels",
        "random_seed": 1010,
        "data_augmentation": true,
        "samples": "all",
        "show_image": false,
        "verbose": false,
        "save_path": "..\\..\\results\\params_comparison/run_2/train"
    }
}