{
    "model_name": "yolov8l",
    "MAE": 5.369230769230769,
    "MAPE": 8.795803514360747,
    "RMSE": 6.857898310034148,
    "pred": [
        55,
        50,
        20,
        15,
        21,
        40,
        28,
        68,
        162,
        307,
        113,
        58,
        94,
        59,
        75,
        109,
        107,
        95,
        113,
        102,
        88,
        178,
        178,
        79,
        117,
        64,
        33,
        19,
        38,
        80,
        105,
        102,
        117,
        127,
        98,
        100,
        97,
        98,
        122,
        124,
        121,
        121,
        126,
        61,
        65,
        70,
        128,
        76,
        48,
        62,
        45,
        79,
        21,
        34,
        79,
        56,
        31,
        33,
        28,
        41,
        67,
        76,
        29,
        34,
        45,
        26,
        83,
        29,
        54,
        140,
        172,
        86,
        60,
        102,
        100,
        105,
        104,
        139,
        47,
        50,
        78,
        90,
        251,
        81,
        56,
        65,
        52,
        76,
        43,
        77,
        4,
        36,
        33,
        52,
        32,
        52,
        38,
        102,
        51,
        83,
        52,
        78,
        86,
        44,
        50,
        60,
        168,
        195,
        118,
        80,
        59,
        97,
        51,
        19,
        22,
        49,
        53,
        89,
        39,
        78,
        44,
        119,
        271,
        56,
        276,
        30,
        77,
        75,
        100,
        84
    ],
    "real": [
        47,
        43,
        17,
        12,
        18,
        32,
        21,
        62,
        147,
        290,
        115,
        60,
        92,
        52,
        71,
        97,
        100,
        83,
        106,
        95,
        83,
        167,
        167,
        75,
        111,
        64,
        30,
        18,
        35,
        64,
        99,
        96,
        113,
        121,
        93,
        91,
        93,
        96,
        120,
        123,
        122,
        127,
        125,
        49,
        56,
        58,
        124,
        75,
        44,
        61,
        40,
        73,
        19,
        29,
        71,
        48,
        26,
        32,
        32,
        37,
        65,
        69,
        30,
        30,
        41,
        26,
        79,
        26,
        49,
        117,
        185,
        95,
        57,
        95,
        100,
        102,
        102,
        136,
        43,
        49,
        76,
        83,
        240,
        76,
        58,
        58,
        47,
        61,
        47,
        72,
        18,
        35,
        31,
        55,
        38,
        51,
        36,
        98,
        48,
        84,
        46,
        76,
        96,
        46,
        54,
        58,
        173,
        202,
        131,
        74,
        56,
        110,
        43,
        16,
        23,
        48,
        50,
        81,
        39,
        68,
        46,
        119,
        268,
        54,
        263,
        29,
        77,
        70,
        92,
        68
    ],
    "save_path": "..\\..\\results\\params_comparison/run_2/train/yolov8l_0.2g_0.5r_0.45c_alls.json",
    "args": {
        "model_name": "yolov8l",
        "grid_scale": 0.2,
        "confiance": 0.45,
        "resize_scale": 0.5,
        "images_path": "..\\..\\data\\datasets\\full_yolo\\train_valid\\images",
        "annotations_path": "..\\..\\data\\datasets\\full_yolo\\train_valid\\labels",
        "random_seed": 1010,
        "data_augmentation": true,
        "samples": "all",
        "show_image": false,
        "verbose": false,
        "save_path": "..\\..\\results\\params_comparison/run_2/train"
    }
}