{
    "model_name": "yolov8m",
    "MAE": 4.030769230769231,
    "MAPE": 6.429946022545531,
    "RMSE": 6.227729552944266,
    "pred": [
        47,
        46,
        17,
        15,
        18,
        38,
        26,
        65,
        146,
        292,
        112,
        54,
        85,
        31,
        65,
        94,
        102,
        84,
        107,
        101,
        80,
        176,
        178,
        77,
        112,
        62,
        29,
        14,
        35,
        74,
        92,
        96,
        119,
        123,
        90,
        92,
        83,
        93,
        119,
        118,
        116,
        121,
        123,
        49,
        58,
        63,
        125,
        75,
        44,
        62,
        40,
        75,
        21,
        31,
        73,
        49,
        25,
        33,
        32,
        34,
        57,
        72,
        30,
        30,
        43,
        23,
        72,
        24,
        52,
        126,
        173,
        87,
        57,
        98,
        100,
        102,
        95,
        133,
        44,
        50,
        76,
        81,
        239,
        77,
        56,
        59,
        48,
        62,
        41,
        77,
        2,
        34,
        33,
        48,
        25,
        48,
        36,
        95,
        42,
        81,
        52,
        75,
        85,
        43,
        50,
        52,
        147,
        184,
        104,
        72,
        56,
        98,
        46,
        15,
        19,
        52,
        50,
        82,
        37,
        69,
        43,
        111,
        260,
        53,
        251,
        25,
        78,
        68,
        86,
        72
    ],
    "real": [
        47,
        43,
        17,
        12,
        18,
        32,
        21,
        62,
        147,
        290,
        115,
        60,
        92,
        52,
        71,
        97,
        100,
        83,
        106,
        95,
        83,
        167,
        167,
        75,
        111,
        64,
        30,
        18,
        35,
        64,
        99,
        96,
        113,
        121,
        93,
        91,
        93,
        96,
        120,
        123,
        122,
        127,
        125,
        49,
        56,
        58,
        124,
        75,
        44,
        61,
        40,
        73,
        19,
        29,
        71,
        48,
        26,
        32,
        32,
        37,
        65,
        69,
        30,
        30,
        41,
        26,
        79,
        26,
        49,
        117,
        185,
        95,
        57,
        95,
        100,
        102,
        102,
        136,
        43,
        49,
        76,
        83,
        240,
        76,
        58,
        58,
        47,
        61,
        47,
        72,
        18,
        35,
        31,
        55,
        38,
        51,
        36,
        98,
        48,
        84,
        46,
        76,
        96,
        46,
        54,
        58,
        173,
        202,
        131,
        74,
        56,
        110,
        43,
        16,
        23,
        48,
        50,
        81,
        39,
        68,
        46,
        119,
        268,
        54,
        263,
        29,
        77,
        70,
        92,
        68
    ],
    "save_path": "..\\..\\results\\params_comparison/run_2/train/yolov8m_0.3g_0.5r_0.5c_alls.json",
    "args": {
        "model_name": "yolov8m",
        "grid_scale": 0.3,
        "confiance": 0.5,
        "resize_scale": 0.5,
        "images_path": "..\\..\\data\\datasets\\full_yolo\\train_valid\\images",
        "annotations_path": "..\\..\\data\\datasets\\full_yolo\\train_valid\\labels",
        "random_seed": 1010,
        "data_augmentation": true,
        "samples": "all",
        "show_image": false,
        "verbose": false,
        "save_path": "..\\..\\results\\params_comparison/run_2/train"
    }
}