{
    "model_name": "yolov8l",
    "MAE": 3.730769230769231,
    "MAPE": 6.024391550235834,
    "RMSE": 5.3529287454482475,
    "pred": [
        53,
        49,
        20,
        13,
        21,
        33,
        27,
        63,
        161,
        301,
        113,
        56,
        89,
        44,
        71,
        100,
        103,
        89,
        105,
        98,
        85,
        174,
        173,
        78,
        116,
        63,
        30,
        19,
        33,
        72,
        98,
        99,
        120,
        119,
        96,
        96,
        87,
        95,
        118,
        128,
        122,
        130,
        126,
        54,
        60,
        66,
        128,
        76,
        46,
        61,
        41,
        82,
        23,
        33,
        73,
        52,
        27,
        35,
        31,
        37,
        62,
        71,
        29,
        26,
        45,
        23,
        79,
        26,
        48,
        139,
        173,
        79,
        59,
        99,
        102,
        102,
        99,
        135,
        44,
        49,
        75,
        81,
        239,
        76,
        56,
        62,
        48,
        65,
        48,
        72,
        5,
        37,
        31,
        48,
        29,
        52,
        39,
        102,
        45,
        80,
        49,
        77,
        86,
        46,
        48,
        56,
        165,
        190,
        112,
        78,
        55,
        103,
        48,
        16,
        23,
        52,
        49,
        89,
        38,
        78,
        45,
        121,
        261,
        56,
        264,
        30,
        72,
        73,
        93,
        73
    ],
    "real": [
        47,
        43,
        17,
        12,
        18,
        32,
        21,
        62,
        147,
        290,
        115,
        60,
        92,
        52,
        71,
        97,
        100,
        83,
        106,
        95,
        83,
        167,
        167,
        75,
        111,
        64,
        30,
        18,
        35,
        64,
        99,
        96,
        113,
        121,
        93,
        91,
        93,
        96,
        120,
        123,
        122,
        127,
        125,
        49,
        56,
        58,
        124,
        75,
        44,
        61,
        40,
        73,
        19,
        29,
        71,
        48,
        26,
        32,
        32,
        37,
        65,
        69,
        30,
        30,
        41,
        26,
        79,
        26,
        49,
        117,
        185,
        95,
        57,
        95,
        100,
        102,
        102,
        136,
        43,
        49,
        76,
        83,
        240,
        76,
        58,
        58,
        47,
        61,
        47,
        72,
        18,
        35,
        31,
        55,
        38,
        51,
        36,
        98,
        48,
        84,
        46,
        76,
        96,
        46,
        54,
        58,
        173,
        202,
        131,
        74,
        56,
        110,
        43,
        16,
        23,
        48,
        50,
        81,
        39,
        68,
        46,
        119,
        268,
        54,
        263,
        29,
        77,
        70,
        92,
        68
    ],
    "save_path": "..\\..\\results\\params_comparison/run_2/train/yolov8l_0.2g_0.5r_0.5c_alls.json",
    "args": {
        "model_name": "yolov8l",
        "grid_scale": 0.2,
        "confiance": 0.5,
        "resize_scale": 0.5,
        "images_path": "..\\..\\data\\datasets\\full_yolo\\train_valid\\images",
        "annotations_path": "..\\..\\data\\datasets\\full_yolo\\train_valid\\labels",
        "random_seed": 1010,
        "data_augmentation": true,
        "samples": "all",
        "show_image": false,
        "verbose": false,
        "save_path": "..\\..\\results\\params_comparison/run_2/train"
    }
}