{
    "model_name": "yolov8s",
    "MAE": 7.2615384615384615,
    "MAPE": 9.218154577037264,
    "RMSE": 11.715210362863905,
    "pred": [
        47,
        44,
        18,
        13,
        17,
        33,
        24,
        62,
        127,
        264,
        99,
        54,
        86,
        33,
        53,
        94,
        93,
        75,
        100,
        96,
        71,
        157,
        158,
        74,
        106,
        60,
        27,
        16,
        28,
        67,
        83,
        90,
        107,
        118,
        85,
        91,
        90,
        87,
        113,
        112,
        113,
        121,
        119,
        50,
        58,
        63,
        111,
        69,
        43,
        62,
        43,
        73,
        21,
        29,
        69,
        45,
        24,
        31,
        32,
        34,
        61,
        68,
        31,
        32,
        42,
        23,
        73,
        29,
        50,
        118,
        150,
        73,
        52,
        90,
        96,
        91,
        97,
        129,
        44,
        44,
        73,
        73,
        220,
        72,
        55,
        56,
        46,
        58,
        37,
        71,
        2,
        34,
        28,
        41,
        23,
        45,
        34,
        90,
        37,
        78,
        47,
        70,
        71,
        41,
        44,
        45,
        124,
        174,
        83,
        71,
        50,
        92,
        44,
        15,
        20,
        48,
        48,
        78,
        35,
        67,
        44,
        108,
        217,
        49,
        240,
        26,
        74,
        61,
        80,
        67
    ],
    "real": [
        47,
        43,
        17,
        12,
        18,
        32,
        21,
        62,
        147,
        290,
        115,
        60,
        92,
        52,
        71,
        97,
        100,
        83,
        106,
        95,
        83,
        167,
        167,
        75,
        111,
        64,
        30,
        18,
        35,
        64,
        99,
        96,
        113,
        121,
        93,
        91,
        93,
        96,
        120,
        123,
        122,
        127,
        125,
        49,
        56,
        58,
        124,
        75,
        44,
        61,
        40,
        73,
        19,
        29,
        71,
        48,
        26,
        32,
        32,
        37,
        65,
        69,
        30,
        30,
        41,
        26,
        79,
        26,
        49,
        117,
        185,
        95,
        57,
        95,
        100,
        102,
        102,
        136,
        43,
        49,
        76,
        83,
        240,
        76,
        58,
        58,
        47,
        61,
        47,
        72,
        18,
        35,
        31,
        55,
        38,
        51,
        36,
        98,
        48,
        84,
        46,
        76,
        96,
        46,
        54,
        58,
        173,
        202,
        131,
        74,
        56,
        110,
        43,
        16,
        23,
        48,
        50,
        81,
        39,
        68,
        46,
        119,
        268,
        54,
        263,
        29,
        77,
        70,
        92,
        68
    ],
    "save_path": "..\\..\\results\\params_comparison/run_2/train/yolov8s_0.3g_0.5r_0.6c_alls.json",
    "args": {
        "model_name": "yolov8s",
        "grid_scale": 0.3,
        "confiance": 0.6,
        "resize_scale": 0.5,
        "images_path": "..\\..\\data\\datasets\\full_yolo\\train_valid\\images",
        "annotations_path": "..\\..\\data\\datasets\\full_yolo\\train_valid\\labels",
        "random_seed": 1010,
        "data_augmentation": true,
        "samples": "all",
        "show_image": false,
        "verbose": false,
        "save_path": "..\\..\\results\\params_comparison/run_2/train"
    }
}