{
    "model_name": "yolov8l",
    "MAE": 7.753846153846154,
    "MAPE": 11.935963367943067,
    "RMSE": 9.967639949047426,
    "pred": [
        57,
        55,
        19,
        14,
        20,
        34,
        35,
        69,
        176,
        319,
        117,
        62,
        91,
        64,
        81,
        112,
        118,
        93,
        115,
        107,
        92,
        178,
        180,
        82,
        121,
        69,
        33,
        22,
        35,
        79,
        118,
        101,
        123,
        129,
        102,
        99,
        98,
        99,
        123,
        129,
        130,
        131,
        136,
        59,
        65,
        71,
        135,
        85,
        49,
        71,
        46,
        90,
        24,
        35,
        78,
        55,
        31,
        36,
        29,
        40,
        64,
        76,
        28,
        35,
        51,
        28,
        90,
        31,
        56,
        157,
        184,
        91,
        64,
        104,
        103,
        114,
        109,
        144,
        47,
        55,
        83,
        86,
        262,
        80,
        61,
        62,
        60,
        74,
        50,
        77,
        6,
        37,
        34,
        55,
        32,
        53,
        39,
        109,
        48,
        90,
        51,
        82,
        91,
        51,
        52,
        55,
        172,
        211,
        126,
        77,
        60,
        106,
        57,
        19,
        25,
        57,
        53,
        94,
        40,
        89,
        50,
        127,
        284,
        61,
        285,
        30,
        82,
        83,
        107,
        87
    ],
    "real": [
        47,
        43,
        17,
        12,
        18,
        32,
        21,
        62,
        147,
        290,
        115,
        60,
        92,
        52,
        71,
        97,
        100,
        83,
        106,
        95,
        83,
        167,
        167,
        75,
        111,
        64,
        30,
        18,
        35,
        64,
        99,
        96,
        113,
        121,
        93,
        91,
        93,
        96,
        120,
        123,
        122,
        127,
        125,
        49,
        56,
        58,
        124,
        75,
        44,
        61,
        40,
        73,
        19,
        29,
        71,
        48,
        26,
        32,
        32,
        37,
        65,
        69,
        30,
        30,
        41,
        26,
        79,
        26,
        49,
        117,
        185,
        95,
        57,
        95,
        100,
        102,
        102,
        136,
        43,
        49,
        76,
        83,
        240,
        76,
        58,
        58,
        47,
        61,
        47,
        72,
        18,
        35,
        31,
        55,
        38,
        51,
        36,
        98,
        48,
        84,
        46,
        76,
        96,
        46,
        54,
        58,
        173,
        202,
        131,
        74,
        56,
        110,
        43,
        16,
        23,
        48,
        50,
        81,
        39,
        68,
        46,
        119,
        268,
        54,
        263,
        29,
        77,
        70,
        92,
        68
    ],
    "save_path": "..\\..\\results\\params_comparison/run_2/train/yolov8l_0.2g_0.5r_0.4c_alls.json",
    "args": {
        "model_name": "yolov8l",
        "grid_scale": 0.2,
        "confiance": 0.4,
        "resize_scale": 0.5,
        "images_path": "..\\..\\data\\datasets\\full_yolo\\train_valid\\images",
        "annotations_path": "..\\..\\data\\datasets\\full_yolo\\train_valid\\labels",
        "random_seed": 1010,
        "data_augmentation": true,
        "samples": "all",
        "show_image": false,
        "verbose": false,
        "save_path": "..\\..\\results\\params_comparison/run_2/train"
    }
}