{
    "model_name": "yolov8l",
    "MAE": 7.884615384615385,
    "MAPE": 9.95610518234437,
    "RMSE": 12.96593169098868,
    "pred": [
        46,
        44,
        16,
        11,
        18,
        33,
        24,
        62,
        133,
        264,
        105,
        57,
        82,
        35,
        57,
        84,
        89,
        71,
        95,
        91,
        75,
        153,
        157,
        70,
        106,
        54,
        27,
        11,
        26,
        74,
        89,
        89,
        107,
        113,
        89,
        87,
        82,
        89,
        110,
        106,
        111,
        119,
        119,
        50,
        56,
        64,
        116,
        76,
        44,
        61,
        40,
        76,
        20,
        32,
        67,
        49,
        27,
        34,
        29,
        37,
        62,
        70,
        30,
        29,
        37,
        22,
        72,
        22,
        52,
        115,
        128,
        74,
        51,
        88,
        95,
        91,
        96,
        128,
        43,
        47,
        76,
        76,
        227,
        76,
        54,
        57,
        47,
        61,
        35,
        75,
        0,
        34,
        29,
        43,
        23,
        45,
        35,
        93,
        36,
        78,
        42,
        73,
        70,
        41,
        49,
        48,
        126,
        167,
        91,
        71,
        56,
        89,
        44,
        13,
        19,
        44,
        49,
        75,
        35,
        63,
        45,
        109,
        207,
        49,
        222,
        25,
        74,
        60,
        80,
        64
    ],
    "real": [
        47,
        43,
        17,
        12,
        18,
        32,
        21,
        62,
        147,
        290,
        115,
        60,
        92,
        52,
        71,
        97,
        100,
        83,
        106,
        95,
        83,
        167,
        167,
        75,
        111,
        64,
        30,
        18,
        35,
        64,
        99,
        96,
        113,
        121,
        93,
        91,
        93,
        96,
        120,
        123,
        122,
        127,
        125,
        49,
        56,
        58,
        124,
        75,
        44,
        61,
        40,
        73,
        19,
        29,
        71,
        48,
        26,
        32,
        32,
        37,
        65,
        69,
        30,
        30,
        41,
        26,
        79,
        26,
        49,
        117,
        185,
        95,
        57,
        95,
        100,
        102,
        102,
        136,
        43,
        49,
        76,
        83,
        240,
        76,
        58,
        58,
        47,
        61,
        47,
        72,
        18,
        35,
        31,
        55,
        38,
        51,
        36,
        98,
        48,
        84,
        46,
        76,
        96,
        46,
        54,
        58,
        173,
        202,
        131,
        74,
        56,
        110,
        43,
        16,
        23,
        48,
        50,
        81,
        39,
        68,
        46,
        119,
        268,
        54,
        263,
        29,
        77,
        70,
        92,
        68
    ],
    "save_path": "..\\..\\results\\params_comparison/run_2/train/yolov8l_0.5g_0.5r_0.5c_alls.json",
    "args": {
        "model_name": "yolov8l",
        "grid_scale": 0.5,
        "confiance": 0.5,
        "resize_scale": 0.5,
        "images_path": "..\\..\\data\\datasets\\full_yolo\\train_valid\\images",
        "annotations_path": "..\\..\\data\\datasets\\full_yolo\\train_valid\\labels",
        "random_seed": 1010,
        "data_augmentation": true,
        "samples": "all",
        "show_image": false,
        "verbose": false,
        "save_path": "..\\..\\results\\params_comparison/run_2/train"
    }
}