{
    "model_name": "yolov8s",
    "MAE": 14.646153846153846,
    "MAPE": 18.499899629142746,
    "RMSE": 21.035501127672422,
    "pred": [
        45,
        42,
        14,
        10,
        18,
        32,
        22,
        52,
        106,
        228,
        94,
        46,
        77,
        15,
        46,
        74,
        92,
        61,
        89,
        86,
        71,
        153,
        153,
        64,
        103,
        45,
        22,
        11,
        20,
        60,
        79,
        81,
        93,
        102,
        82,
        77,
        68,
        78,
        100,
        96,
        105,
        111,
        112,
        44,
        53,
        61,
        101,
        69,
        43,
        58,
        38,
        68,
        20,
        28,
        63,
        40,
        21,
        31,
        29,
        28,
        52,
        66,
        28,
        27,
        36,
        21,
        66,
        21,
        37,
        98,
        140,
        75,
        46,
        87,
        86,
        87,
        84,
        114,
        41,
        38,
        65,
        71,
        198,
        66,
        47,
        53,
        41,
        57,
        25,
        69,
        0,
        29,
        24,
        44,
        16,
        30,
        25,
        86,
        38,
        72,
        40,
        66,
        71,
        36,
        42,
        33,
        81,
        142,
        76,
        65,
        46,
        72,
        40,
        12,
        15,
        41,
        46,
        67,
        37,
        60,
        38,
        100,
        185,
        46,
        203,
        22,
        66,
        51,
        67,
        55
    ],
    "real": [
        47,
        43,
        17,
        12,
        18,
        32,
        21,
        62,
        147,
        290,
        115,
        60,
        92,
        52,
        71,
        97,
        100,
        83,
        106,
        95,
        83,
        167,
        167,
        75,
        111,
        64,
        30,
        18,
        35,
        64,
        99,
        96,
        113,
        121,
        93,
        91,
        93,
        96,
        120,
        123,
        122,
        127,
        125,
        49,
        56,
        58,
        124,
        75,
        44,
        61,
        40,
        73,
        19,
        29,
        71,
        48,
        26,
        32,
        32,
        37,
        65,
        69,
        30,
        30,
        41,
        26,
        79,
        26,
        49,
        117,
        185,
        95,
        57,
        95,
        100,
        102,
        102,
        136,
        43,
        49,
        76,
        83,
        240,
        76,
        58,
        58,
        47,
        61,
        47,
        72,
        18,
        35,
        31,
        55,
        38,
        51,
        36,
        98,
        48,
        84,
        46,
        76,
        96,
        46,
        54,
        58,
        173,
        202,
        131,
        74,
        56,
        110,
        43,
        16,
        23,
        48,
        50,
        81,
        39,
        68,
        46,
        119,
        268,
        54,
        263,
        29,
        77,
        70,
        92,
        68
    ],
    "save_path": "..\\..\\results\\params_comparison/run_2/train/yolov8s_0.5g_0.5r_0.6c_alls.json",
    "args": {
        "model_name": "yolov8s",
        "grid_scale": 0.5,
        "confiance": 0.6,
        "resize_scale": 0.5,
        "images_path": "..\\..\\data\\datasets\\full_yolo\\train_valid\\images",
        "annotations_path": "..\\..\\data\\datasets\\full_yolo\\train_valid\\labels",
        "random_seed": 1010,
        "data_augmentation": true,
        "samples": "all",
        "show_image": false,
        "verbose": false,
        "save_path": "..\\..\\results\\params_comparison/run_2/train"
    }
}