{
    "model_name": "yolov8m",
    "MAE": 9.538461538461538,
    "MAPE": 12.65543224195634,
    "RMSE": 13.673669250396207,
    "pred": [
        44,
        43,
        17,
        12,
        14,
        36,
        23,
        57,
        106,
        256,
        100,
        43,
        83,
        24,
        57,
        87,
        98,
        78,
        95,
        93,
        78,
        167,
        155,
        72,
        96,
        48,
        23,
        13,
        26,
        66,
        79,
        88,
        108,
        111,
        91,
        87,
        75,
        87,
        109,
        105,
        105,
        112,
        114,
        47,
        57,
        61,
        105,
        66,
        40,
        56,
        40,
        73,
        20,
        29,
        63,
        44,
        22,
        31,
        32,
        31,
        57,
        66,
        29,
        28,
        37,
        20,
        73,
        18,
        42,
        107,
        158,
        65,
        50,
        89,
        89,
        97,
        87,
        126,
        42,
        42,
        66,
        76,
        212,
        72,
        51,
        53,
        47,
        60,
        31,
        70,
        1,
        28,
        29,
        44,
        21,
        43,
        30,
        92,
        40,
        75,
        44,
        68,
        67,
        37,
        44,
        46,
        130,
        164,
        87,
        68,
        50,
        86,
        43,
        14,
        18,
        41,
        43,
        75,
        37,
        61,
        40,
        109,
        225,
        49,
        224,
        25,
        73,
        59,
        83,
        66
    ],
    "real": [
        47,
        43,
        17,
        12,
        18,
        32,
        21,
        62,
        147,
        290,
        115,
        60,
        92,
        52,
        71,
        97,
        100,
        83,
        106,
        95,
        83,
        167,
        167,
        75,
        111,
        64,
        30,
        18,
        35,
        64,
        99,
        96,
        113,
        121,
        93,
        91,
        93,
        96,
        120,
        123,
        122,
        127,
        125,
        49,
        56,
        58,
        124,
        75,
        44,
        61,
        40,
        73,
        19,
        29,
        71,
        48,
        26,
        32,
        32,
        37,
        65,
        69,
        30,
        30,
        41,
        26,
        79,
        26,
        49,
        117,
        185,
        95,
        57,
        95,
        100,
        102,
        102,
        136,
        43,
        49,
        76,
        83,
        240,
        76,
        58,
        58,
        47,
        61,
        47,
        72,
        18,
        35,
        31,
        55,
        38,
        51,
        36,
        98,
        48,
        84,
        46,
        76,
        96,
        46,
        54,
        58,
        173,
        202,
        131,
        74,
        56,
        110,
        43,
        16,
        23,
        48,
        50,
        81,
        39,
        68,
        46,
        119,
        268,
        54,
        263,
        29,
        77,
        70,
        92,
        68
    ],
    "save_path": "..\\..\\results\\params_comparison/run_2/train/yolov8m_0.3g_0.5r_0.6c_alls.json",
    "args": {
        "model_name": "yolov8m",
        "grid_scale": 0.3,
        "confiance": 0.6,
        "resize_scale": 0.5,
        "images_path": "..\\..\\data\\datasets\\full_yolo\\train_valid\\images",
        "annotations_path": "..\\..\\data\\datasets\\full_yolo\\train_valid\\labels",
        "random_seed": 1010,
        "data_augmentation": true,
        "samples": "all",
        "show_image": false,
        "verbose": false,
        "save_path": "..\\..\\results\\params_comparison/run_2/train"
    }
}