{
    "model_name": "yolov8s",
    "MAE": 5.538461538461538,
    "MAPE": 8.415392776018338,
    "RMSE": 7.2991042653823675,
    "pred": [
        59,
        51,
        19,
        12,
        20,
        35,
        27,
        72,
        158,
        327,
        114,
        64,
        92,
        47,
        71,
        104,
        105,
        85,
        109,
        99,
        86,
        177,
        174,
        79,
        123,
        65,
        29,
        18,
        36,
        80,
        99,
        101,
        123,
        125,
        101,
        97,
        99,
        101,
        125,
        120,
        124,
        132,
        131,
        55,
        62,
        69,
        135,
        85,
        47,
        70,
        49,
        78,
        23,
        33,
        74,
        55,
        30,
        34,
        36,
        42,
        61,
        75,
        29,
        34,
        48,
        27,
        89,
        29,
        53,
        135,
        178,
        92,
        57,
        98,
        106,
        110,
        111,
        142,
        46,
        55,
        80,
        86,
        255,
        82,
        60,
        62,
        54,
        68,
        47,
        81,
        7,
        39,
        36,
        53,
        26,
        52,
        38,
        105,
        47,
        84,
        52,
        84,
        90,
        50,
        51,
        55,
        157,
        205,
        114,
        78,
        65,
        106,
        47,
        17,
        23,
        53,
        54,
        94,
        40,
        74,
        44,
        128,
        276,
        58,
        273,
        29,
        77,
        72,
        97,
        75
    ],
    "real": [
        47,
        43,
        17,
        12,
        18,
        32,
        21,
        62,
        147,
        290,
        115,
        60,
        92,
        52,
        71,
        97,
        100,
        83,
        106,
        95,
        83,
        167,
        167,
        75,
        111,
        64,
        30,
        18,
        35,
        64,
        99,
        96,
        113,
        121,
        93,
        91,
        93,
        96,
        120,
        123,
        122,
        127,
        125,
        49,
        56,
        58,
        124,
        75,
        44,
        61,
        40,
        73,
        19,
        29,
        71,
        48,
        26,
        32,
        32,
        37,
        65,
        69,
        30,
        30,
        41,
        26,
        79,
        26,
        49,
        117,
        185,
        95,
        57,
        95,
        100,
        102,
        102,
        136,
        43,
        49,
        76,
        83,
        240,
        76,
        58,
        58,
        47,
        61,
        47,
        72,
        18,
        35,
        31,
        55,
        38,
        51,
        36,
        98,
        48,
        84,
        46,
        76,
        96,
        46,
        54,
        58,
        173,
        202,
        131,
        74,
        56,
        110,
        43,
        16,
        23,
        48,
        50,
        81,
        39,
        68,
        46,
        119,
        268,
        54,
        263,
        29,
        77,
        70,
        92,
        68
    ],
    "save_path": "..\\..\\results\\params_comparison/run_2/train/yolov8s_0.3g_0.5r_0.4c_alls.json",
    "args": {
        "model_name": "yolov8s",
        "grid_scale": 0.3,
        "confiance": 0.4,
        "resize_scale": 0.5,
        "images_path": "..\\..\\data\\datasets\\full_yolo\\train_valid\\images",
        "annotations_path": "..\\..\\data\\datasets\\full_yolo\\train_valid\\labels",
        "random_seed": 1010,
        "data_augmentation": true,
        "samples": "all",
        "show_image": false,
        "verbose": false,
        "save_path": "..\\..\\results\\params_comparison/run_2/train"
    }
}