{
    "model_name": "yolov8x",
    "MAE": 6.8307692307692305,
    "MAPE": 9.081522740289943,
    "RMSE": 10.797435592982964,
    "pred": [
        46,
        43,
        16,
        13,
        17,
        31,
        23,
        61,
        133,
        274,
        108,
        54,
        85,
        38,
        60,
        93,
        99,
        78,
        95,
        91,
        73,
        162,
        160,
        70,
        110,
        57,
        27,
        14,
        30,
        65,
        90,
        91,
        102,
        117,
        89,
        89,
        90,
        92,
        113,
        112,
        115,
        113,
        120,
        50,
        58,
        61,
        116,
        70,
        45,
        58,
        40,
        73,
        19,
        29,
        65,
        47,
        24,
        32,
        33,
        33,
        64,
        66,
        30,
        29,
        42,
        21,
        78,
        25,
        48,
        117,
        154,
        64,
        53,
        95,
        93,
        96,
        94,
        128,
        42,
        47,
        72,
        80,
        225,
        72,
        54,
        57,
        43,
        59,
        43,
        73,
        0,
        30,
        32,
        47,
        24,
        46,
        33,
        95,
        40,
        81,
        43,
        74,
        64,
        39,
        47,
        46,
        135,
        175,
        94,
        70,
        52,
        91,
        42,
        14,
        18,
        42,
        47,
        73,
        28,
        62,
        41,
        113,
        223,
        47,
        228,
        26,
        67,
        54,
        74,
        60
    ],
    "real": [
        47,
        43,
        17,
        12,
        18,
        32,
        21,
        62,
        147,
        290,
        115,
        60,
        92,
        52,
        71,
        97,
        100,
        83,
        106,
        95,
        83,
        167,
        167,
        75,
        111,
        64,
        30,
        18,
        35,
        64,
        99,
        96,
        113,
        121,
        93,
        91,
        93,
        96,
        120,
        123,
        122,
        127,
        125,
        49,
        56,
        58,
        124,
        75,
        44,
        61,
        40,
        73,
        19,
        29,
        71,
        48,
        26,
        32,
        32,
        37,
        65,
        69,
        30,
        30,
        41,
        26,
        79,
        26,
        49,
        117,
        185,
        95,
        57,
        95,
        100,
        102,
        102,
        136,
        43,
        49,
        76,
        83,
        240,
        76,
        58,
        58,
        47,
        61,
        47,
        72,
        18,
        35,
        31,
        55,
        38,
        51,
        36,
        98,
        48,
        84,
        46,
        76,
        96,
        46,
        54,
        58,
        173,
        202,
        131,
        74,
        56,
        110,
        43,
        16,
        23,
        48,
        50,
        81,
        39,
        68,
        46,
        119,
        268,
        54,
        263,
        29,
        77,
        70,
        92,
        68
    ],
    "save_path": "..\\..\\results\\params_comparison/run_2/train/yolov8x_0.4g_0.5r_0.55c_alls.json",
    "args": {
        "model_name": "yolov8x",
        "grid_scale": 0.4,
        "confiance": 0.55,
        "resize_scale": 0.5,
        "images_path": "..\\..\\data\\datasets\\full_yolo\\train_valid\\images",
        "annotations_path": "..\\..\\data\\datasets\\full_yolo\\train_valid\\labels",
        "random_seed": 1010,
        "data_augmentation": true,
        "samples": "all",
        "show_image": false,
        "verbose": false,
        "save_path": "..\\..\\results\\params_comparison/run_2/train"
    }
}