{
    "model_name": "yolov8n",
    "MAE": 4.092307692307692,
    "MAPE": 6.7028627284487765,
    "RMSE": 6.351256689700199,
    "pred": [
        51,
        48,
        18,
        12,
        18,
        33,
        30,
        65,
        149,
        294,
        113,
        61,
        86,
        48,
        76,
        100,
        106,
        90,
        107,
        100,
        87,
        172,
        176,
        82,
        118,
        64,
        30,
        15,
        33,
        75,
        97,
        97,
        113,
        126,
        98,
        97,
        92,
        99,
        120,
        122,
        123,
        125,
        124,
        52,
        59,
        66,
        124,
        82,
        47,
        64,
        43,
        81,
        22,
        32,
        70,
        49,
        25,
        32,
        35,
        38,
        60,
        72,
        27,
        36,
        43,
        25,
        88,
        28,
        54,
        132,
        177,
        88,
        61,
        101,
        100,
        110,
        101,
        132,
        43,
        50,
        78,
        86,
        242,
        83,
        58,
        61,
        50,
        67,
        44,
        76,
        2,
        38,
        31,
        52,
        24,
        49,
        38,
        99,
        47,
        83,
        50,
        75,
        88,
        48,
        51,
        55,
        129,
        192,
        120,
        76,
        59,
        95,
        49,
        15,
        23,
        48,
        51,
        88,
        29,
        77,
        45,
        115,
        265,
        58,
        266,
        27,
        77,
        73,
        98,
        72
    ],
    "real": [
        47,
        43,
        17,
        12,
        18,
        32,
        21,
        62,
        147,
        290,
        115,
        60,
        92,
        52,
        71,
        97,
        100,
        83,
        106,
        95,
        83,
        167,
        167,
        75,
        111,
        64,
        30,
        18,
        35,
        64,
        99,
        96,
        113,
        121,
        93,
        91,
        93,
        96,
        120,
        123,
        122,
        127,
        125,
        49,
        56,
        58,
        124,
        75,
        44,
        61,
        40,
        73,
        19,
        29,
        71,
        48,
        26,
        32,
        32,
        37,
        65,
        69,
        30,
        30,
        41,
        26,
        79,
        26,
        49,
        117,
        185,
        95,
        57,
        95,
        100,
        102,
        102,
        136,
        43,
        49,
        76,
        83,
        240,
        76,
        58,
        58,
        47,
        61,
        47,
        72,
        18,
        35,
        31,
        55,
        38,
        51,
        36,
        98,
        48,
        84,
        46,
        76,
        96,
        46,
        54,
        58,
        173,
        202,
        131,
        74,
        56,
        110,
        43,
        16,
        23,
        48,
        50,
        81,
        39,
        68,
        46,
        119,
        268,
        54,
        263,
        29,
        77,
        70,
        92,
        68
    ],
    "save_path": "..\\..\\results\\params_comparison/run_2/train/yolov8n_0.3g_0.5r_0.45c_alls.json",
    "args": {
        "model_name": "yolov8n",
        "grid_scale": 0.3,
        "confiance": 0.45,
        "resize_scale": 0.5,
        "images_path": "..\\..\\data\\datasets\\full_yolo\\train_valid\\images",
        "annotations_path": "..\\..\\data\\datasets\\full_yolo\\train_valid\\labels",
        "random_seed": 1010,
        "data_augmentation": true,
        "samples": "all",
        "show_image": false,
        "verbose": false,
        "save_path": "..\\..\\results\\params_comparison/run_2/train"
    }
}