{
    "model_name": "yolov8l",
    "MAE": 10.03076923076923,
    "MAPE": 13.234144906984056,
    "RMSE": 15.259297292016885,
    "pred": [
        44,
        41,
        15,
        9,
        15,
        31,
        22,
        63,
        125,
        262,
        103,
        47,
        79,
        29,
        63,
        86,
        87,
        69,
        93,
        88,
        76,
        150,
        148,
        63,
        105,
        54,
        24,
        13,
        29,
        65,
        84,
        90,
        108,
        116,
        83,
        91,
        79,
        87,
        114,
        107,
        108,
        112,
        119,
        49,
        56,
        64,
        111,
        70,
        42,
        57,
        41,
        73,
        22,
        30,
        66,
        47,
        25,
        31,
        25,
        35,
        59,
        68,
        24,
        30,
        37,
        18,
        74,
        19,
        45,
        103,
        126,
        61,
        49,
        85,
        92,
        92,
        93,
        126,
        41,
        46,
        73,
        70,
        225,
        71,
        51,
        58,
        41,
        65,
        35,
        71,
        0,
        32,
        28,
        46,
        22,
        45,
        31,
        89,
        36,
        76,
        38,
        71,
        60,
        33,
        44,
        46,
        127,
        158,
        82,
        73,
        51,
        87,
        43,
        13,
        17,
        45,
        45,
        72,
        27,
        63,
        40,
        108,
        197,
        48,
        219,
        23,
        67,
        59,
        71,
        63
    ],
    "real": [
        47,
        43,
        17,
        12,
        18,
        32,
        21,
        62,
        147,
        290,
        115,
        60,
        92,
        52,
        71,
        97,
        100,
        83,
        106,
        95,
        83,
        167,
        167,
        75,
        111,
        64,
        30,
        18,
        35,
        64,
        99,
        96,
        113,
        121,
        93,
        91,
        93,
        96,
        120,
        123,
        122,
        127,
        125,
        49,
        56,
        58,
        124,
        75,
        44,
        61,
        40,
        73,
        19,
        29,
        71,
        48,
        26,
        32,
        32,
        37,
        65,
        69,
        30,
        30,
        41,
        26,
        79,
        26,
        49,
        117,
        185,
        95,
        57,
        95,
        100,
        102,
        102,
        136,
        43,
        49,
        76,
        83,
        240,
        76,
        58,
        58,
        47,
        61,
        47,
        72,
        18,
        35,
        31,
        55,
        38,
        51,
        36,
        98,
        48,
        84,
        46,
        76,
        96,
        46,
        54,
        58,
        173,
        202,
        131,
        74,
        56,
        110,
        43,
        16,
        23,
        48,
        50,
        81,
        39,
        68,
        46,
        119,
        268,
        54,
        263,
        29,
        77,
        70,
        92,
        68
    ],
    "save_path": "..\\..\\results\\params_comparison/run_2/train/yolov8l_0.4g_0.5r_0.6c_alls.json",
    "args": {
        "model_name": "yolov8l",
        "grid_scale": 0.4,
        "confiance": 0.6,
        "resize_scale": 0.5,
        "images_path": "..\\..\\data\\datasets\\full_yolo\\train_valid\\images",
        "annotations_path": "..\\..\\data\\datasets\\full_yolo\\train_valid\\labels",
        "random_seed": 1010,
        "data_augmentation": true,
        "samples": "all",
        "show_image": false,
        "verbose": false,
        "save_path": "..\\..\\results\\params_comparison/run_2/train"
    }
}