{
    "model_name": "yolov8x",
    "MAE": 3.6769230769230767,
    "MAPE": 5.9125819777219775,
    "RMSE": 6.2732643937463815,
    "pred": [
        44,
        46,
        16,
        12,
        17,
        36,
        24,
        63,
        148,
        291,
        109,
        59,
        85,
        45,
        67,
        98,
        101,
        81,
        105,
        94,
        79,
        167,
        168,
        76,
        119,
        60,
        30,
        17,
        32,
        70,
        100,
        97,
        116,
        123,
        94,
        94,
        91,
        96,
        122,
        122,
        121,
        122,
        125,
        51,
        58,
        62,
        122,
        72,
        45,
        62,
        43,
        75,
        21,
        32,
        70,
        48,
        25,
        31,
        31,
        39,
        65,
        68,
        27,
        31,
        43,
        22,
        76,
        23,
        52,
        120,
        166,
        77,
        56,
        95,
        98,
        99,
        99,
        137,
        42,
        48,
        76,
        80,
        243,
        75,
        53,
        59,
        44,
        60,
        42,
        70,
        4,
        34,
        31,
        44,
        23,
        51,
        35,
        95,
        45,
        80,
        46,
        77,
        77,
        46,
        48,
        55,
        147,
        189,
        101,
        74,
        54,
        95,
        44,
        22,
        24,
        47,
        45,
        82,
        31,
        70,
        43,
        115,
        252,
        53,
        255,
        26,
        74,
        65,
        75,
        68
    ],
    "real": [
        47,
        43,
        17,
        12,
        18,
        32,
        21,
        62,
        147,
        290,
        115,
        60,
        92,
        52,
        71,
        97,
        100,
        83,
        106,
        95,
        83,
        167,
        167,
        75,
        111,
        64,
        30,
        18,
        35,
        64,
        99,
        96,
        113,
        121,
        93,
        91,
        93,
        96,
        120,
        123,
        122,
        127,
        125,
        49,
        56,
        58,
        124,
        75,
        44,
        61,
        40,
        73,
        19,
        29,
        71,
        48,
        26,
        32,
        32,
        37,
        65,
        69,
        30,
        30,
        41,
        26,
        79,
        26,
        49,
        117,
        185,
        95,
        57,
        95,
        100,
        102,
        102,
        136,
        43,
        49,
        76,
        83,
        240,
        76,
        58,
        58,
        47,
        61,
        47,
        72,
        18,
        35,
        31,
        55,
        38,
        51,
        36,
        98,
        48,
        84,
        46,
        76,
        96,
        46,
        54,
        58,
        173,
        202,
        131,
        74,
        56,
        110,
        43,
        16,
        23,
        48,
        50,
        81,
        39,
        68,
        46,
        119,
        268,
        54,
        263,
        29,
        77,
        70,
        92,
        68
    ],
    "save_path": "..\\..\\results\\params_comparison/run_2/train/yolov8x_0.3g_0.5r_0.5c_alls.json",
    "args": {
        "model_name": "yolov8x",
        "grid_scale": 0.3,
        "confiance": 0.5,
        "resize_scale": 0.5,
        "images_path": "..\\..\\data\\datasets\\full_yolo\\train_valid\\images",
        "annotations_path": "..\\..\\data\\datasets\\full_yolo\\train_valid\\labels",
        "random_seed": 1010,
        "data_augmentation": true,
        "samples": "all",
        "show_image": false,
        "verbose": false,
        "save_path": "..\\..\\results\\params_comparison/run_2/train"
    }
}