{
    "model_name": "yolov8x",
    "MAE": 5.446153846153846,
    "MAPE": 7.969070444008919,
    "RMSE": 7.742986901309219,
    "pred": [
        46,
        42,
        16,
        12,
        16,
        31,
        23,
        62,
        137,
        295,
        103,
        56,
        84,
        39,
        60,
        98,
        97,
        74,
        103,
        97,
        78,
        168,
        163,
        72,
        114,
        56,
        28,
        13,
        30,
        69,
        87,
        97,
        116,
        117,
        94,
        92,
        86,
        91,
        114,
        118,
        113,
        122,
        119,
        48,
        57,
        62,
        116,
        70,
        42,
        61,
        40,
        75,
        21,
        31,
        70,
        43,
        23,
        32,
        31,
        30,
        65,
        65,
        28,
        27,
        41,
        22,
        74,
        26,
        50,
        111,
        167,
        75,
        52,
        94,
        95,
        98,
        95,
        129,
        41,
        46,
        73,
        78,
        229,
        71,
        49,
        54,
        42,
        61,
        37,
        73,
        4,
        33,
        29,
        47,
        22,
        47,
        37,
        90,
        46,
        75,
        46,
        73,
        80,
        43,
        45,
        50,
        144,
        186,
        100,
        68,
        52,
        90,
        43,
        14,
        20,
        47,
        49,
        73,
        29,
        64,
        42,
        113,
        250,
        47,
        247,
        27,
        74,
        65,
        77,
        65
    ],
    "real": [
        47,
        43,
        17,
        12,
        18,
        32,
        21,
        62,
        147,
        290,
        115,
        60,
        92,
        52,
        71,
        97,
        100,
        83,
        106,
        95,
        83,
        167,
        167,
        75,
        111,
        64,
        30,
        18,
        35,
        64,
        99,
        96,
        113,
        121,
        93,
        91,
        93,
        96,
        120,
        123,
        122,
        127,
        125,
        49,
        56,
        58,
        124,
        75,
        44,
        61,
        40,
        73,
        19,
        29,
        71,
        48,
        26,
        32,
        32,
        37,
        65,
        69,
        30,
        30,
        41,
        26,
        79,
        26,
        49,
        117,
        185,
        95,
        57,
        95,
        100,
        102,
        102,
        136,
        43,
        49,
        76,
        83,
        240,
        76,
        58,
        58,
        47,
        61,
        47,
        72,
        18,
        35,
        31,
        55,
        38,
        51,
        36,
        98,
        48,
        84,
        46,
        76,
        96,
        46,
        54,
        58,
        173,
        202,
        131,
        74,
        56,
        110,
        43,
        16,
        23,
        48,
        50,
        81,
        39,
        68,
        46,
        119,
        268,
        54,
        263,
        29,
        77,
        70,
        92,
        68
    ],
    "save_path": "..\\..\\results\\params_comparison/run_2/train/yolov8x_0.3g_0.5r_0.55c_alls.json",
    "args": {
        "model_name": "yolov8x",
        "grid_scale": 0.3,
        "confiance": 0.55,
        "resize_scale": 0.5,
        "images_path": "..\\..\\data\\datasets\\full_yolo\\train_valid\\images",
        "annotations_path": "..\\..\\data\\datasets\\full_yolo\\train_valid\\labels",
        "random_seed": 1010,
        "data_augmentation": true,
        "samples": "all",
        "show_image": false,
        "verbose": false,
        "save_path": "..\\..\\results\\params_comparison/run_2/train"
    }
}