{
    "model_name": "yolov8s",
    "MAE": 6.561538461538461,
    "MAPE": 9.136249944321355,
    "RMSE": 10.205956028787233,
    "pred": [
        49,
        44,
        19,
        12,
        18,
        36,
        25,
        61,
        132,
        277,
        104,
        50,
        85,
        28,
        54,
        86,
        92,
        72,
        99,
        90,
        77,
        164,
        164,
        68,
        110,
        56,
        26,
        15,
        31,
        66,
        87,
        94,
        110,
        114,
        93,
        91,
        87,
        91,
        117,
        116,
        113,
        119,
        119,
        47,
        57,
        62,
        116,
        70,
        42,
        60,
        40,
        75,
        21,
        30,
        66,
        48,
        23,
        32,
        26,
        33,
        64,
        69,
        31,
        30,
        39,
        23,
        77,
        24,
        49,
        108,
        169,
        87,
        54,
        95,
        94,
        95,
        97,
        127,
        44,
        46,
        73,
        72,
        229,
        72,
        54,
        57,
        44,
        60,
        41,
        74,
        0,
        33,
        27,
        44,
        24,
        45,
        34,
        89,
        41,
        74,
        48,
        75,
        86,
        39,
        46,
        41,
        116,
        178,
        95,
        69,
        51,
        90,
        45,
        14,
        20,
        44,
        50,
        72,
        36,
        65,
        40,
        109,
        231,
        51,
        236,
        23,
        69,
        60,
        82,
        65
    ],
    "real": [
        47,
        43,
        17,
        12,
        18,
        32,
        21,
        62,
        147,
        290,
        115,
        60,
        92,
        52,
        71,
        97,
        100,
        83,
        106,
        95,
        83,
        167,
        167,
        75,
        111,
        64,
        30,
        18,
        35,
        64,
        99,
        96,
        113,
        121,
        93,
        91,
        93,
        96,
        120,
        123,
        122,
        127,
        125,
        49,
        56,
        58,
        124,
        75,
        44,
        61,
        40,
        73,
        19,
        29,
        71,
        48,
        26,
        32,
        32,
        37,
        65,
        69,
        30,
        30,
        41,
        26,
        79,
        26,
        49,
        117,
        185,
        95,
        57,
        95,
        100,
        102,
        102,
        136,
        43,
        49,
        76,
        83,
        240,
        76,
        58,
        58,
        47,
        61,
        47,
        72,
        18,
        35,
        31,
        55,
        38,
        51,
        36,
        98,
        48,
        84,
        46,
        76,
        96,
        46,
        54,
        58,
        173,
        202,
        131,
        74,
        56,
        110,
        43,
        16,
        23,
        48,
        50,
        81,
        39,
        68,
        46,
        119,
        268,
        54,
        263,
        29,
        77,
        70,
        92,
        68
    ],
    "save_path": "..\\..\\results\\params_comparison/run_2/train/yolov8s_0.4g_0.5r_0.55c_alls.json",
    "args": {
        "model_name": "yolov8s",
        "grid_scale": 0.4,
        "confiance": 0.55,
        "resize_scale": 0.5,
        "images_path": "..\\..\\data\\datasets\\full_yolo\\train_valid\\images",
        "annotations_path": "..\\..\\data\\datasets\\full_yolo\\train_valid\\labels",
        "random_seed": 1010,
        "data_augmentation": true,
        "samples": "all",
        "show_image": false,
        "verbose": false,
        "save_path": "..\\..\\results\\params_comparison/run_2/train"
    }
}