{
    "model_name": "yolov8m",
    "MAE": 3.4615384615384617,
    "MAPE": 5.82301255319879,
    "RMSE": 4.95207804089121,
    "pred": [
        48,
        44,
        18,
        12,
        18,
        38,
        25,
        59,
        154,
        306,
        108,
        63,
        90,
        43,
        70,
        103,
        105,
        78,
        104,
        103,
        85,
        167,
        166,
        77,
        116,
        63,
        29,
        15,
        28,
        74,
        100,
        98,
        112,
        120,
        95,
        97,
        94,
        98,
        119,
        120,
        120,
        121,
        123,
        49,
        60,
        66,
        124,
        75,
        46,
        66,
        42,
        78,
        21,
        31,
        73,
        48,
        28,
        33,
        32,
        39,
        61,
        70,
        27,
        30,
        41,
        24,
        79,
        27,
        54,
        121,
        179,
        84,
        59,
        102,
        102,
        107,
        100,
        134,
        44,
        49,
        76,
        85,
        236,
        77,
        56,
        59,
        47,
        65,
        45,
        74,
        0,
        35,
        30,
        49,
        23,
        48,
        32,
        96,
        43,
        80,
        47,
        80,
        88,
        47,
        51,
        55,
        160,
        190,
        117,
        75,
        55,
        99,
        44,
        13,
        21,
        52,
        49,
        81,
        41,
        66,
        44,
        118,
        258,
        52,
        254,
        25,
        74,
        67,
        88,
        73
    ],
    "real": [
        47,
        43,
        17,
        12,
        18,
        32,
        21,
        62,
        147,
        290,
        115,
        60,
        92,
        52,
        71,
        97,
        100,
        83,
        106,
        95,
        83,
        167,
        167,
        75,
        111,
        64,
        30,
        18,
        35,
        64,
        99,
        96,
        113,
        121,
        93,
        91,
        93,
        96,
        120,
        123,
        122,
        127,
        125,
        49,
        56,
        58,
        124,
        75,
        44,
        61,
        40,
        73,
        19,
        29,
        71,
        48,
        26,
        32,
        32,
        37,
        65,
        69,
        30,
        30,
        41,
        26,
        79,
        26,
        49,
        117,
        185,
        95,
        57,
        95,
        100,
        102,
        102,
        136,
        43,
        49,
        76,
        83,
        240,
        76,
        58,
        58,
        47,
        61,
        47,
        72,
        18,
        35,
        31,
        55,
        38,
        51,
        36,
        98,
        48,
        84,
        46,
        76,
        96,
        46,
        54,
        58,
        173,
        202,
        131,
        74,
        56,
        110,
        43,
        16,
        23,
        48,
        50,
        81,
        39,
        68,
        46,
        119,
        268,
        54,
        263,
        29,
        77,
        70,
        92,
        68
    ],
    "save_path": "..\\..\\results\\params_comparison/run_2/train/yolov8m_0.5g_0.5r_0.4c_alls.json",
    "args": {
        "model_name": "yolov8m",
        "grid_scale": 0.5,
        "confiance": 0.4,
        "resize_scale": 0.5,
        "images_path": "..\\..\\data\\datasets\\full_yolo\\train_valid\\images",
        "annotations_path": "..\\..\\data\\datasets\\full_yolo\\train_valid\\labels",
        "random_seed": 1010,
        "data_augmentation": true,
        "samples": "all",
        "show_image": false,
        "verbose": false,
        "save_path": "..\\..\\results\\params_comparison/run_2/train"
    }
}