{
    "model_name": "yolov8x",
    "MAE": 3.9076923076923076,
    "MAPE": 5.92973760128282,
    "RMSE": 6.191805999743656,
    "pred": [
        53,
        49,
        17,
        11,
        17,
        33,
        28,
        64,
        147,
        314,
        109,
        59,
        89,
        41,
        70,
        104,
        101,
        79,
        107,
        92,
        86,
        172,
        168,
        75,
        121,
        64,
        30,
        18,
        36,
        73,
        100,
        97,
        116,
        122,
        97,
        96,
        96,
        94,
        123,
        119,
        124,
        127,
        126,
        52,
        61,
        65,
        133,
        79,
        50,
        64,
        41,
        77,
        21,
        33,
        70,
        50,
        26,
        34,
        33,
        39,
        68,
        74,
        30,
        30,
        43,
        24,
        88,
        26,
        51,
        130,
        166,
        87,
        56,
        99,
        102,
        100,
        101,
        136,
        46,
        52,
        81,
        83,
        244,
        77,
        56,
        60,
        44,
        64,
        43,
        74,
        1,
        37,
        33,
        48,
        23,
        49,
        37,
        95,
        47,
        84,
        47,
        77,
        83,
        45,
        49,
        53,
        157,
        192,
        105,
        75,
        56,
        96,
        45,
        14,
        23,
        50,
        51,
        76,
        38,
        67,
        49,
        119,
        248,
        54,
        255,
        30,
        74,
        67,
        88,
        71
    ],
    "real": [
        47,
        43,
        17,
        12,
        18,
        32,
        21,
        62,
        147,
        290,
        115,
        60,
        92,
        52,
        71,
        97,
        100,
        83,
        106,
        95,
        83,
        167,
        167,
        75,
        111,
        64,
        30,
        18,
        35,
        64,
        99,
        96,
        113,
        121,
        93,
        91,
        93,
        96,
        120,
        123,
        122,
        127,
        125,
        49,
        56,
        58,
        124,
        75,
        44,
        61,
        40,
        73,
        19,
        29,
        71,
        48,
        26,
        32,
        32,
        37,
        65,
        69,
        30,
        30,
        41,
        26,
        79,
        26,
        49,
        117,
        185,
        95,
        57,
        95,
        100,
        102,
        102,
        136,
        43,
        49,
        76,
        83,
        240,
        76,
        58,
        58,
        47,
        61,
        47,
        72,
        18,
        35,
        31,
        55,
        38,
        51,
        36,
        98,
        48,
        84,
        46,
        76,
        96,
        46,
        54,
        58,
        173,
        202,
        131,
        74,
        56,
        110,
        43,
        16,
        23,
        48,
        50,
        81,
        39,
        68,
        46,
        119,
        268,
        54,
        263,
        29,
        77,
        70,
        92,
        68
    ],
    "save_path": "..\\..\\results\\params_comparison/run_2/train/yolov8x_0.4g_0.5r_0.4c_alls.json",
    "args": {
        "model_name": "yolov8x",
        "grid_scale": 0.4,
        "confiance": 0.4,
        "resize_scale": 0.5,
        "images_path": "..\\..\\data\\datasets\\full_yolo\\train_valid\\images",
        "annotations_path": "..\\..\\data\\datasets\\full_yolo\\train_valid\\labels",
        "random_seed": 1010,
        "data_augmentation": true,
        "samples": "all",
        "show_image": false,
        "verbose": false,
        "save_path": "..\\..\\results\\params_comparison/run_2/train"
    }
}