{
    "model_name": "yolov8x",
    "MAE": 5.3,
    "MAPE": 7.684847711647989,
    "RMSE": 8.50384528406912,
    "pred": [
        50,
        44,
        16,
        12,
        18,
        33,
        24,
        60,
        135,
        276,
        107,
        56,
        89,
        34,
        62,
        94,
        102,
        74,
        100,
        95,
        79,
        164,
        165,
        73,
        113,
        55,
        28,
        14,
        32,
        74,
        93,
        90,
        111,
        120,
        93,
        92,
        91,
        94,
        114,
        113,
        117,
        118,
        123,
        51,
        58,
        61,
        122,
        72,
        43,
        59,
        41,
        75,
        21,
        31,
        72,
        49,
        26,
        33,
        34,
        33,
        54,
        71,
        30,
        30,
        44,
        24,
        79,
        27,
        52,
        122,
        162,
        80,
        54,
        98,
        98,
        99,
        98,
        130,
        45,
        47,
        77,
        81,
        238,
        71,
        53,
        56,
        44,
        64,
        39,
        72,
        0,
        35,
        31,
        47,
        23,
        47,
        33,
        94,
        41,
        79,
        46,
        74,
        80,
        39,
        49,
        54,
        141,
        180,
        95,
        73,
        57,
        89,
        48,
        14,
        18,
        47,
        47,
        75,
        29,
        71,
        43,
        117,
        230,
        48,
        247,
        24,
        72,
        58,
        81,
        69
    ],
    "real": [
        47,
        43,
        17,
        12,
        18,
        32,
        21,
        62,
        147,
        290,
        115,
        60,
        92,
        52,
        71,
        97,
        100,
        83,
        106,
        95,
        83,
        167,
        167,
        75,
        111,
        64,
        30,
        18,
        35,
        64,
        99,
        96,
        113,
        121,
        93,
        91,
        93,
        96,
        120,
        123,
        122,
        127,
        125,
        49,
        56,
        58,
        124,
        75,
        44,
        61,
        40,
        73,
        19,
        29,
        71,
        48,
        26,
        32,
        32,
        37,
        65,
        69,
        30,
        30,
        41,
        26,
        79,
        26,
        49,
        117,
        185,
        95,
        57,
        95,
        100,
        102,
        102,
        136,
        43,
        49,
        76,
        83,
        240,
        76,
        58,
        58,
        47,
        61,
        47,
        72,
        18,
        35,
        31,
        55,
        38,
        51,
        36,
        98,
        48,
        84,
        46,
        76,
        96,
        46,
        54,
        58,
        173,
        202,
        131,
        74,
        56,
        110,
        43,
        16,
        23,
        48,
        50,
        81,
        39,
        68,
        46,
        119,
        268,
        54,
        263,
        29,
        77,
        70,
        92,
        68
    ],
    "save_path": "..\\..\\results\\params_comparison/run_2/train/yolov8x_0.4g_0.5r_0.5c_alls.json",
    "args": {
        "model_name": "yolov8x",
        "grid_scale": 0.4,
        "confiance": 0.5,
        "resize_scale": 0.5,
        "images_path": "..\\..\\data\\datasets\\full_yolo\\train_valid\\images",
        "annotations_path": "..\\..\\data\\datasets\\full_yolo\\train_valid\\labels",
        "random_seed": 1010,
        "data_augmentation": true,
        "samples": "all",
        "show_image": false,
        "verbose": false,
        "save_path": "..\\..\\results\\params_comparison/run_2/train"
    }
}