{
    "model_name": "yolov8n",
    "MAE": 7.884615384615385,
    "MAPE": 9.940365506458765,
    "RMSE": 12.49338286392502,
    "pred": [
        46,
        43,
        17,
        13,
        17,
        32,
        28,
        56,
        128,
        250,
        105,
        54,
        76,
        23,
        68,
        89,
        96,
        72,
        96,
        92,
        80,
        153,
        156,
        76,
        110,
        55,
        28,
        15,
        26,
        62,
        93,
        91,
        106,
        110,
        87,
        89,
        86,
        88,
        108,
        108,
        114,
        117,
        116,
        47,
        54,
        56,
        109,
        71,
        42,
        62,
        40,
        70,
        21,
        31,
        67,
        44,
        26,
        32,
        33,
        37,
        56,
        66,
        30,
        30,
        39,
        24,
        74,
        25,
        48,
        111,
        159,
        83,
        53,
        91,
        85,
        96,
        93,
        122,
        41,
        44,
        70,
        73,
        214,
        74,
        55,
        57,
        44,
        54,
        38,
        70,
        0,
        33,
        31,
        45,
        22,
        47,
        33,
        90,
        45,
        76,
        46,
        71,
        85,
        39,
        43,
        42,
        104,
        168,
        91,
        68,
        51,
        91,
        44,
        12,
        21,
        46,
        44,
        76,
        34,
        59,
        42,
        105,
        230,
        52,
        236,
        25,
        76,
        61,
        76,
        62
    ],
    "real": [
        47,
        43,
        17,
        12,
        18,
        32,
        21,
        62,
        147,
        290,
        115,
        60,
        92,
        52,
        71,
        97,
        100,
        83,
        106,
        95,
        83,
        167,
        167,
        75,
        111,
        64,
        30,
        18,
        35,
        64,
        99,
        96,
        113,
        121,
        93,
        91,
        93,
        96,
        120,
        123,
        122,
        127,
        125,
        49,
        56,
        58,
        124,
        75,
        44,
        61,
        40,
        73,
        19,
        29,
        71,
        48,
        26,
        32,
        32,
        37,
        65,
        69,
        30,
        30,
        41,
        26,
        79,
        26,
        49,
        117,
        185,
        95,
        57,
        95,
        100,
        102,
        102,
        136,
        43,
        49,
        76,
        83,
        240,
        76,
        58,
        58,
        47,
        61,
        47,
        72,
        18,
        35,
        31,
        55,
        38,
        51,
        36,
        98,
        48,
        84,
        46,
        76,
        96,
        46,
        54,
        58,
        173,
        202,
        131,
        74,
        56,
        110,
        43,
        16,
        23,
        48,
        50,
        81,
        39,
        68,
        46,
        119,
        268,
        54,
        263,
        29,
        77,
        70,
        92,
        68
    ],
    "save_path": "..\\..\\results\\params_comparison/run_2/train/yolov8n_0.4g_0.5r_0.55c_alls.json",
    "args": {
        "model_name": "yolov8n",
        "grid_scale": 0.4,
        "confiance": 0.55,
        "resize_scale": 0.5,
        "images_path": "..\\..\\data\\datasets\\full_yolo\\train_valid\\images",
        "annotations_path": "..\\..\\data\\datasets\\full_yolo\\train_valid\\labels",
        "random_seed": 1010,
        "data_augmentation": true,
        "samples": "all",
        "show_image": false,
        "verbose": false,
        "save_path": "..\\..\\results\\params_comparison/run_2/train"
    }
}