{
    "model_name": "yolov8m",
    "MAE": 5.623076923076923,
    "MAPE": 8.20458344705691,
    "RMSE": 8.636683836537475,
    "pred": [
        47,
        45,
        18,
        12,
        17,
        32,
        26,
        65,
        132,
        274,
        105,
        48,
        82,
        34,
        61,
        94,
        98,
        81,
        104,
        96,
        82,
        165,
        164,
        70,
        110,
        56,
        29,
        15,
        30,
        68,
        94,
        98,
        109,
        118,
        86,
        86,
        80,
        96,
        117,
        114,
        114,
        114,
        125,
        51,
        58,
        59,
        116,
        73,
        42,
        61,
        39,
        74,
        21,
        30,
        70,
        47,
        29,
        30,
        31,
        33,
        60,
        69,
        28,
        29,
        39,
        23,
        74,
        25,
        47,
        116,
        161,
        81,
        54,
        97,
        93,
        98,
        94,
        131,
        43,
        47,
        71,
        79,
        234,
        73,
        53,
        54,
        45,
        60,
        43,
        73,
        0,
        33,
        29,
        42,
        24,
        48,
        34,
        96,
        40,
        78,
        45,
        74,
        79,
        41,
        47,
        46,
        139,
        181,
        90,
        68,
        58,
        89,
        46,
        18,
        15,
        46,
        47,
        76,
        32,
        66,
        44,
        113,
        245,
        48,
        248,
        26,
        73,
        62,
        80,
        65
    ],
    "real": [
        47,
        43,
        17,
        12,
        18,
        32,
        21,
        62,
        147,
        290,
        115,
        60,
        92,
        52,
        71,
        97,
        100,
        83,
        106,
        95,
        83,
        167,
        167,
        75,
        111,
        64,
        30,
        18,
        35,
        64,
        99,
        96,
        113,
        121,
        93,
        91,
        93,
        96,
        120,
        123,
        122,
        127,
        125,
        49,
        56,
        58,
        124,
        75,
        44,
        61,
        40,
        73,
        19,
        29,
        71,
        48,
        26,
        32,
        32,
        37,
        65,
        69,
        30,
        30,
        41,
        26,
        79,
        26,
        49,
        117,
        185,
        95,
        57,
        95,
        100,
        102,
        102,
        136,
        43,
        49,
        76,
        83,
        240,
        76,
        58,
        58,
        47,
        61,
        47,
        72,
        18,
        35,
        31,
        55,
        38,
        51,
        36,
        98,
        48,
        84,
        46,
        76,
        96,
        46,
        54,
        58,
        173,
        202,
        131,
        74,
        56,
        110,
        43,
        16,
        23,
        48,
        50,
        81,
        39,
        68,
        46,
        119,
        268,
        54,
        263,
        29,
        77,
        70,
        92,
        68
    ],
    "save_path": "..\\..\\results\\params_comparison/run_2/train/yolov8m_0.3g_0.5r_0.55c_alls.json",
    "args": {
        "model_name": "yolov8m",
        "grid_scale": 0.3,
        "confiance": 0.55,
        "resize_scale": 0.5,
        "images_path": "..\\..\\data\\datasets\\full_yolo\\train_valid\\images",
        "annotations_path": "..\\..\\data\\datasets\\full_yolo\\train_valid\\labels",
        "random_seed": 1010,
        "data_augmentation": true,
        "samples": "all",
        "show_image": false,
        "verbose": false,
        "save_path": "..\\..\\results\\params_comparison/run_2/train"
    }
}