{
    "model_name": "yolov8m",
    "MAE": 3.9615384615384617,
    "MAPE": 6.344189995513605,
    "RMSE": 6.235752992591624,
    "pred": [
        48,
        44,
        19,
        13,
        19,
        32,
        25,
        59,
        142,
        280,
        110,
        59,
        85,
        36,
        67,
        96,
        101,
        79,
        108,
        95,
        82,
        168,
        161,
        78,
        110,
        59,
        30,
        15,
        30,
        71,
        90,
        94,
        113,
        116,
        93,
        94,
        89,
        94,
        116,
        113,
        117,
        118,
        125,
        47,
        56,
        63,
        118,
        74,
        44,
        63,
        40,
        74,
        21,
        34,
        71,
        47,
        25,
        33,
        33,
        34,
        68,
        69,
        28,
        29,
        43,
        23,
        78,
        23,
        48,
        116,
        164,
        81,
        55,
        96,
        100,
        101,
        98,
        135,
        43,
        49,
        77,
        83,
        230,
        73,
        56,
        57,
        44,
        60,
        42,
        74,
        0,
        34,
        29,
        45,
        24,
        45,
        34,
        95,
        43,
        82,
        47,
        75,
        87,
        45,
        46,
        51,
        154,
        187,
        110,
        72,
        55,
        94,
        44,
        13,
        19,
        50,
        52,
        80,
        35,
        73,
        44,
        119,
        245,
        55,
        250,
        25,
        78,
        65,
        86,
        68
    ],
    "real": [
        47,
        43,
        17,
        12,
        18,
        32,
        21,
        62,
        147,
        290,
        115,
        60,
        92,
        52,
        71,
        97,
        100,
        83,
        106,
        95,
        83,
        167,
        167,
        75,
        111,
        64,
        30,
        18,
        35,
        64,
        99,
        96,
        113,
        121,
        93,
        91,
        93,
        96,
        120,
        123,
        122,
        127,
        125,
        49,
        56,
        58,
        124,
        75,
        44,
        61,
        40,
        73,
        19,
        29,
        71,
        48,
        26,
        32,
        32,
        37,
        65,
        69,
        30,
        30,
        41,
        26,
        79,
        26,
        49,
        117,
        185,
        95,
        57,
        95,
        100,
        102,
        102,
        136,
        43,
        49,
        76,
        83,
        240,
        76,
        58,
        58,
        47,
        61,
        47,
        72,
        18,
        35,
        31,
        55,
        38,
        51,
        36,
        98,
        48,
        84,
        46,
        76,
        96,
        46,
        54,
        58,
        173,
        202,
        131,
        74,
        56,
        110,
        43,
        16,
        23,
        48,
        50,
        81,
        39,
        68,
        46,
        119,
        268,
        54,
        263,
        29,
        77,
        70,
        92,
        68
    ],
    "save_path": "..\\..\\results\\params_comparison/run_2/train/yolov8m_0.5g_0.5r_0.45c_alls.json",
    "args": {
        "model_name": "yolov8m",
        "grid_scale": 0.5,
        "confiance": 0.45,
        "resize_scale": 0.5,
        "images_path": "..\\..\\data\\datasets\\full_yolo\\train_valid\\images",
        "annotations_path": "..\\..\\data\\datasets\\full_yolo\\train_valid\\labels",
        "random_seed": 1010,
        "data_augmentation": true,
        "samples": "all",
        "show_image": false,
        "verbose": false,
        "save_path": "..\\..\\results\\params_comparison/run_2/train"
    }
}