{
    "model_name": "yolov8l",
    "MAE": 4.007692307692308,
    "MAPE": 6.652197505425195,
    "RMSE": 6.286126360119133,
    "pred": [
        51,
        47,
        18,
        12,
        17,
        36,
        27,
        66,
        149,
        291,
        108,
        61,
        83,
        40,
        65,
        99,
        101,
        81,
        106,
        96,
        86,
        167,
        166,
        74,
        115,
        61,
        28,
        15,
        31,
        75,
        99,
        98,
        116,
        121,
        95,
        92,
        91,
        95,
        121,
        120,
        121,
        126,
        127,
        55,
        61,
        64,
        127,
        75,
        47,
        65,
        47,
        76,
        21,
        31,
        69,
        50,
        26,
        35,
        27,
        39,
        58,
        76,
        31,
        31,
        42,
        24,
        82,
        25,
        55,
        124,
        176,
        73,
        55,
        98,
        100,
        104,
        96,
        133,
        43,
        49,
        76,
        80,
        239,
        78,
        58,
        60,
        47,
        62,
        43,
        76,
        1,
        36,
        31,
        47,
        24,
        50,
        33,
        95,
        44,
        81,
        47,
        77,
        79,
        45,
        49,
        54,
        150,
        189,
        104,
        79,
        58,
        96,
        45,
        14,
        20,
        49,
        52,
        86,
        33,
        72,
        47,
        123,
        247,
        51,
        251,
        26,
        70,
        70,
        92,
        72
    ],
    "real": [
        47,
        43,
        17,
        12,
        18,
        32,
        21,
        62,
        147,
        290,
        115,
        60,
        92,
        52,
        71,
        97,
        100,
        83,
        106,
        95,
        83,
        167,
        167,
        75,
        111,
        64,
        30,
        18,
        35,
        64,
        99,
        96,
        113,
        121,
        93,
        91,
        93,
        96,
        120,
        123,
        122,
        127,
        125,
        49,
        56,
        58,
        124,
        75,
        44,
        61,
        40,
        73,
        19,
        29,
        71,
        48,
        26,
        32,
        32,
        37,
        65,
        69,
        30,
        30,
        41,
        26,
        79,
        26,
        49,
        117,
        185,
        95,
        57,
        95,
        100,
        102,
        102,
        136,
        43,
        49,
        76,
        83,
        240,
        76,
        58,
        58,
        47,
        61,
        47,
        72,
        18,
        35,
        31,
        55,
        38,
        51,
        36,
        98,
        48,
        84,
        46,
        76,
        96,
        46,
        54,
        58,
        173,
        202,
        131,
        74,
        56,
        110,
        43,
        16,
        23,
        48,
        50,
        81,
        39,
        68,
        46,
        119,
        268,
        54,
        263,
        29,
        77,
        70,
        92,
        68
    ],
    "save_path": "..\\..\\results\\params_comparison/run_2/train/yolov8l_0.4g_0.5r_0.45c_alls.json",
    "args": {
        "model_name": "yolov8l",
        "grid_scale": 0.4,
        "confiance": 0.45,
        "resize_scale": 0.5,
        "images_path": "..\\..\\data\\datasets\\full_yolo\\train_valid\\images",
        "annotations_path": "..\\..\\data\\datasets\\full_yolo\\train_valid\\labels",
        "random_seed": 1010,
        "data_augmentation": true,
        "samples": "all",
        "show_image": false,
        "verbose": false,
        "save_path": "..\\..\\results\\params_comparison/run_2/train"
    }
}