{
    "model_name": "yolov8m",
    "MAE": 8.053846153846154,
    "MAPE": 10.761270482706802,
    "RMSE": 12.120865671039533,
    "pred": [
        46,
        44,
        16,
        12,
        19,
        33,
        22,
        58,
        115,
        264,
        104,
        50,
        77,
        30,
        57,
        84,
        95,
        74,
        95,
        93,
        81,
        158,
        157,
        74,
        110,
        55,
        26,
        14,
        23,
        64,
        90,
        86,
        105,
        115,
        86,
        90,
        80,
        86,
        112,
        113,
        112,
        114,
        119,
        47,
        57,
        62,
        109,
        72,
        44,
        59,
        39,
        73,
        20,
        30,
        66,
        47,
        23,
        32,
        30,
        33,
        56,
        66,
        26,
        29,
        37,
        21,
        75,
        24,
        46,
        111,
        154,
        66,
        51,
        93,
        94,
        91,
        90,
        128,
        41,
        43,
        73,
        82,
        217,
        75,
        55,
        54,
        43,
        60,
        36,
        70,
        0,
        33,
        24,
        43,
        19,
        42,
        32,
        94,
        40,
        75,
        46,
        69,
        79,
        43,
        45,
        43,
        144,
        162,
        97,
        66,
        54,
        87,
        43,
        11,
        16,
        47,
        46,
        76,
        33,
        65,
        39,
        104,
        210,
        50,
        235,
        26,
        76,
        59,
        81,
        64
    ],
    "real": [
        47,
        43,
        17,
        12,
        18,
        32,
        21,
        62,
        147,
        290,
        115,
        60,
        92,
        52,
        71,
        97,
        100,
        83,
        106,
        95,
        83,
        167,
        167,
        75,
        111,
        64,
        30,
        18,
        35,
        64,
        99,
        96,
        113,
        121,
        93,
        91,
        93,
        96,
        120,
        123,
        122,
        127,
        125,
        49,
        56,
        58,
        124,
        75,
        44,
        61,
        40,
        73,
        19,
        29,
        71,
        48,
        26,
        32,
        32,
        37,
        65,
        69,
        30,
        30,
        41,
        26,
        79,
        26,
        49,
        117,
        185,
        95,
        57,
        95,
        100,
        102,
        102,
        136,
        43,
        49,
        76,
        83,
        240,
        76,
        58,
        58,
        47,
        61,
        47,
        72,
        18,
        35,
        31,
        55,
        38,
        51,
        36,
        98,
        48,
        84,
        46,
        76,
        96,
        46,
        54,
        58,
        173,
        202,
        131,
        74,
        56,
        110,
        43,
        16,
        23,
        48,
        50,
        81,
        39,
        68,
        46,
        119,
        268,
        54,
        263,
        29,
        77,
        70,
        92,
        68
    ],
    "save_path": "..\\..\\results\\params_comparison/run_2/train/yolov8m_0.5g_0.5r_0.55c_alls.json",
    "args": {
        "model_name": "yolov8m",
        "grid_scale": 0.5,
        "confiance": 0.55,
        "resize_scale": 0.5,
        "images_path": "..\\..\\data\\datasets\\full_yolo\\train_valid\\images",
        "annotations_path": "..\\..\\data\\datasets\\full_yolo\\train_valid\\labels",
        "random_seed": 1010,
        "data_augmentation": true,
        "samples": "all",
        "show_image": false,
        "verbose": false,
        "save_path": "..\\..\\results\\params_comparison/run_2/train"
    }
}