{
    "model_name": "yolov8l",
    "MAE": 4.1,
    "MAPE": 6.637138284947806,
    "RMSE": 5.47792773845113,
    "pred": [
        54,
        44,
        17,
        13,
        19,
        37,
        27,
        68,
        156,
        304,
        116,
        58,
        88,
        49,
        74,
        103,
        107,
        83,
        110,
        101,
        86,
        175,
        169,
        74,
        120,
        65,
        28,
        15,
        33,
        78,
        99,
        100,
        123,
        125,
        95,
        98,
        95,
        102,
        124,
        126,
        122,
        125,
        133,
        53,
        62,
        64,
        131,
        82,
        46,
        64,
        46,
        80,
        22,
        32,
        74,
        46,
        29,
        30,
        31,
        41,
        62,
        70,
        27,
        31,
        48,
        25,
        85,
        28,
        55,
        129,
        169,
        86,
        56,
        98,
        101,
        102,
        103,
        138,
        45,
        50,
        75,
        88,
        247,
        77,
        59,
        59,
        51,
        66,
        48,
        75,
        4,
        37,
        30,
        50,
        27,
        53,
        35,
        103,
        46,
        81,
        48,
        76,
        90,
        49,
        52,
        52,
        159,
        200,
        110,
        77,
        58,
        103,
        49,
        16,
        25,
        50,
        54,
        86,
        41,
        75,
        45,
        125,
        266,
        58,
        264,
        30,
        78,
        73,
        101,
        72
    ],
    "real": [
        47,
        43,
        17,
        12,
        18,
        32,
        21,
        62,
        147,
        290,
        115,
        60,
        92,
        52,
        71,
        97,
        100,
        83,
        106,
        95,
        83,
        167,
        167,
        75,
        111,
        64,
        30,
        18,
        35,
        64,
        99,
        96,
        113,
        121,
        93,
        91,
        93,
        96,
        120,
        123,
        122,
        127,
        125,
        49,
        56,
        58,
        124,
        75,
        44,
        61,
        40,
        73,
        19,
        29,
        71,
        48,
        26,
        32,
        32,
        37,
        65,
        69,
        30,
        30,
        41,
        26,
        79,
        26,
        49,
        117,
        185,
        95,
        57,
        95,
        100,
        102,
        102,
        136,
        43,
        49,
        76,
        83,
        240,
        76,
        58,
        58,
        47,
        61,
        47,
        72,
        18,
        35,
        31,
        55,
        38,
        51,
        36,
        98,
        48,
        84,
        46,
        76,
        96,
        46,
        54,
        58,
        173,
        202,
        131,
        74,
        56,
        110,
        43,
        16,
        23,
        48,
        50,
        81,
        39,
        68,
        46,
        119,
        268,
        54,
        263,
        29,
        77,
        70,
        92,
        68
    ],
    "save_path": "..\\..\\results\\params_comparison/run_2/train/yolov8l_0.3g_0.5r_0.45c_alls.json",
    "args": {
        "model_name": "yolov8l",
        "grid_scale": 0.3,
        "confiance": 0.45,
        "resize_scale": 0.5,
        "images_path": "..\\..\\data\\datasets\\full_yolo\\train_valid\\images",
        "annotations_path": "..\\..\\data\\datasets\\full_yolo\\train_valid\\labels",
        "random_seed": 1010,
        "data_augmentation": true,
        "samples": "all",
        "show_image": false,
        "verbose": false,
        "save_path": "..\\..\\results\\params_comparison/run_2/train"
    }
}