{
    "model_name": "yolov8n",
    "MAE": 10.607692307692307,
    "MAPE": 12.856710390849406,
    "RMSE": 16.697074824420824,
    "pred": [
        44,
        43,
        16,
        11,
        18,
        33,
        24,
        50,
        113,
        235,
        97,
        47,
        82,
        32,
        58,
        87,
        91,
        76,
        90,
        90,
        81,
        152,
        157,
        73,
        105,
        54,
        25,
        13,
        30,
        63,
        81,
        85,
        104,
        108,
        84,
        88,
        84,
        87,
        107,
        106,
        110,
        111,
        117,
        47,
        53,
        59,
        107,
        67,
        40,
        57,
        40,
        71,
        20,
        30,
        63,
        45,
        26,
        34,
        26,
        36,
        65,
        64,
        26,
        27,
        39,
        22,
        75,
        22,
        43,
        102,
        142,
        65,
        52,
        91,
        87,
        91,
        90,
        118,
        42,
        46,
        71,
        80,
        204,
        72,
        53,
        54,
        45,
        52,
        37,
        73,
        0,
        34,
        26,
        43,
        24,
        47,
        29,
        91,
        37,
        73,
        41,
        68,
        73,
        38,
        47,
        45,
        93,
        157,
        86,
        67,
        52,
        90,
        40,
        16,
        15,
        42,
        39,
        71,
        31,
        62,
        35,
        96,
        199,
        48,
        214,
        25,
        74,
        60,
        70,
        61
    ],
    "real": [
        47,
        43,
        17,
        12,
        18,
        32,
        21,
        62,
        147,
        290,
        115,
        60,
        92,
        52,
        71,
        97,
        100,
        83,
        106,
        95,
        83,
        167,
        167,
        75,
        111,
        64,
        30,
        18,
        35,
        64,
        99,
        96,
        113,
        121,
        93,
        91,
        93,
        96,
        120,
        123,
        122,
        127,
        125,
        49,
        56,
        58,
        124,
        75,
        44,
        61,
        40,
        73,
        19,
        29,
        71,
        48,
        26,
        32,
        32,
        37,
        65,
        69,
        30,
        30,
        41,
        26,
        79,
        26,
        49,
        117,
        185,
        95,
        57,
        95,
        100,
        102,
        102,
        136,
        43,
        49,
        76,
        83,
        240,
        76,
        58,
        58,
        47,
        61,
        47,
        72,
        18,
        35,
        31,
        55,
        38,
        51,
        36,
        98,
        48,
        84,
        46,
        76,
        96,
        46,
        54,
        58,
        173,
        202,
        131,
        74,
        56,
        110,
        43,
        16,
        23,
        48,
        50,
        81,
        39,
        68,
        46,
        119,
        268,
        54,
        263,
        29,
        77,
        70,
        92,
        68
    ],
    "save_path": "..\\..\\results\\params_comparison/run_2/train/yolov8n_0.5g_0.5r_0.55c_alls.json",
    "args": {
        "model_name": "yolov8n",
        "grid_scale": 0.5,
        "confiance": 0.55,
        "resize_scale": 0.5,
        "images_path": "..\\..\\data\\datasets\\full_yolo\\train_valid\\images",
        "annotations_path": "..\\..\\data\\datasets\\full_yolo\\train_valid\\labels",
        "random_seed": 1010,
        "data_augmentation": true,
        "samples": "all",
        "show_image": false,
        "verbose": false,
        "save_path": "..\\..\\results\\params_comparison/run_2/train"
    }
}