{
    "model_name": "yolov8m",
    "MAE": 12.346153846153847,
    "MAPE": 15.911693278680497,
    "RMSE": 17.593923776297142,
    "pred": [
        46,
        41,
        15,
        11,
        15,
        30,
        20,
        56,
        117,
        240,
        100,
        42,
        74,
        25,
        47,
        79,
        86,
        70,
        93,
        86,
        75,
        155,
        151,
        75,
        104,
        44,
        23,
        14,
        21,
        65,
        79,
        87,
        94,
        109,
        82,
        82,
        79,
        85,
        106,
        100,
        104,
        112,
        107,
        45,
        56,
        60,
        94,
        68,
        39,
        54,
        36,
        71,
        18,
        28,
        60,
        46,
        23,
        32,
        32,
        35,
        49,
        64,
        28,
        27,
        34,
        19,
        69,
        20,
        38,
        102,
        141,
        66,
        50,
        84,
        87,
        83,
        86,
        123,
        39,
        42,
        68,
        73,
        206,
        76,
        51,
        53,
        43,
        58,
        30,
        70,
        0,
        31,
        24,
        42,
        21,
        41,
        30,
        88,
        35,
        70,
        42,
        66,
        65,
        38,
        46,
        47,
        120,
        157,
        85,
        69,
        53,
        80,
        42,
        10,
        13,
        42,
        38,
        72,
        32,
        61,
        39,
        100,
        186,
        48,
        211,
        19,
        73,
        55,
        77,
        62
    ],
    "real": [
        47,
        43,
        17,
        12,
        18,
        32,
        21,
        62,
        147,
        290,
        115,
        60,
        92,
        52,
        71,
        97,
        100,
        83,
        106,
        95,
        83,
        167,
        167,
        75,
        111,
        64,
        30,
        18,
        35,
        64,
        99,
        96,
        113,
        121,
        93,
        91,
        93,
        96,
        120,
        123,
        122,
        127,
        125,
        49,
        56,
        58,
        124,
        75,
        44,
        61,
        40,
        73,
        19,
        29,
        71,
        48,
        26,
        32,
        32,
        37,
        65,
        69,
        30,
        30,
        41,
        26,
        79,
        26,
        49,
        117,
        185,
        95,
        57,
        95,
        100,
        102,
        102,
        136,
        43,
        49,
        76,
        83,
        240,
        76,
        58,
        58,
        47,
        61,
        47,
        72,
        18,
        35,
        31,
        55,
        38,
        51,
        36,
        98,
        48,
        84,
        46,
        76,
        96,
        46,
        54,
        58,
        173,
        202,
        131,
        74,
        56,
        110,
        43,
        16,
        23,
        48,
        50,
        81,
        39,
        68,
        46,
        119,
        268,
        54,
        263,
        29,
        77,
        70,
        92,
        68
    ],
    "save_path": "..\\..\\results\\params_comparison/run_2/train/yolov8m_0.5g_0.5r_0.6c_alls.json",
    "args": {
        "model_name": "yolov8m",
        "grid_scale": 0.5,
        "confiance": 0.6,
        "resize_scale": 0.5,
        "images_path": "..\\..\\data\\datasets\\full_yolo\\train_valid\\images",
        "annotations_path": "..\\..\\data\\datasets\\full_yolo\\train_valid\\labels",
        "random_seed": 1010,
        "data_augmentation": true,
        "samples": "all",
        "show_image": false,
        "verbose": false,
        "save_path": "..\\..\\results\\params_comparison/run_2/train"
    }
}