{
    "model_name": "yolov8m",
    "MAE": 3.5692307692307694,
    "MAPE": 6.051017894609352,
    "RMSE": 5.553931386518369,
    "pred": [
        49,
        44,
        17,
        13,
        19,
        35,
        25,
        64,
        146,
        293,
        113,
        61,
        87,
        38,
        63,
        98,
        107,
        86,
        106,
        100,
        84,
        171,
        171,
        77,
        117,
        63,
        26,
        16,
        33,
        72,
        98,
        94,
        116,
        124,
        95,
        96,
        90,
        96,
        120,
        119,
        121,
        126,
        124,
        51,
        57,
        64,
        124,
        77,
        43,
        62,
        45,
        77,
        21,
        33,
        72,
        46,
        27,
        33,
        30,
        37,
        57,
        71,
        29,
        32,
        43,
        23,
        85,
        24,
        49,
        123,
        172,
        91,
        60,
        100,
        100,
        103,
        96,
        134,
        46,
        53,
        77,
        83,
        238,
        78,
        54,
        57,
        46,
        63,
        45,
        76,
        0,
        35,
        31,
        47,
        22,
        42,
        33,
        98,
        45,
        81,
        47,
        76,
        82,
        48,
        50,
        55,
        154,
        189,
        107,
        74,
        56,
        91,
        44,
        15,
        20,
        45,
        46,
        82,
        34,
        67,
        45,
        117,
        256,
        51,
        257,
        27,
        79,
        68,
        93,
        72
    ],
    "real": [
        47,
        43,
        17,
        12,
        18,
        32,
        21,
        62,
        147,
        290,
        115,
        60,
        92,
        52,
        71,
        97,
        100,
        83,
        106,
        95,
        83,
        167,
        167,
        75,
        111,
        64,
        30,
        18,
        35,
        64,
        99,
        96,
        113,
        121,
        93,
        91,
        93,
        96,
        120,
        123,
        122,
        127,
        125,
        49,
        56,
        58,
        124,
        75,
        44,
        61,
        40,
        73,
        19,
        29,
        71,
        48,
        26,
        32,
        32,
        37,
        65,
        69,
        30,
        30,
        41,
        26,
        79,
        26,
        49,
        117,
        185,
        95,
        57,
        95,
        100,
        102,
        102,
        136,
        43,
        49,
        76,
        83,
        240,
        76,
        58,
        58,
        47,
        61,
        47,
        72,
        18,
        35,
        31,
        55,
        38,
        51,
        36,
        98,
        48,
        84,
        46,
        76,
        96,
        46,
        54,
        58,
        173,
        202,
        131,
        74,
        56,
        110,
        43,
        16,
        23,
        48,
        50,
        81,
        39,
        68,
        46,
        119,
        268,
        54,
        263,
        29,
        77,
        70,
        92,
        68
    ],
    "save_path": "..\\..\\results\\params_comparison/run_2/train/yolov8m_0.4g_0.5r_0.45c_alls.json",
    "args": {
        "model_name": "yolov8m",
        "grid_scale": 0.4,
        "confiance": 0.45,
        "resize_scale": 0.5,
        "images_path": "..\\..\\data\\datasets\\full_yolo\\train_valid\\images",
        "annotations_path": "..\\..\\data\\datasets\\full_yolo\\train_valid\\labels",
        "random_seed": 1010,
        "data_augmentation": true,
        "samples": "all",
        "show_image": false,
        "verbose": false,
        "save_path": "..\\..\\results\\params_comparison/run_2/train"
    }
}