{
    "model_name": "yolov8m",
    "MAE": 3.4,
    "MAPE": 5.735631756360249,
    "RMSE": 5.3679963315360615,
    "pred": [
        51,
        47,
        18,
        12,
        17,
        34,
        25,
        63,
        146,
        313,
        113,
        61,
        90,
        34,
        73,
        99,
        112,
        85,
        109,
        101,
        83,
        170,
        167,
        78,
        113,
        62,
        30,
        18,
        31,
        76,
        99,
        99,
        118,
        125,
        96,
        94,
        94,
        97,
        122,
        122,
        120,
        127,
        129,
        51,
        61,
        63,
        122,
        78,
        45,
        62,
        42,
        76,
        21,
        32,
        72,
        50,
        30,
        34,
        33,
        36,
        64,
        72,
        31,
        33,
        43,
        24,
        79,
        25,
        50,
        129,
        181,
        92,
        60,
        100,
        104,
        104,
        104,
        137,
        45,
        49,
        84,
        84,
        242,
        79,
        56,
        59,
        49,
        61,
        44,
        74,
        1,
        36,
        31,
        46,
        23,
        49,
        35,
        98,
        50,
        84,
        50,
        79,
        90,
        51,
        49,
        55,
        159,
        198,
        109,
        80,
        57,
        98,
        46,
        15,
        22,
        50,
        52,
        88,
        30,
        70,
        46,
        128,
        271,
        55,
        261,
        28,
        76,
        69,
        92,
        71
    ],
    "real": [
        47,
        43,
        17,
        12,
        18,
        32,
        21,
        62,
        147,
        290,
        115,
        60,
        92,
        52,
        71,
        97,
        100,
        83,
        106,
        95,
        83,
        167,
        167,
        75,
        111,
        64,
        30,
        18,
        35,
        64,
        99,
        96,
        113,
        121,
        93,
        91,
        93,
        96,
        120,
        123,
        122,
        127,
        125,
        49,
        56,
        58,
        124,
        75,
        44,
        61,
        40,
        73,
        19,
        29,
        71,
        48,
        26,
        32,
        32,
        37,
        65,
        69,
        30,
        30,
        41,
        26,
        79,
        26,
        49,
        117,
        185,
        95,
        57,
        95,
        100,
        102,
        102,
        136,
        43,
        49,
        76,
        83,
        240,
        76,
        58,
        58,
        47,
        61,
        47,
        72,
        18,
        35,
        31,
        55,
        38,
        51,
        36,
        98,
        48,
        84,
        46,
        76,
        96,
        46,
        54,
        58,
        173,
        202,
        131,
        74,
        56,
        110,
        43,
        16,
        23,
        48,
        50,
        81,
        39,
        68,
        46,
        119,
        268,
        54,
        263,
        29,
        77,
        70,
        92,
        68
    ],
    "save_path": "..\\..\\results\\params_comparison/run_2/train/yolov8m_0.4g_0.5r_0.4c_alls.json",
    "args": {
        "model_name": "yolov8m",
        "grid_scale": 0.4,
        "confiance": 0.4,
        "resize_scale": 0.5,
        "images_path": "..\\..\\data\\datasets\\full_yolo\\train_valid\\images",
        "annotations_path": "..\\..\\data\\datasets\\full_yolo\\train_valid\\labels",
        "random_seed": 1010,
        "data_augmentation": true,
        "samples": "all",
        "show_image": false,
        "verbose": false,
        "save_path": "..\\..\\results\\params_comparison/run_2/train"
    }
}