epoch,train_loss_bbox,step,train_cardinality_error,train_loss_giou,train_loss_ce,training_loss
0,0.0,4,101.0,0.0,0.0009595872834324837,0.0009595872834324837
0,0.0,9,90.0,0.0,0.0006667089182883501,0.0006667089182883501
0,0.0,14,131.0,0.0,0.0006545741343870759,0.0006545741343870759
0,0.0,19,83.5,0.0,0.00041211367351934314,0.00041211367351934314
0,0.13939224183559418,24,53.5,0.4726848006248474,1.273978590965271,2.916309356689453
0,0.13539621233940125,29,91.0,0.5339258313179016,1.1945561170578003,2.9393887519836426
0,0.17583787441253662,34,94.0,0.6205823421478271,1.2321155071258545,3.3524694442749023
0,0.13117896020412445,39,64.5,0.5534350275993347,1.1647143363952637,2.9274792671203613
