{
    "model_name": "yolov8s",
    "MAE": 3.223076923076923,
    "MAPE": 5.689673520150145,
    "RMSE": 5.020726272930273,
    "pred": [
        50,
        44,
        17,
        14,
        18,
        34,
        26,
        67,
        150,
        293,
        114,
        61,
        90,
        36,
        73,
        101,
        103,
        82,
        105,
        98,
        85,
        175,
        168,
        78,
        115,
        65,
        30,
        18,
        31,
        70,
        98,
        95,
        113,
        118,
        95,
        97,
        93,
        95,
        122,
        118,
        119,
        124,
        123,
        50,
        62,
        62,
        127,
        77,
        44,
        63,
        39,
        81,
        23,
        32,
        74,
        52,
        29,
        33,
        34,
        34,
        66,
        72,
        31,
        32,
        42,
        24,
        82,
        23,
        49,
        118,
        184,
        88,
        56,
        100,
        98,
        105,
        96,
        136,
        48,
        49,
        77,
        83,
        239,
        79,
        57,
        61,
        47,
        61,
        41,
        79,
        0,
        36,
        33,
        49,
        25,
        45,
        34,
        97,
        48,
        86,
        48,
        77,
        92,
        45,
        51,
        51,
        153,
        186,
        112,
        77,
        56,
        92,
        44,
        14,
        23,
        49,
        50,
        85,
        34,
        68,
        44,
        118,
        264,
        52,
        259,
        26,
        76,
        68,
        88,
        71
    ],
    "real": [
        47,
        43,
        17,
        12,
        18,
        32,
        21,
        62,
        147,
        290,
        115,
        60,
        92,
        52,
        71,
        97,
        100,
        83,
        106,
        95,
        83,
        167,
        167,
        75,
        111,
        64,
        30,
        18,
        35,
        64,
        99,
        96,
        113,
        121,
        93,
        91,
        93,
        96,
        120,
        123,
        122,
        127,
        125,
        49,
        56,
        58,
        124,
        75,
        44,
        61,
        40,
        73,
        19,
        29,
        71,
        48,
        26,
        32,
        32,
        37,
        65,
        69,
        30,
        30,
        41,
        26,
        79,
        26,
        49,
        117,
        185,
        95,
        57,
        95,
        100,
        102,
        102,
        136,
        43,
        49,
        76,
        83,
        240,
        76,
        58,
        58,
        47,
        61,
        47,
        72,
        18,
        35,
        31,
        55,
        38,
        51,
        36,
        98,
        48,
        84,
        46,
        76,
        96,
        46,
        54,
        58,
        173,
        202,
        131,
        74,
        56,
        110,
        43,
        16,
        23,
        48,
        50,
        81,
        39,
        68,
        46,
        119,
        268,
        54,
        263,
        29,
        77,
        70,
        92,
        68
    ],
    "save_path": "..\\..\\results\\params_comparison/run_2/train/yolov8s_0.5g_0.5r_0.4c_alls.json",
    "args": {
        "model_name": "yolov8s",
        "grid_scale": 0.5,
        "confiance": 0.4,
        "resize_scale": 0.5,
        "images_path": "..\\..\\data\\datasets\\full_yolo\\train_valid\\images",
        "annotations_path": "..\\..\\data\\datasets\\full_yolo\\train_valid\\labels",
        "random_seed": 1010,
        "data_augmentation": true,
        "samples": "all",
        "show_image": false,
        "verbose": false,
        "save_path": "..\\..\\results\\params_comparison/run_2/train"
    }
}