{
    "model_name": "yolov8n",
    "MAE": 3.4692307692307693,
    "MAPE": 5.8696742572990015,
    "RMSE": 6.223404954746978,
    "pred": [
        55,
        48,
        19,
        13,
        20,
        34,
        26,
        60,
        150,
        293,
        109,
        56,
        88,
        46,
        73,
        98,
        106,
        82,
        107,
        97,
        86,
        169,
        169,
        79,
        116,
        62,
        31,
        16,
        34,
        76,
        98,
        99,
        116,
        124,
        97,
        94,
        93,
        98,
        124,
        121,
        122,
        126,
        125,
        51,
        60,
        65,
        128,
        80,
        45,
        62,
        42,
        75,
        21,
        34,
        71,
        49,
        26,
        34,
        32,
        36,
        69,
        71,
        29,
        33,
        43,
        23,
        83,
        28,
        52,
        124,
        180,
        88,
        60,
        96,
        95,
        103,
        101,
        138,
        43,
        50,
        78,
        87,
        240,
        77,
        59,
        62,
        47,
        67,
        43,
        74,
        2,
        37,
        30,
        50,
        26,
        49,
        38,
        96,
        46,
        82,
        46,
        75,
        93,
        46,
        47,
        52,
        122,
        187,
        119,
        72,
        60,
        95,
        45,
        19,
        21,
        50,
        50,
        80,
        35,
        70,
        47,
        117,
        257,
        52,
        260,
        27,
        77,
        67,
        91,
        70
    ],
    "real": [
        47,
        43,
        17,
        12,
        18,
        32,
        21,
        62,
        147,
        290,
        115,
        60,
        92,
        52,
        71,
        97,
        100,
        83,
        106,
        95,
        83,
        167,
        167,
        75,
        111,
        64,
        30,
        18,
        35,
        64,
        99,
        96,
        113,
        121,
        93,
        91,
        93,
        96,
        120,
        123,
        122,
        127,
        125,
        49,
        56,
        58,
        124,
        75,
        44,
        61,
        40,
        73,
        19,
        29,
        71,
        48,
        26,
        32,
        32,
        37,
        65,
        69,
        30,
        30,
        41,
        26,
        79,
        26,
        49,
        117,
        185,
        95,
        57,
        95,
        100,
        102,
        102,
        136,
        43,
        49,
        76,
        83,
        240,
        76,
        58,
        58,
        47,
        61,
        47,
        72,
        18,
        35,
        31,
        55,
        38,
        51,
        36,
        98,
        48,
        84,
        46,
        76,
        96,
        46,
        54,
        58,
        173,
        202,
        131,
        74,
        56,
        110,
        43,
        16,
        23,
        48,
        50,
        81,
        39,
        68,
        46,
        119,
        268,
        54,
        263,
        29,
        77,
        70,
        92,
        68
    ],
    "save_path": "..\\..\\results\\params_comparison/run_2/train/yolov8n_0.4g_0.5r_0.45c_alls.json",
    "args": {
        "model_name": "yolov8n",
        "grid_scale": 0.4,
        "confiance": 0.45,
        "resize_scale": 0.5,
        "images_path": "..\\..\\data\\datasets\\full_yolo\\train_valid\\images",
        "annotations_path": "..\\..\\data\\datasets\\full_yolo\\train_valid\\labels",
        "random_seed": 1010,
        "data_augmentation": true,
        "samples": "all",
        "show_image": false,
        "verbose": false,
        "save_path": "..\\..\\results\\params_comparison/run_2/train"
    }
}